2026-10-05T08:43:14.9435640Z Current runner version: '2.337.0'
2026-10-05T08:43:14.9452840Z ##[group]Runner Image Provisioner
2026-10-05T08:43:14.9453440Z Hosted Compute Agent
2026-10-05T08:43:14.9453820Z Version: 20260828.587
2026-10-05T08:43:14.9454230Z Commit: abac92662cab4cc7352de4f9f9d2e2419aad9c29
2026-10-05T08:43:14.9454860Z Build Date: 2026-08-28T16:44:25Z
2026-10-05T08:43:14.9455350Z Worker ID: {dc66e5f7-14f2-4e3d-8592-41e46479e2e1}
2026-10-05T08:43:14.9455810Z Azure Region: westus
2026-10-05T08:43:14.9456170Z ##[endgroup]
2026-10-05T08:43:14.9457060Z ##[group]Operating System
2026-10-05T08:43:14.9457440Z macOS
2026-10-05T08:43:14.9457770Z 26.6.2
2026-10-05T08:43:14.9458090Z 25G83
2026-10-05T08:43:14.9458420Z ##[endgroup]
2026-10-05T08:43:14.9458820Z ##[group]Runner Image
2026-10-05T08:43:14.9459230Z Image: macos-26-arm64
2026-10-05T08:43:14.9459630Z Version: 20260907.0351.1
2026-10-05T08:43:14.9460510Z Included Software: https://github.com/actions/runner-images/blob/macos-26-arm64/20260907.0351/images/macos/macos-26-arm64-Readme.md
2026-10-05T08:43:14.9461590Z Image Release: https://github.com/actions/runner-images/releases/tag/macos-26-arm64%2F20260907.0351
2026-10-05T08:43:14.9462260Z ##[endgroup]
2026-10-05T08:43:14.9463140Z ##[group]GITHUB_TOKEN Permissions
2026-10-05T08:43:14.9464550Z Contents: write
2026-10-05T08:43:14.9464920Z Metadata: read
2026-10-05T08:43:14.9465280Z ##[endgroup]
2026-10-05T08:43:14.9466760Z Secret source: Actions
2026-10-05T08:43:14.9467370Z Cache mode: write
2026-10-05T08:43:14.9467810Z Prepare workflow directory
2026-10-05T08:43:14.9868800Z Prepare all required actions
2026-10-05T08:43:14.9905570Z Getting action download info
2026-10-05T08:43:15.1511620Z Download action repository 'actions/checkout@v5' (SHA:fbc6f3992d24b796d5a048ff273f7fcc4a7b6c09)
2026-10-05T08:43:15.3980680Z Download action repository 'actions/cache@v4' (SHA:0057852bfaa89a56745cba8c7296529d2fc39830)
2026-10-05T08:43:15.5016360Z Download action repository 'actions/upload-artifact@v5' (SHA:330a01c490aca151604b8cf639adc76d48f6c5d4)
2026-10-05T08:43:15.7292800Z Complete job name: Build IPA (macos-26)
2026-10-05T08:43:15.7728460Z ##[group]Run actions/checkout@v5
2026-10-05T08:43:15.7729020Z with:
2026-10-05T08:43:15.7729340Z   fetch-depth: 0
2026-10-05T08:43:15.7729740Z   submodules: false
2026-10-05T08:43:15.7730100Z   repository: decoder-dev/Telegram-iOS
2026-10-05T08:43:15.7732870Z   token: ***
2026-10-05T08:43:15.7733190Z   ssh-strict: true
2026-10-05T08:43:15.7733510Z   ssh-user: git
2026-10-05T08:43:15.7733840Z   persist-credentials: true
2026-10-05T08:43:15.7734190Z   clean: true
2026-10-05T08:43:15.7734510Z   sparse-checkout-cone-mode: true
2026-10-05T08:43:15.7734910Z   fetch-tags: false
2026-10-05T08:43:15.7735240Z   show-progress: true
2026-10-05T08:43:15.7735570Z   lfs: false
2026-10-05T08:43:15.7735890Z   set-safe-directory: true
2026-10-05T08:43:15.7736260Z   allow-unsafe-pr-checkout: false
2026-10-05T08:43:15.7736770Z env:
2026-10-05T08:43:15.7737090Z   BUILD_CONFIGURATION: release_arm64
2026-10-05T08:43:15.7737550Z   BAZEL_USER_ROOT: /private/var/tmp/_bazel_telegram_ios
2026-10-05T08:43:15.7738250Z   BAZEL_CACHE_DIR: /Users/runner/work/Telegram-iOS/Telegram-iOS/.telegram-bazel-cache
2026-10-05T08:43:15.7739010Z   BAZEL_REPO_CACHE: /Users/runner/work/Telegram-iOS/Telegram-iOS/.telegram-bazel-repo-cache
2026-10-05T08:43:15.7739600Z ##[endgroup]
2026-10-05T08:43:16.1612940Z Syncing repository: decoder-dev/Telegram-iOS
2026-10-05T08:43:16.1614400Z ##[group]Getting Git version info
2026-10-05T08:43:16.1615050Z Working directory is '/Users/runner/work/Telegram-iOS/Telegram-iOS'
2026-10-05T08:43:16.1615920Z [command]/opt/homebrew/bin/git version
2026-10-05T08:43:16.2128450Z git version 2.55.0
2026-10-05T08:43:16.2144580Z ##[endgroup]
2026-10-05T08:43:16.2150840Z Copying '/Users/runner/.gitconfig' to '/Users/runner/work/_temp/2fc43fc4-6b9b-48a3-9a41-d365abe48d4d/.gitconfig'
2026-10-05T08:43:16.2159960Z Temporarily overriding HOME='/Users/runner/work/_temp/2fc43fc4-6b9b-48a3-9a41-d365abe48d4d' before making global git config changes
2026-10-05T08:43:16.2161960Z Adding repository directory to the temporary git global config as a safe directory
2026-10-05T08:43:16.2162880Z [command]/opt/homebrew/bin/git config --global --add safe.directory /Users/runner/work/Telegram-iOS/Telegram-iOS
2026-10-05T08:43:16.2279560Z Deleting the contents of '/Users/runner/work/Telegram-iOS/Telegram-iOS'
2026-10-05T08:43:16.2284070Z ##[group]Initializing the repository
2026-10-05T08:43:16.2287540Z [command]/opt/homebrew/bin/git init /Users/runner/work/Telegram-iOS/Telegram-iOS
2026-10-05T08:43:16.2498070Z hint: Using 'master' as the name for the initial branch. This default branch name
2026-10-05T08:43:16.2499200Z hint: will change to "main" in Git 3.0. To configure the initial branch name
2026-10-05T08:43:16.2500050Z hint: to use in all of your new repositories, which will suppress this warning,
2026-10-05T08:43:16.2500690Z hint: call:
2026-10-05T08:43:16.2501070Z hint:
2026-10-05T08:43:16.2501630Z hint: 	git config --global init.defaultBranch <name>
2026-10-05T08:43:16.2502120Z hint:
2026-10-05T08:43:16.2545810Z hint: Names commonly chosen instead of 'master' are 'main', 'trunk' and
2026-10-05T08:43:16.2546780Z hint: 'development'. The just-created branch can be renamed via this command:
2026-10-05T08:43:16.2547390Z hint:
2026-10-05T08:43:16.2547700Z hint: 	git branch -m <name>
2026-10-05T08:43:16.2548040Z hint:
2026-10-05T08:43:16.2548530Z hint: Disable this message with "git config set advice.defaultBranchName false"
2026-10-05T08:43:16.2549390Z Initialized empty Git repository in /Users/runner/work/Telegram-iOS/Telegram-iOS/.git/
2026-10-05T08:43:16.2550910Z [command]/opt/homebrew/bin/git remote add origin https://github.com/decoder-dev/Telegram-iOS
2026-10-05T08:43:16.2590760Z ##[endgroup]
2026-10-05T08:43:16.2591650Z ##[group]Disabling automatic garbage collection
2026-10-05T08:43:16.2592870Z [command]/opt/homebrew/bin/git config --local gc.auto 0
2026-10-05T08:43:16.2662210Z ##[endgroup]
2026-10-05T08:43:16.2662850Z ##[group]Setting up auth
2026-10-05T08:43:16.2667350Z [command]/opt/homebrew/bin/git config --local --name-only --get-regexp core\.sshCommand
2026-10-05T08:43:16.2761480Z [command]/opt/homebrew/bin/git submodule foreach --recursive sh -c "git config --local --name-only --get-regexp 'core\.sshCommand' && git config --local --unset-all 'core.sshCommand' || :"
2026-10-05T08:43:16.3995460Z [command]/opt/homebrew/bin/git config --local --name-only --get-regexp http\.https\:\/\/github\.com\/\.extraheader
2026-10-05T08:43:16.4060710Z [command]/opt/homebrew/bin/git submodule foreach --recursive sh -c "git config --local --name-only --get-regexp 'http\.https\:\/\/github\.com\/\.extraheader' && git config --local --unset-all 'http.https://github.com/.extraheader' || :"
2026-10-05T08:43:16.4816140Z [command]/opt/homebrew/bin/git config --local --name-only --get-regexp ^includeIf\.gitdir:
2026-10-05T08:43:16.4881050Z [command]/opt/homebrew/bin/git submodule foreach --recursive git config --local --show-origin --name-only --get-regexp remote.origin.url
2026-10-05T08:43:16.5617320Z [command]/opt/homebrew/bin/git config --local http.https://github.com/.extraheader AUTHORIZATION: basic ***
2026-10-05T08:43:16.5686350Z ##[endgroup]
2026-10-05T08:43:16.5687140Z ##[group]Fetching the repository
2026-10-05T08:43:16.5691650Z [command]/opt/homebrew/bin/git -c protocol.version=2 fetch --prune --no-recurse-submodules origin +refs/heads/*:refs/remotes/origin/* +refs/tags/*:refs/tags/*
2026-10-05T08:44:01.2763810Z From https://github.com/decoder-dev/Telegram-iOS
2026-10-05T08:44:01.2765210Z  * [new branch]            arena/01a070bb-telegram-ios -> origin/arena/01a070bb-telegram-ios
2026-10-05T08:44:01.2765860Z  * [new branch]            dec/zalupa-mess  -> origin/dec/zalupa-mess
2026-10-05T08:44:01.2767250Z  * [new branch]            dependabot/npm_and_yarn/submodules/TelegramUniversalVideoContent/PlayerSource/browserslist-4.29.0 -> origin/dependabot/npm_and_yarn/submodules/TelegramUniversalVideoContent/PlayerSource/browserslist-4.29.0
2026-10-05T08:44:01.2769190Z  * [new branch]            dependabot/npm_and_yarn/submodules/TelegramUniversalVideoContent/PlayerSource/fast-uri-3.1.8 -> origin/dependabot/npm_and_yarn/submodules/TelegramUniversalVideoContent/PlayerSource/fast-uri-3.1.8
2026-10-05T08:44:01.2776820Z  * [new branch]            dependabot/npm_and_yarn/submodules/TelegramUniversalVideoContent/PlayerSource/nanoid-3.3.19 -> origin/dependabot/npm_and_yarn/submodules/TelegramUniversalVideoContent/PlayerSource/nanoid-3.3.19
2026-10-05T08:44:01.2778480Z  * [new branch]            dependabot/npm_and_yarn/submodules/TelegramUniversalVideoContent/PlayerSource/postcss-8.5.28 -> origin/dependabot/npm_and_yarn/submodules/TelegramUniversalVideoContent/PlayerSource/postcss-8.5.28
2026-10-05T08:44:01.2780170Z  * [new branch]            dependabot/npm_and_yarn/submodules/TelegramUniversalVideoContent/PlayerSource/postcss-selector-parser-6.1.4 -> origin/dependabot/npm_and_yarn/submodules/TelegramUniversalVideoContent/PlayerSource/postcss-selector-parser-6.1.4
2026-10-05T08:44:01.2781210Z  * [new branch]            master           -> origin/master
2026-10-05T08:44:01.2781810Z  * [new tag]               v12.9.2-4070-pre -> v12.9.2-4070-pre
2026-10-05T08:44:01.2782410Z  * [new tag]               v12.9.5-4093-pre -> v12.9.5-4093-pre
2026-10-05T08:44:01.2783080Z  * [new tag]               v12.9.5-4101-pre -> v12.9.5-4101-pre
2026-10-05T08:44:01.2783510Z  * [new tag]               v12.9.5-4102-pre -> v12.9.5-4102-pre
2026-10-05T08:44:01.2784080Z  * [new tag]               v12.9.5-4103-pre -> v12.9.5-4103-pre
2026-10-05T08:44:01.2784640Z  * [new tag]               v12.9.5-4104-pre -> v12.9.5-4104-pre
2026-10-05T08:44:01.2785270Z  * [new tag]               v12.9.5-4105-pre -> v12.9.5-4105-pre
2026-10-05T08:44:01.2785830Z  * [new tag]               v12.9.5-4106-pre -> v12.9.5-4106-pre
2026-10-05T08:44:01.2798330Z [command]/opt/homebrew/bin/git tag --list v12.9.5-4106-pre
2026-10-05T08:44:01.2895250Z v12.9.5-4106-pre
2026-10-05T08:44:01.2902800Z [command]/opt/homebrew/bin/git rev-parse refs/tags/v12.9.5-4106-pre
2026-10-05T08:44:01.2975900Z 13d8a91de7c5832832f3bb72a12c8f1fd0427ef0
2026-10-05T08:44:01.2977670Z ##[endgroup]
2026-10-05T08:44:01.2978150Z ##[group]Determining the checkout info
2026-10-05T08:44:01.2978690Z ##[endgroup]
2026-10-05T08:44:01.3006700Z [command]/opt/homebrew/bin/git sparse-checkout disable
2026-10-05T08:44:01.3093900Z [command]/opt/homebrew/bin/git config --local --unset-all extensions.worktreeConfig
2026-10-05T08:44:01.3168850Z ##[group]Checking out the ref
2026-10-05T08:44:01.3171710Z [command]/opt/homebrew/bin/git checkout --progress --force refs/tags/v12.9.5-4106-pre
2026-10-05T08:44:02.5038880Z Updating files:  25% (7607/29961)
2026-10-05T08:44:02.6750020Z Updating files:  26% (7790/29961)
2026-10-05T08:44:02.7383760Z Updating files:  27% (8090/29961)
2026-10-05T08:44:02.8033250Z Updating files:  28% (8390/29961)
2026-10-05T08:44:02.8541120Z Updating files:  29% (8689/29961)
2026-10-05T08:44:02.9115850Z Updating files:  30% (8989/29961)
2026-10-05T08:44:02.9541180Z Updating files:  31% (9288/29961)
2026-10-05T08:44:03.0120560Z Updating files:  32% (9588/29961)
2026-10-05T08:44:03.0448080Z Updating files:  33% (9888/29961)
2026-10-05T08:44:03.0798200Z Updating files:  34% (10187/29961)
2026-10-05T08:44:03.1146400Z Updating files:  35% (10487/29961)
2026-10-05T08:44:03.1610540Z Updating files:  36% (10786/29961)
2026-10-05T08:44:03.2004680Z Updating files:  37% (11086/29961)
2026-10-05T08:44:03.2431440Z Updating files:  38% (11386/29961)
2026-10-05T08:44:03.2882470Z Updating files:  39% (11685/29961)
2026-10-05T08:44:03.3423200Z Updating files:  40% (11985/29961)
2026-10-05T08:44:03.3599700Z Updating files:  41% (12285/29961)
2026-10-05T08:44:03.4152130Z Updating files:  41% (12380/29961)
2026-10-05T08:44:03.4762200Z Updating files:  42% (12584/29961)
2026-10-05T08:44:03.5260100Z Updating files:  43% (12884/29961)
2026-10-05T08:44:03.5699830Z Updating files:  44% (13183/29961)
2026-10-05T08:44:03.6160790Z Updating files:  45% (13483/29961)
2026-10-05T08:44:03.6608660Z Updating files:  46% (13783/29961)
2026-10-05T08:44:03.7139970Z Updating files:  47% (14082/29961)
2026-10-05T08:44:03.7538050Z Updating files:  48% (14382/29961)
2026-10-05T08:44:03.7981170Z Updating files:  49% (14681/29961)
2026-10-05T08:44:03.8456620Z Updating files:  50% (14981/29961)
2026-10-05T08:44:03.8842760Z Updating files:  51% (15281/29961)
2026-10-05T08:44:03.9253530Z Updating files:  52% (15580/29961)
2026-10-05T08:44:03.9748060Z Updating files:  53% (15880/29961)
2026-10-05T08:44:04.0381500Z Updating files:  54% (16179/29961)
2026-10-05T08:44:04.1055090Z Updating files:  55% (16479/29961)
2026-10-05T08:44:04.1580310Z Updating files:  56% (16779/29961)
2026-10-05T08:44:04.2142090Z Updating files:  57% (17078/29961)
2026-10-05T08:44:04.2730450Z Updating files:  58% (17378/29961)
2026-10-05T08:44:04.3152770Z Updating files:  59% (17677/29961)
2026-10-05T08:44:04.3604700Z Updating files:  60% (17977/29961)
2026-10-05T08:44:04.3651140Z Updating files:  60% (18239/29961)
2026-10-05T08:44:04.4244630Z Updating files:  61% (18277/29961)
2026-10-05T08:44:04.4594920Z Updating files:  62% (18576/29961)
2026-10-05T08:44:04.5078120Z Updating files:  63% (18876/29961)
2026-10-05T08:44:04.5556730Z Updating files:  64% (19176/29961)
2026-10-05T08:44:04.5970620Z Updating files:  65% (19475/29961)
2026-10-05T08:44:04.6543770Z Updating files:  66% (19775/29961)
2026-10-05T08:44:04.6943330Z Updating files:  67% (20074/29961)
2026-10-05T08:44:04.7378280Z Updating files:  68% (20374/29961)
2026-10-05T08:44:04.7783610Z Updating files:  69% (20674/29961)
2026-10-05T08:44:04.8258740Z Updating files:  70% (20973/29961)
2026-10-05T08:44:04.9104350Z Updating files:  71% (21273/29961)
2026-10-05T08:44:04.9830410Z Updating files:  72% (21572/29961)
2026-10-05T08:44:05.0914430Z Updating files:  73% (21872/29961)
2026-10-05T08:44:05.1675310Z Updating files:  74% (22172/29961)
2026-10-05T08:44:05.2339080Z Updating files:  75% (22471/29961)
2026-10-05T08:44:05.2898690Z Updating files:  76% (22771/29961)
2026-10-05T08:44:05.3419960Z Updating files:  77% (23070/29961)
2026-10-05T08:44:05.3627600Z Updating files:  78% (23370/29961)
2026-10-05T08:44:05.4104440Z Updating files:  78% (23439/29961)
2026-10-05T08:44:05.5800010Z Updating files:  79% (23670/29961)
2026-10-05T08:44:05.6406410Z Updating files:  80% (23969/29961)
2026-10-05T08:44:05.7336380Z Updating files:  81% (24269/29961)
2026-10-05T08:44:05.8706920Z Updating files:  82% (24569/29961)
2026-10-05T08:44:05.9195550Z Updating files:  83% (24868/29961)
2026-10-05T08:44:05.9748850Z Updating files:  84% (25168/29961)
2026-10-05T08:44:06.1255280Z Updating files:  85% (25467/29961)
2026-10-05T08:44:06.1607180Z Updating files:  86% (25767/29961)
2026-10-05T08:44:06.2020740Z Updating files:  87% (26067/29961)
2026-10-05T08:44:06.2490630Z Updating files:  88% (26366/29961)
2026-10-05T08:44:06.3062230Z Updating files:  89% (26666/29961)
2026-10-05T08:44:06.3507810Z Updating files:  90% (26965/29961)
2026-10-05T08:44:06.3597650Z Updating files:  91% (27265/29961)
2026-10-05T08:44:06.3971050Z Updating files:  91% (27322/29961)
2026-10-05T08:44:06.4381160Z Updating files:  92% (27565/29961)
2026-10-05T08:44:06.4759750Z Updating files:  93% (27864/29961)
2026-10-05T08:44:06.5277470Z Updating files:  94% (28164/29961)
2026-10-05T08:44:06.5731490Z Updating files:  95% (28463/29961)
2026-10-05T08:44:06.6072960Z Updating files:  96% (28763/29961)
2026-10-05T08:44:06.6501400Z Updating files:  97% (29063/29961)
2026-10-05T08:44:06.6869910Z Updating files:  98% (29362/29961)
2026-10-05T08:44:06.7483520Z Updating files:  99% (29662/29961)
2026-10-05T08:44:06.7484150Z Updating files: 100% (29961/29961)
2026-10-05T08:44:06.7484520Z Updating files: 100% (29961/29961), done.
2026-10-05T08:44:06.8099990Z HEAD is now at 13d8a91de7 Use native updatePeers in TelegramUserIdSearch.swift
2026-10-05T08:44:06.8232360Z ##[endgroup]
2026-10-05T08:44:06.8432720Z [command]/opt/homebrew/bin/git log -1 --format=%H
2026-10-05T08:44:06.8559320Z 13d8a91de7c5832832f3bb72a12c8f1fd0427ef0
2026-10-05T08:44:06.8998130Z ##[group]Run git config --file=.gitmodules submodule.submodules/rlottie/rlottie.url \
2026-10-05T08:44:06.9002210Z [36;1mgit config --file=.gitmodules submodule.submodules/rlottie/rlottie.url \[0m
2026-10-05T08:44:06.9002900Z [36;1m  https://github.com/TelegramMessenger/rlottie.git[0m
2026-10-05T08:44:06.9003330Z [36;1mgit config --file=.gitmodules submodule.submodules/TgVoipWebrtc/tgcalls.url \[0m
2026-10-05T08:44:06.9003830Z [36;1m  https://github.com/TelegramMessenger/tgcalls.git[0m
2026-10-05T08:44:06.9004200Z [36;1mgit submodule sync --recursive[0m
2026-10-05T08:44:06.9210220Z shell: /bin/bash -e {0}
2026-10-05T08:44:06.9244770Z env:
2026-10-05T08:44:06.9245120Z   BUILD_CONFIGURATION: release_arm64
2026-10-05T08:44:06.9245450Z   BAZEL_USER_ROOT: /private/var/tmp/_bazel_telegram_ios
2026-10-05T08:44:06.9245980Z   BAZEL_CACHE_DIR: /Users/runner/work/Telegram-iOS/Telegram-iOS/.telegram-bazel-cache
2026-10-05T08:44:06.9246530Z   BAZEL_REPO_CACHE: /Users/runner/work/Telegram-iOS/Telegram-iOS/.telegram-bazel-repo-cache
2026-10-05T08:44:06.9247000Z ##[endgroup]
2026-10-05T08:44:07.1410280Z ##[group]Run git submodule update --init --recursive --depth 1 --jobs 8
2026-10-05T08:44:07.1410970Z [36;1mgit submodule update --init --recursive --depth 1 --jobs 8[0m
2026-10-05T08:44:07.1444270Z shell: /bin/bash -e {0}
2026-10-05T08:44:07.1444630Z env:
2026-10-05T08:44:07.1444890Z   BUILD_CONFIGURATION: release_arm64
2026-10-05T08:44:07.1445270Z   BAZEL_USER_ROOT: /private/var/tmp/_bazel_telegram_ios
2026-10-05T08:44:07.1445700Z   BAZEL_CACHE_DIR: /Users/runner/work/Telegram-iOS/Telegram-iOS/.telegram-bazel-cache
2026-10-05T08:44:07.1446330Z   BAZEL_REPO_CACHE: /Users/runner/work/Telegram-iOS/Telegram-iOS/.telegram-bazel-repo-cache
2026-10-05T08:44:07.1446800Z ##[endgroup]
2026-10-05T08:44:07.3263280Z Submodule 'build-system/bazel-rules/apple_support' (https://github.com/bazelbuild/apple_support.git) registered for path 'build-system/bazel-rules/apple_support'
2026-10-05T08:44:07.3270580Z Submodule 'build-system/bazel-rules/rules_apple' (https://github.com/ali-fareed/rules_apple.git) registered for path 'build-system/bazel-rules/rules_apple'
2026-10-05T08:44:07.3280840Z Submodule 'build-system/bazel-rules/rules_swift' (https://github.com/bazelbuild/rules_swift.git) registered for path 'build-system/bazel-rules/rules_swift'
2026-10-05T08:44:07.3290070Z Submodule 'build-system/bazel-rules/rules_xcodeproj' (https://github.com/MobileNativeFoundation/rules_xcodeproj.git) registered for path 'build-system/bazel-rules/rules_xcodeproj'
2026-10-05T08:44:07.3297020Z Submodule 'build-system/bazel-rules/sourcekit-bazel-bsp' (https://github.com/spotify/sourcekit-bazel-bsp.git) registered for path 'build-system/bazel-rules/sourcekit-bazel-bsp'
2026-10-05T08:44:07.3301380Z Submodule 'submodules/LottieCpp/lottiecpp' (https://github.com/ali-fareed/lottiecpp.git) registered for path 'submodules/LottieCpp/lottiecpp'
2026-10-05T08:44:07.3307820Z Submodule 'submodules/TgVoipWebrtc/tgcalls' (https://github.com/TelegramMessenger/tgcalls.git) registered for path 'submodules/TgVoipWebrtc/tgcalls'
2026-10-05T08:44:07.3321480Z Submodule 'submodules/rlottie/rlottie' (https://github.com/TelegramMessenger/rlottie.git) registered for path 'submodules/rlottie/rlottie'
2026-10-05T08:44:07.3332070Z Submodule 'third-party/XcodeGen' (https://github.com/yonaskolb/XcodeGen.git) registered for path 'third-party/XcodeGen'
2026-10-05T08:44:07.3348310Z Submodule 'third-party/dav1d/dav1d' (https://github.com/ali-fareed/dav1d.git) registered for path 'third-party/dav1d/dav1d'
2026-10-05T08:44:07.3365880Z Submodule 'third-party/libvpx/libvpx' (https://github.com/webmproject/libvpx.git) registered for path 'third-party/libvpx/libvpx'
2026-10-05T08:44:07.3405490Z Submodule 'third-party/td/td' (https://github.com/tdlib/td) registered for path 'third-party/td/td'
2026-10-05T08:44:07.3433540Z Submodule 'third-party/webrtc/webrtc' (https://github.com/ali-fareed/webrtc.git) registered for path 'third-party/webrtc/webrtc'
2026-10-05T08:44:07.3758710Z Cloning into '/Users/runner/work/Telegram-iOS/Telegram-iOS/build-system/bazel-rules/apple_support'...
2026-10-05T08:44:08.4215080Z Cloning into '/Users/runner/work/Telegram-iOS/Telegram-iOS/submodules/LottieCpp/lottiecpp'...
2026-10-05T08:44:08.4220390Z Cloning into '/Users/runner/work/Telegram-iOS/Telegram-iOS/build-system/bazel-rules/rules_swift'...
2026-10-05T08:44:08.4323580Z Cloning into '/Users/runner/work/Telegram-iOS/Telegram-iOS/submodules/TgVoipWebrtc/tgcalls'...
2026-10-05T08:44:08.4354040Z Cloning into '/Users/runner/work/Telegram-iOS/Telegram-iOS/build-system/bazel-rules/rules_apple'...
2026-10-05T08:44:08.6386700Z Cloning into '/Users/runner/work/Telegram-iOS/Telegram-iOS/build-system/bazel-rules/sourcekit-bazel-bsp'...
2026-10-05T08:44:08.6574170Z Cloning into '/Users/runner/work/Telegram-iOS/Telegram-iOS/third-party/dav1d/dav1d'...
2026-10-05T08:44:09.5449140Z Cloning into '/Users/runner/work/Telegram-iOS/Telegram-iOS/build-system/bazel-rules/rules_xcodeproj'...
2026-10-05T08:44:09.5450570Z Cloning into '/Users/runner/work/Telegram-iOS/Telegram-iOS/submodules/rlottie/rlottie'...
2026-10-05T08:44:09.5451180Z Cloning into '/Users/runner/work/Telegram-iOS/Telegram-iOS/third-party/XcodeGen'...
2026-10-05T08:44:09.6496010Z Cloning into '/Users/runner/work/Telegram-iOS/Telegram-iOS/third-party/webrtc/webrtc'...
2026-10-05T08:44:12.5752840Z Cloning into '/Users/runner/work/Telegram-iOS/Telegram-iOS/third-party/libvpx/libvpx'...
2026-10-05T08:44:12.5753770Z Cloning into '/Users/runner/work/Telegram-iOS/Telegram-iOS/third-party/td/td'...
2026-10-05T08:44:14.0373920Z From https://github.com/bazelbuild/apple_support
2026-10-05T08:44:14.0374720Z  * branch            a99414ad848c3aeb84640934352ecc85d8a937f5 -> FETCH_HEAD
2026-10-05T08:44:14.0780800Z Submodule path 'build-system/bazel-rules/apple_support': checked out 'a99414ad848c3aeb84640934352ecc85d8a937f5'
2026-10-05T08:44:15.4544050Z From https://github.com/ali-fareed/rules_apple
2026-10-05T08:44:15.4545440Z  * branch            1791d916de4083388f22e20248d8b010d23f0d6b -> FETCH_HEAD
2026-10-05T08:44:15.6915390Z Submodule path 'build-system/bazel-rules/rules_apple': checked out '1791d916de4083388f22e20248d8b010d23f0d6b'
2026-10-05T08:44:17.8186010Z From https://github.com/bazelbuild/rules_swift
2026-10-05T08:44:17.8187050Z  * branch            9dce728ed1e9168ec8c912fcd3443dad48a286fe -> FETCH_HEAD
2026-10-05T08:44:17.9077970Z Submodule path 'build-system/bazel-rules/rules_swift': checked out '9dce728ed1e9168ec8c912fcd3443dad48a286fe'
2026-10-05T08:44:19.3184920Z From https://github.com/MobileNativeFoundation/rules_xcodeproj
2026-10-05T08:44:19.3186570Z  * branch            997f2db058596f91663e54782b79490de87208da -> FETCH_HEAD
2026-10-05T08:44:19.5337710Z Submodule path 'build-system/bazel-rules/rules_xcodeproj': checked out '997f2db058596f91663e54782b79490de87208da'
2026-10-05T08:44:21.4227000Z From https://github.com/spotify/sourcekit-bazel-bsp
2026-10-05T08:44:21.4227680Z  * branch            feea27cfc88eccc58af0cfe5674444e945cfb75f -> FETCH_HEAD
2026-10-05T08:44:21.5163430Z Submodule path 'build-system/bazel-rules/sourcekit-bazel-bsp': checked out 'feea27cfc88eccc58af0cfe5674444e945cfb75f'
2026-10-05T08:44:21.5780060Z Submodule path 'submodules/LottieCpp/lottiecpp': checked out '4a3144b5d527429f7bbd0f07003cb372bf8939ce'
2026-10-05T08:44:23.0251650Z From https://github.com/TelegramMessenger/tgcalls
2026-10-05T08:44:23.0252240Z  * branch            e3069322a3d1e16ecb11a5e302242e59ddd7f09e -> FETCH_HEAD
2026-10-05T08:44:23.0760420Z Submodule path 'submodules/TgVoipWebrtc/tgcalls': checked out 'e3069322a3d1e16ecb11a5e302242e59ddd7f09e'
2026-10-05T08:44:23.1816240Z Submodule path 'submodules/rlottie/rlottie': checked out '67f103bc8b625f2a4a9e94f1d8c7bd84c5a08d1d'
2026-10-05T08:44:24.7646940Z From https://github.com/yonaskolb/XcodeGen
2026-10-05T08:44:24.7647730Z  * branch            53cb43cb66908a28812d7629d03fed94c9827a24 -> FETCH_HEAD
2026-10-05T08:44:24.8904800Z Submodule path 'third-party/XcodeGen': checked out '53cb43cb66908a28812d7629d03fed94c9827a24'
2026-10-05T08:44:25.0849050Z Submodule path 'third-party/dav1d/dav1d': checked out '330e20672e85f9de1678dccd6957845898ef57a1'
2026-10-05T08:44:27.0374650Z From https://github.com/webmproject/libvpx
2026-10-05T08:44:27.0375940Z  * branch            e7bfd8b6c230a6824e7fd1efa2378a7322986128 -> FETCH_HEAD
2026-10-05T08:44:27.3439690Z Submodule path 'third-party/libvpx/libvpx': checked out 'e7bfd8b6c230a6824e7fd1efa2378a7322986128'
2026-10-05T08:44:29.8630630Z From https://github.com/tdlib/td
2026-10-05T08:44:29.8634900Z  * branch            e894536b2f46caad93f997448d2daff9431b19dd -> FETCH_HEAD
2026-10-05T08:44:30.3772910Z Submodule path 'third-party/td/td': checked out 'e894536b2f46caad93f997448d2daff9431b19dd'
2026-10-05T08:44:31.6354940Z From https://github.com/ali-fareed/webrtc
2026-10-05T08:44:31.6355500Z  * branch            3817e906cb6c22ec9cc62023b073e1a668d9cb33 -> FETCH_HEAD
2026-10-05T08:44:33.0146210Z Submodule path 'third-party/webrtc/webrtc': checked out '3817e906cb6c22ec9cc62023b073e1a668d9cb33'
2026-10-05T08:44:33.0386790Z ##[group]Run mkdir -p third-party/libxray
2026-10-05T08:44:33.0387380Z [36;1mmkdir -p third-party/libxray[0m
2026-10-05T08:44:33.0387910Z [36;1mif [ ! -d third-party/libxray/LibXray.xcframework ]; then[0m
2026-10-05T08:44:33.0388600Z [36;1m  curl -sL -o /tmp/libxray-apple-cgo.zip "https://github.com/XTLS/libxray/releases/download/v26.9.9/libxray-apple-cgo.zip"[0m
2026-10-05T08:44:33.0389660Z [36;1m  echo "84a11f0923efb65be7631b3c4cac75bd4351fc13b9cc2394def6af5c1696e9fa  /tmp/libxray-apple-cgo.zip" | shasum -a 256 -c -[0m
2026-10-05T08:44:33.0390350Z [36;1m  unzip -q -o /tmp/libxray-apple-cgo.zip -d /tmp/libxray-extract[0m
2026-10-05T08:44:33.0390840Z [36;1m  XCFW=$(find /tmp/libxray-extract -name "LibXray.xcframework" -type d | head -1)[0m
2026-10-05T08:44:33.0391240Z [36;1m  if [ -z "$XCFW" ]; then[0m
2026-10-05T08:44:33.0391510Z [36;1m    echo "LibXray.xcframework not found in the archive"; exit 1[0m
2026-10-05T08:44:33.0391830Z [36;1m  fi[0m
2026-10-05T08:44:33.0392280Z [36;1m  # Keep only the slices the iOS app build needs (device + simulator).[0m
2026-10-05T08:44:33.0392690Z [36;1m  # gomobile names the simulator slice ios-arm64_x86_64-simulator (fat);[0m
2026-10-05T08:44:33.0393000Z [36;1m  # accept both known spellings.[0m
2026-10-05T08:44:33.0393360Z [36;1m  mkdir -p third-party/libxray/LibXray.xcframework[0m
2026-10-05T08:44:33.0393780Z [36;1m  cp "$XCFW/Info.plist" third-party/libxray/LibXray.xcframework/[0m
2026-10-05T08:44:33.0394160Z [36;1m  for slice in ios-arm64 ios-arm64-simulator ios-arm64_x86_64-simulator; do[0m
2026-10-05T08:44:33.0394470Z [36;1m    if [ -d "$XCFW/$slice" ]; then[0m
2026-10-05T08:44:33.0394750Z [36;1m      cp -R "$XCFW/$slice" third-party/libxray/LibXray.xcframework/[0m
2026-10-05T08:44:33.0395010Z [36;1m    fi[0m
2026-10-05T08:44:33.0395260Z [36;1m  done[0m
2026-10-05T08:44:33.0395620Z [36;1m  ls third-party/libxray/LibXray.xcframework[0m
2026-10-05T08:44:33.0396120Z [36;1m  echo "::warning::LibXray layout: $(find third-party/libxray -maxdepth 3 | tr '\n' '|' | head -c 900)"[0m
2026-10-05T08:44:33.0396930Z [36;1m  echo "::warning::LibXray binaries: $(find third-party/libxray -name '*.a' -o -name 'LibXray' -type f | head -5 | while read f; do echo -n "$f=$(file -b "$f" | head -c 60) "; done)"[0m
2026-10-05T08:44:33.0397450Z [36;1mfi[0m
2026-10-05T08:44:33.0615580Z shell: /bin/bash -e {0}
2026-10-05T08:44:33.0615970Z env:
2026-10-05T08:44:33.0616290Z   BUILD_CONFIGURATION: release_arm64
2026-10-05T08:44:33.0616960Z   BAZEL_USER_ROOT: /private/var/tmp/_bazel_telegram_ios
2026-10-05T08:44:33.0617480Z   BAZEL_CACHE_DIR: /Users/runner/work/Telegram-iOS/Telegram-iOS/.telegram-bazel-cache
2026-10-05T08:44:33.0618250Z   BAZEL_REPO_CACHE: /Users/runner/work/Telegram-iOS/Telegram-iOS/.telegram-bazel-repo-cache
2026-10-05T08:44:33.0618660Z ##[endgroup]
2026-10-05T08:44:34.6387660Z /tmp/libxray-apple-cgo.zip: OK
2026-10-05T08:44:37.0346680Z Info.plist
2026-10-05T08:44:37.0347010Z ios-arm64
2026-10-05T08:44:37.0347420Z ios-arm64_x86_64-simulator
2026-10-05T08:44:37.0415410Z ##[warning]LibXray layout: third-party/libxray|third-party/libxray/LibXray.xcframework|third-party/libxray/LibXray.xcframework/ios-arm64_x86_64-simulator|third-party/libxray/LibXray.xcframework/ios-arm64_x86_64-simulator/libXray.a|third-party/libxray/LibXray.xcframework/ios-arm64_x86_64-simulator/Headers|third-party/libxray/LibXray.xcframework/ios-arm64|third-party/libxray/LibXray.xcframework/ios-arm64/libXray.a|third-party/libxray/LibXray.xcframework/ios-arm64/Headers|third-party/libxray/LibXray.xcframework/Info.plist|third-party/libxray/BUILD|
2026-10-05T08:44:37.0653540Z ##[warning]LibXray binaries: third-party/libxray/LibXray.xcframework/ios-arm64_x86_64-simulator/libXray.a=Mach-O universal binary with 2 architectures: [x86_64:curren third-party/libxray/LibXray.xcframework/ios-arm64/libXray.a=current ar archive random library 
2026-10-05T08:44:37.0698460Z ##[group]Run cd submodules/TgVoipWebrtc/tgcalls
2026-10-05T08:44:37.0698840Z [36;1mcd submodules/TgVoipWebrtc/tgcalls[0m
2026-10-05T08:44:37.0699130Z [36;1mgit apply --check ../patches/vless-media-socks.patch[0m
2026-10-05T08:44:37.0699490Z [36;1mgit apply ../patches/vless-media-socks.patch[0m
2026-10-05T08:44:37.0736510Z shell: /bin/bash -e {0}
2026-10-05T08:44:37.0736810Z env:
2026-10-05T08:44:37.0737040Z   BUILD_CONFIGURATION: release_arm64
2026-10-05T08:44:37.0737410Z   BAZEL_USER_ROOT: /private/var/tmp/_bazel_telegram_ios
2026-10-05T08:44:37.0737970Z   BAZEL_CACHE_DIR: /Users/runner/work/Telegram-iOS/Telegram-iOS/.telegram-bazel-cache
2026-10-05T08:44:37.0738490Z   BAZEL_REPO_CACHE: /Users/runner/work/Telegram-iOS/Telegram-iOS/.telegram-bazel-repo-cache
2026-10-05T08:44:37.0739010Z ##[endgroup]
2026-10-05T08:44:37.1401630Z ##[group]Run set -euo pipefail
2026-10-05T08:44:37.1401980Z [36;1mset -euo pipefail[0m
2026-10-05T08:44:37.1402360Z [36;1mXCODE_VERSION="$(python3 -c 'import json; print(json.load(open("versions.json"))["xcode"])')"[0m
2026-10-05T08:44:37.1402860Z [36;1mDEVELOPER_DIR="/Applications/Xcode_${XCODE_VERSION}.app/Contents/Developer"[0m
2026-10-05T08:44:37.1403260Z [36;1mif [ ! -d "$DEVELOPER_DIR" ]; then[0m
2026-10-05T08:44:37.1403650Z [36;1m  CANDIDATE="$(ls -d /Applications/Xcode_26*.app 2>/dev/null | sort -V | tail -1 || true)"[0m
2026-10-05T08:44:37.1404090Z [36;1m  [ -n "$CANDIDATE" ] || { echo "::error::No Xcode 26.x found"; exit 1; }[0m
2026-10-05T08:44:37.1404430Z [36;1m  DEVELOPER_DIR="${CANDIDATE}/Contents/Developer"[0m
2026-10-05T08:44:37.1404780Z [36;1m  echo "::warning::using $(basename "$CANDIDATE") instead of ${XCODE_VERSION}"[0m
2026-10-05T08:44:37.1405090Z [36;1mfi[0m
2026-10-05T08:44:37.1405260Z [36;1msudo xcode-select -s "$DEVELOPER_DIR"[0m
2026-10-05T08:44:37.1405530Z [36;1mxcodebuild -version[0m
2026-10-05T08:44:37.1405730Z [36;1mecho "CPUS=$(sysctl -n hw.ncpu)"[0m
2026-10-05T08:44:37.1434900Z shell: /bin/bash -e {0}
2026-10-05T08:44:37.1435090Z env:
2026-10-05T08:44:37.1435240Z   BUILD_CONFIGURATION: release_arm64
2026-10-05T08:44:37.1435510Z   BAZEL_USER_ROOT: /private/var/tmp/_bazel_telegram_ios
2026-10-05T08:44:37.1435880Z   BAZEL_CACHE_DIR: /Users/runner/work/Telegram-iOS/Telegram-iOS/.telegram-bazel-cache
2026-10-05T08:44:37.1436360Z   BAZEL_REPO_CACHE: /Users/runner/work/Telegram-iOS/Telegram-iOS/.telegram-bazel-repo-cache
2026-10-05T08:44:37.1436710Z ##[endgroup]
2026-10-05T08:44:39.7176010Z Xcode 26.2
2026-10-05T08:44:39.7177550Z Build version 17C52
2026-10-05T08:44:39.7225190Z CPUS=3
2026-10-05T08:44:39.7278730Z ##[group]Run set -euo pipefail
2026-10-05T08:44:39.7279150Z [36;1mset -euo pipefail[0m
2026-10-05T08:44:39.7279430Z [36;1mif xcrun -f metal >/dev/null 2>&1; then[0m
2026-10-05T08:44:39.7279810Z [36;1m  echo "metal already available: $(xcrun -f metal)"[0m
2026-10-05T08:44:39.7280100Z [36;1melse[0m
2026-10-05T08:44:39.7280400Z [36;1m  sudo xcodebuild -downloadComponent MetalToolchain[0m
2026-10-05T08:44:39.7280860Z [36;1m  rm -f "$(getconf DARWIN_USER_TEMP_DIR)/xcrun_db" || true[0m
2026-10-05T08:44:39.7281130Z [36;1mfi[0m
2026-10-05T08:44:39.7281290Z [36;1mxcrun -f metal[0m
2026-10-05T08:44:39.7281970Z [36;1mxcrun metal -v[0m
2026-10-05T08:44:39.7320520Z shell: /bin/bash -e {0}
2026-10-05T08:44:39.7320740Z env:
2026-10-05T08:44:39.7321000Z   BUILD_CONFIGURATION: release_arm64
2026-10-05T08:44:39.7321280Z   BAZEL_USER_ROOT: /private/var/tmp/_bazel_telegram_ios
2026-10-05T08:44:39.7321840Z   BAZEL_CACHE_DIR: /Users/runner/work/Telegram-iOS/Telegram-iOS/.telegram-bazel-cache
2026-10-05T08:44:39.7322380Z   BAZEL_REPO_CACHE: /Users/runner/work/Telegram-iOS/Telegram-iOS/.telegram-bazel-repo-cache
2026-10-05T08:44:39.7322740Z ##[endgroup]
2026-10-05T08:44:41.6176590Z metal already available: /var/run/com.apple.security.cryptexd/mnt/com.apple.MobileAsset.MetalToolchain-v17.3.7003.10.KOdDyL/Metal.xctoolchain/usr/bin/metal
2026-10-05T08:44:41.6378530Z /var/run/com.apple.security.cryptexd/mnt/com.apple.MobileAsset.MetalToolchain-v17.3.7003.10.KOdDyL/Metal.xctoolchain/usr/bin/metal
2026-10-05T08:44:42.5800220Z Apple metal version 32023.864 (metalfe-32023.864)
2026-10-05T08:44:42.5948640Z Target: air64-apple-darwin25.6.0
2026-10-05T08:44:42.6032330Z Thread model: posix
2026-10-05T08:44:42.6194070Z InstalledDir: /private/var/run/com.apple.security.cryptexd/mnt/com.apple.MobileAsset.MetalToolchain-v17.3.7003.10.KOdDyL/Metal.xctoolchain/usr/metal/current/bin
2026-10-05T08:44:42.7033270Z ##[group]Run set -euo pipefail
2026-10-05T08:44:42.7033920Z [36;1mset -euo pipefail[0m
2026-10-05T08:44:42.7034250Z [36;1mdf -h /[0m
2026-10-05T08:44:42.7034680Z [36;1msudo rm -rf \[0m
2026-10-05T08:44:42.7035200Z [36;1m  /Users/runner/Library/Developer/CoreSimulator/Caches \[0m
2026-10-05T08:44:42.7035810Z [36;1m  /Library/Developer/CoreSimulator/Profiles/Runtimes/* \[0m
2026-10-05T08:44:42.7036470Z [36;1m  /Users/runner/.cargo \[0m
2026-10-05T08:44:42.7036750Z [36;1m  /Users/runner/.rustup \[0m
2026-10-05T08:44:42.7037180Z [36;1m  /usr/local/lib/android \[0m
2026-10-05T08:44:42.7037590Z [36;1m  /Users/runner/Library/Android || true[0m
2026-10-05T08:44:42.7038000Z [36;1mdf -h /[0m
2026-10-05T08:44:42.7145310Z shell: /bin/bash -e {0}
2026-10-05T08:44:42.7145650Z env:
2026-10-05T08:44:42.7145880Z   BUILD_CONFIGURATION: release_arm64
2026-10-05T08:44:42.7146290Z   BAZEL_USER_ROOT: /private/var/tmp/_bazel_telegram_ios
2026-10-05T08:44:42.7148370Z   BAZEL_CACHE_DIR: /Users/runner/work/Telegram-iOS/Telegram-iOS/.telegram-bazel-cache
2026-10-05T08:44:42.7150010Z   BAZEL_REPO_CACHE: /Users/runner/work/Telegram-iOS/Telegram-iOS/.telegram-bazel-repo-cache
2026-10-05T08:44:42.7151260Z ##[endgroup]
2026-10-05T08:44:42.8388960Z Filesystem        Size    Used   Avail Capacity iused ifree %iused  Mounted on
2026-10-05T08:44:42.8489070Z /dev/disk2s1s1   320Gi    12Gi    93Gi    12%    459k  979M    0%   /
2026-10-05T08:45:07.1461480Z Filesystem        Size    Used   Avail Capacity iused ifree %iused  Mounted on
2026-10-05T08:45:07.1462530Z /dev/disk2s1s1   320Gi    12Gi   107Gi    10%    459k  1.1G    0%   /
2026-10-05T08:45:07.6112370Z ##[group]Run actions/cache@v4
2026-10-05T08:45:07.6112810Z with:
2026-10-05T08:45:07.6113500Z   path: /Users/runner/work/Telegram-iOS/Telegram-iOS/.telegram-bazel-cache
/Users/runner/work/Telegram-iOS/Telegram-iOS/.telegram-bazel-repo-cache

2026-10-05T08:45:07.6114340Z   key: bazel-warm-release_arm64-85ecda8990653c0940f23a8718c72ae635be207c3817d14a1eedca5038b33a69
2026-10-05T08:45:07.6115170Z   restore-keys: bazel-warm-release_arm64-
bazel-warm-ci_arm64-
bazel-pm-macOS-ci_arm64-
bazel-turbo-macOS-ci_arm64-
bazel-pm-
bazel-turbo-
bazel-

2026-10-05T08:45:07.6115770Z   enableCrossOsArchive: false
2026-10-05T08:45:07.6116100Z   fail-on-cache-miss: false
2026-10-05T08:45:07.6116400Z   lookup-only: false
2026-10-05T08:45:07.6116760Z   save-always: false
2026-10-05T08:45:07.6117050Z env:
2026-10-05T08:45:07.6117370Z   BUILD_CONFIGURATION: release_arm64
2026-10-05T08:45:07.6117750Z   BAZEL_USER_ROOT: /private/var/tmp/_bazel_telegram_ios
2026-10-05T08:45:07.6118440Z   BAZEL_CACHE_DIR: /Users/runner/work/Telegram-iOS/Telegram-iOS/.telegram-bazel-cache
2026-10-05T08:45:07.6119080Z   BAZEL_REPO_CACHE: /Users/runner/work/Telegram-iOS/Telegram-iOS/.telegram-bazel-repo-cache
2026-10-05T08:45:07.6121580Z ##[endgroup]
2026-10-05T08:45:08.0604830Z (node:3215) [DEP0040] DeprecationWarning: The `punycode` module is deprecated. Please use a userland alternative instead.
2026-10-05T08:45:08.0606230Z (Use `node --trace-deprecation ...` to show where the warning was created)
2026-10-05T08:45:08.2039070Z (node:3215) [DEP0169] DeprecationWarning: `url.parse()` behavior is not standardized and prone to errors that have security implications. Use the WHATWG URL API instead. CVEs are not issued for `url.parse()` vulnerabilities.
2026-10-05T08:45:08.2555100Z Cache hit for restore-key: bazel-warm-release_arm64-297086fc99c07e70f8ccc3d058ea33164278fcdf64edfd0bc2b7ab8f5a3f9c0f
2026-10-05T08:45:09.2717570Z Received 134217728 of 948736144 (14.1%), 124.2 MBs/sec
2026-10-05T08:45:10.2733530Z Received 281018368 of 948736144 (29.6%), 131.8 MBs/sec
2026-10-05T08:45:11.2674550Z Received 499122176 of 948736144 (52.6%), 156.8 MBs/sec
2026-10-05T08:45:12.2680330Z Received 650117120 of 948736144 (68.5%), 153.7 MBs/sec
2026-10-05T08:45:13.2688810Z Received 805306368 of 948736144 (84.9%), 152.5 MBs/sec
2026-10-05T08:45:14.0048400Z Received 948736144 of 948736144 (100.0%), 156.8 MBs/sec
2026-10-05T08:45:14.0058790Z Cache Size: ~905 MB (948736144 B)
2026-10-05T08:45:14.0194140Z [command]/opt/homebrew/bin/gtar -xf /Users/runner/work/_temp/87757c8a-6ebd-42ff-8e82-5fe8e1e876d7/cache.tzst -P -C /Users/runner/work/Telegram-iOS/Telegram-iOS --delay-directory-restore --use-compress-program unzstd
2026-10-05T08:45:26.4549480Z Cache restored successfully
2026-10-05T08:45:26.4920500Z Cache restored from key: bazel-warm-release_arm64-297086fc99c07e70f8ccc3d058ea33164278fcdf64edfd0bc2b7ab8f5a3f9c0f
2026-10-05T08:45:26.5303130Z ##[group]Run set -euo pipefail
2026-10-05T08:45:26.5303910Z [36;1mset -euo pipefail[0m
2026-10-05T08:45:26.5304600Z [36;1mpython3 <<'PY'[0m
2026-10-05T08:45:26.5305290Z [36;1mimport json, os[0m
2026-10-05T08:45:26.5306080Z [36;1mpath = "build-system/ci-configuration.json"[0m
2026-10-05T08:45:26.5307230Z [36;1mwith open("build-system/sideload-configuration.json") as f:[0m
2026-10-05T08:45:26.5308230Z [36;1m    cfg = json.load(f)[0m
2026-10-05T08:45:26.5309440Z [36;1m# Bundle/team MUST match build-system/fake-codesigning profiles.[0m
2026-10-05T08:45:26.5310640Z [36;1m# Do not override from secrets unless real Apple profiles are also provided.[0m
2026-10-05T08:45:26.5311780Z [36;1mcfg["bundle_id"] = "ph.teleg.Telegrapf"[0m
2026-10-05T08:45:26.5312660Z [36;1mcfg["team_id"] = "C67CF9S4VU"[0m
2026-10-05T08:45:26.5313300Z [36;1mcfg["enable_siri"] = False[0m
2026-10-05T08:45:26.5314110Z [36;1mcfg["enable_icloud"] = False[0m
2026-10-05T08:45:26.5315020Z [36;1mapi_id = os.environ.get("TELEGRAM_API_ID") or ""[0m
2026-10-05T08:45:26.5316080Z [36;1mapi_hash = os.environ.get("TELEGRAM_API_HASH") or ""[0m
2026-10-05T08:45:26.5316980Z [36;1mif api_id and api_hash:[0m
2026-10-05T08:45:26.5317690Z [36;1m    cfg["api_id"] = api_id[0m
2026-10-05T08:45:26.5318640Z [36;1m    cfg["api_hash"] = api_hash[0m
2026-10-05T08:45:26.5319310Z [36;1mwith open(path, "w") as f:[0m
2026-10-05T08:45:26.5320070Z [36;1m    json.dump(cfg, f, indent="\t")[0m
2026-10-05T08:45:26.5320740Z [36;1m    f.write("\n")[0m
2026-10-05T08:45:26.5321480Z [36;1mprint([0m
2026-10-05T08:45:26.5322330Z [36;1m    f"api_id={cfg['api_id']} bundle_id={cfg['bundle_id']} "[0m
2026-10-05T08:45:26.5323540Z [36;1m    f"team_id={cfg['team_id']} siri={cfg['enable_siri']} icloud={cfg['enable_icloud']}"[0m
2026-10-05T08:45:26.5324670Z [36;1m)[0m
2026-10-05T08:45:26.5325300Z [36;1mPY[0m
2026-10-05T08:45:26.6274180Z shell: /bin/bash -e {0}
2026-10-05T08:45:26.6274520Z env:
2026-10-05T08:45:26.6274830Z   BUILD_CONFIGURATION: release_arm64
2026-10-05T08:45:26.6275210Z   BAZEL_USER_ROOT: /private/var/tmp/_bazel_telegram_ios
2026-10-05T08:45:26.6275780Z   BAZEL_CACHE_DIR: /Users/runner/work/Telegram-iOS/Telegram-iOS/.telegram-bazel-cache
2026-10-05T08:45:26.6276370Z   BAZEL_REPO_CACHE: /Users/runner/work/Telegram-iOS/Telegram-iOS/.telegram-bazel-repo-cache
2026-10-05T08:45:26.6283530Z   TELEGRAM_API_ID: 
2026-10-05T08:45:26.6284200Z   TELEGRAM_API_HASH: 
2026-10-05T08:45:26.6284490Z ##[endgroup]
2026-10-05T08:45:26.8321300Z api_id=27989480 bundle_id=ph.teleg.Telegrapf team_id=C67CF9S4VU siri=False icloud=False
2026-10-05T08:45:26.8389900Z ##[group]Run set -euo pipefail
2026-10-05T08:45:26.8390320Z [36;1mset -euo pipefail[0m
2026-10-05T08:45:26.8390600Z [36;1mBUILD_NUMBER_OFFSET="$(cat build_number_offset)"[0m
2026-10-05T08:45:26.8391140Z [36;1mAPP_VERSION="$(python3 -c 'import json; print(json.load(open("versions.json"))["app"])')"[0m
2026-10-05T08:45:26.8391590Z [36;1mBUILD_NUMBER="$((BUILD_NUMBER_OFFSET + GITHUB_RUN_NUMBER))"[0m
2026-10-05T08:45:26.8391910Z [36;1m{[0m
2026-10-05T08:45:26.8392210Z [36;1m  echo "APP_VERSION=$APP_VERSION"[0m
2026-10-05T08:45:26.8392550Z [36;1m  echo "BUILD_NUMBER=$BUILD_NUMBER"[0m
2026-10-05T08:45:26.8392930Z [36;1m  echo "IPA_NAME=Telegram-${APP_VERSION}-${BUILD_NUMBER}-sideload.ipa"[0m
2026-10-05T08:45:26.8393340Z [36;1m} >> "$GITHUB_ENV"[0m
2026-10-05T08:45:26.8393720Z [36;1mecho "Telegram ${APP_VERSION} (${BUILD_NUMBER})"[0m
2026-10-05T08:45:26.8428060Z shell: /bin/bash -e {0}
2026-10-05T08:45:26.8428390Z env:
2026-10-05T08:45:26.8428680Z   BUILD_CONFIGURATION: release_arm64
2026-10-05T08:45:26.8428980Z   BAZEL_USER_ROOT: /private/var/tmp/_bazel_telegram_ios
2026-10-05T08:45:26.8429570Z   BAZEL_CACHE_DIR: /Users/runner/work/Telegram-iOS/Telegram-iOS/.telegram-bazel-cache
2026-10-05T08:45:26.8430210Z   BAZEL_REPO_CACHE: /Users/runner/work/Telegram-iOS/Telegram-iOS/.telegram-bazel-repo-cache
2026-10-05T08:45:26.8430660Z ##[endgroup]
2026-10-05T08:45:26.9476790Z Telegram 12.9.5 (4108)
2026-10-05T08:45:26.9524510Z ##[group]Run set -euo pipefail
2026-10-05T08:45:26.9524930Z [36;1mset -euo pipefail[0m
2026-10-05T08:45:26.9525300Z [36;1mmkdir -p "$BAZEL_CACHE_DIR" "$BAZEL_REPO_CACHE" artifacts build/artifacts[0m
2026-10-05T08:45:26.9525800Z [36;1m[0m
2026-10-05T08:45:26.9526140Z [36;1mpython3 build-system/Make/ImportCertificates.py \[0m
2026-10-05T08:45:26.9526510Z [36;1m  --path build-system/fake-codesigning/certs[0m
2026-10-05T08:45:26.9526760Z [36;1m[0m
2026-10-05T08:45:26.9527050Z [36;1mset -o pipefail[0m
2026-10-05T08:45:26.9527370Z [36;1mpython3 -u build-system/Make/Make.py \[0m
2026-10-05T08:45:26.9527640Z [36;1m  --overrideXcodeVersion \[0m
2026-10-05T08:45:26.9527930Z [36;1m  --bazelUserRoot="$BAZEL_USER_ROOT" \[0m
2026-10-05T08:45:26.9528280Z [36;1m  --cacheDir="$BAZEL_CACHE_DIR" \[0m
2026-10-05T08:45:26.9528590Z [36;1m  build \[0m
2026-10-05T08:45:26.9528840Z [36;1m  --configurationPath=build-system/ci-configuration.json \[0m
2026-10-05T08:45:26.9529290Z [36;1m  --codesigningInformationPath=build-system/fake-codesigning \[0m
2026-10-05T08:45:26.9529650Z [36;1m  --configuration="$BUILD_CONFIGURATION" \[0m
2026-10-05T08:45:26.9529910Z [36;1m  --buildNumber="$BUILD_NUMBER" \[0m
2026-10-05T08:45:26.9530160Z [36;1m  --disableExtensions \[0m
2026-10-05T08:45:26.9530370Z [36;1m  $DSYM_FLAG \[0m
2026-10-05T08:45:26.9530560Z [36;1m  --ciFast \[0m
2026-10-05T08:45:26.9530800Z [36;1m  --outputBuildArtifactsPath=build/artifacts \[0m
2026-10-05T08:45:26.9531070Z [36;1m  2>&1 | tee release-build.log[0m
2026-10-05T08:45:26.9563850Z shell: /bin/bash -e {0}
2026-10-05T08:45:26.9564050Z env:
2026-10-05T08:45:26.9564220Z   BUILD_CONFIGURATION: release_arm64
2026-10-05T08:45:26.9564490Z   BAZEL_USER_ROOT: /private/var/tmp/_bazel_telegram_ios
2026-10-05T08:45:26.9564880Z   BAZEL_CACHE_DIR: /Users/runner/work/Telegram-iOS/Telegram-iOS/.telegram-bazel-cache
2026-10-05T08:45:26.9565380Z   BAZEL_REPO_CACHE: /Users/runner/work/Telegram-iOS/Telegram-iOS/.telegram-bazel-repo-cache
2026-10-05T08:45:26.9565750Z   APP_VERSION: 12.9.5
2026-10-05T08:45:26.9565910Z   BUILD_NUMBER: 4108
2026-10-05T08:45:26.9566130Z   IPA_NAME: Telegram-12.9.5-4108-sideload.ipa
2026-10-05T08:45:26.9566400Z   DSYM_FLAG: --skipDsym
2026-10-05T08:45:26.9566810Z ##[endgroup]
2026-10-05T08:45:28.0784860Z TelegramBuild: running
2026-10-05T08:45:28.0791680Z /Users/runner/work/Telegram-iOS/Telegram-iOS/build-input/bazel-8.4.2-darwin-arm64 --output_user_root=/private/var/tmp/_bazel_telegram_ios build Telegram/Telegram --//Telegram:disableExtensions --announce_rc --features=swift.use_global_module_cache --verbose_failures --remote_cache_async --define=buildNumber=4108 --repository_cache=/Users/runner/work/Telegram-iOS/Telegram-iOS/.telegram-bazel-repo-cache --experimental_repository_cache_hardlinks --disk_cache=/Users/runner/work/Telegram-iOS/Telegram-iOS/.telegram-bazel-cache -c opt --ios_multi_cpus=arm64 --watchos_cpus=arm64_32 --jobs=3 --local_cpu_resources=3
2026-10-05T08:45:28.1109040Z Extracting Bazel installation...
2026-10-05T08:45:28.8532280Z Starting local Bazel server (8.4.2) and connecting to it...
2026-10-05T08:45:29.9828260Z WARNING: Option 'local_cpu_resources' is deprecated: --local_cpu_resources is deprecated, please use --local_resources=cpu= instead.
2026-10-05T08:45:29.9829480Z INFO: Invocation ID: 37b52037-fce5-4ff2-be70-fcb81af5ed41
2026-10-05T08:45:29.9881570Z INFO: Options provided by the client:
2026-10-05T08:45:29.9882080Z   Inherited 'common' options: --isatty=0 --terminal_columns=80
2026-10-05T08:45:29.9882710Z INFO: Reading rc options for 'build' from /Users/runner/work/Telegram-iOS/Telegram-iOS/.bazelrc:
2026-10-05T08:45:29.9883580Z   'build' options: --action_env=ZERO_AR_DATE=1 --enable_platform_specific_config --strategy=Genrule=standalone --spawn_strategy=standalone
2026-10-05T08:45:29.9889450Z INFO: Found applicable config definition common:macos in file /Users/runner/work/Telegram-iOS/Telegram-iOS/.bazelrc: --features=swift.index_while_building --features=swift.use_global_index_store --features=swift.use_global_module_cache --features=oso_prefix_is_pwd
2026-10-05T08:45:29.9902990Z INFO: Found applicable config definition build:macos in file /Users/runner/work/Telegram-iOS/Telegram-iOS/.bazelrc: --apple_platform_type=ios --apple_crosstool_top=@local_config_apple_cc//:toolchain --crosstool_top=@local_config_apple_cc//:toolchain --host_crosstool_top=@local_config_apple_cc//:toolchain --per_file_copt=.*.m$,@-fno-objc-msgsend-selector-stubs --per_file_copt=.*.mm$,@-fno-objc-msgsend-selector-stubs --features=debug_prefix_map_pwd_is_dot --features=swift.cacheable_swiftmodules --features=swift.debug_prefix_map --features=swift.enable_vfsoverlays --strategy=SwiftCompile=worker
2026-10-05T08:45:30.0240360Z Computing main repo mapping: 
2026-10-05T08:45:30.2696230Z WARNING: For repository 'bazel_features', the root module requires module version bazel_features@1.33.0, but got bazel_features@1.42.1 in the resolved dependency graph. Please update the version in your MODULE.bazel or set --check_direct_dependencies=off
2026-10-05T08:45:30.2710280Z WARNING: For repository 'bazel_skylib', the root module requires module version bazel_skylib@1.8.1, but got bazel_skylib@1.9.0 in the resolved dependency graph. Please update the version in your MODULE.bazel or set --check_direct_dependencies=off
2026-10-05T08:45:30.2715720Z WARNING: For repository 'platforms', the root module requires module version platforms@0.0.11, but got platforms@1.0.0 in the resolved dependency graph. Please update the version in your MODULE.bazel or set --check_direct_dependencies=off
2026-10-05T08:45:30.2963370Z WARNING: Option 'local_cpu_resources' is deprecated: --local_cpu_resources is deprecated, please use --local_resources=cpu= instead.
2026-10-05T08:45:31.1045930Z Computing main repo mapping: 
2026-10-05T08:45:32.1797490Z Computing main repo mapping: 
2026-10-05T08:45:32.2129550Z Loading: 
2026-10-05T08:45:32.2136420Z Loading: 1 packages loaded
2026-10-05T08:45:32.3675880Z Analyzing: target //Telegram:Telegram (1 packages loaded, 0 targets configured)
2026-10-05T08:45:32.3904890Z Analyzing: target //Telegram:Telegram (1 packages loaded, 0 targets configured)
2026-10-05T08:45:32.4007110Z 
2026-10-05T08:45:33.4483380Z Analyzing: target //Telegram:Telegram (56 packages loaded, 27 targets configured)
2026-10-05T08:45:33.4586510Z 
2026-10-05T08:45:34.5344250Z Analyzing: target //Telegram:Telegram (83 packages loaded, 4639 targets configured)
2026-10-05T08:45:34.5445400Z 
2026-10-05T08:45:36.3644080Z Analyzing: target //Telegram:Telegram (84 packages loaded, 5529 targets configured)
2026-10-05T08:45:36.3744740Z 
2026-10-05T08:45:37.3748010Z Analyzing: target //Telegram:Telegram (96 packages loaded, 6430 targets configured)
2026-10-05T08:45:37.3849630Z 
2026-10-05T08:45:38.3720280Z Analyzing: target //Telegram:Telegram (170 packages loaded, 9387 targets configured)
2026-10-05T08:45:38.3823720Z 
2026-10-05T08:45:39.3699010Z Analyzing: target //Telegram:Telegram (505 packages loaded, 11498 targets configured)
2026-10-05T08:45:39.3799370Z 
2026-10-05T08:45:40.4283490Z Analyzing: target //Telegram:Telegram (745 packages loaded, 21212 targets configured)
2026-10-05T08:45:40.4383610Z 
2026-10-05T08:45:41.4404840Z Analyzing: target //Telegram:Telegram (884 packages loaded, 30855 targets configured)
2026-10-05T08:45:41.4503970Z 
2026-10-05T08:45:42.5147980Z Analyzing: target //Telegram:Telegram (884 packages loaded, 30855 targets configured)
2026-10-05T08:45:42.5249410Z 
2026-10-05T08:45:43.5875010Z Analyzing: target //Telegram:Telegram (885 packages loaded, 30855 targets configured)
2026-10-05T08:45:43.5975000Z 
2026-10-05T08:45:44.5972520Z Analyzing: target //Telegram:Telegram (887 packages loaded, 33157 targets configured)
2026-10-05T08:45:44.6072300Z 
2026-10-05T08:45:46.2262670Z Analyzing: target //Telegram:Telegram (887 packages loaded, 33157 targets configured)
2026-10-05T08:45:46.2274890Z 
2026-10-05T08:45:50.2411850Z Analyzing: target //Telegram:Telegram (887 packages loaded, 33157 targets configured)
2026-10-05T08:45:50.2514590Z 
2026-10-05T08:45:53.7299650Z Analyzing: target //Telegram:Telegram (887 packages loaded, 33157 targets configured)
2026-10-05T08:45:53.7302940Z 
2026-10-05T08:45:57.2808930Z Analyzing: target //Telegram:Telegram (887 packages loaded, 33157 targets configured)
2026-10-05T08:45:57.2859420Z 
2026-10-05T08:46:01.2708780Z Analyzing: target //Telegram:Telegram (887 packages loaded, 33157 targets configured)
2026-10-05T08:46:01.2810440Z 
2026-10-05T08:46:02.7381730Z Analyzing: target //Telegram:Telegram (887 packages loaded, 33157 targets configured)
2026-10-05T08:46:02.7383370Z 
2026-10-05T08:46:04.5003620Z Analyzing: target //Telegram:Telegram (892 packages loaded, 33523 targets configured)
2026-10-05T08:46:04.5103460Z 
2026-10-05T08:46:08.1031410Z INFO: Analyzed target //Telegram:Telegram (892 packages loaded, 34108 targets configured).
2026-10-05T08:46:08.1235750Z [1 / 1] no actions running
2026-10-05T08:46:09.1854870Z [26 / 33] Creating runfiles tree bazel-out/darwin_arm64-opt-exec-ST-d57f47055a04/bin/external/rules_apple+/tools/provisioning_profile_tool/provisioning_profile_tool.runfiles [for tool]; 0s local ... (2 actions, 1 running)
2026-10-05T08:46:10.1964890Z [109 / 2,477] [Prepa] Writing file submodules/MimeTypes/MimeTypes_modulemap/_/module.modulemap
2026-10-05T08:46:11.1910740Z [315 / 3,112] Writing script third-party/rnnoise/rnnoise.cppmap; 0s local ... (2 actions running)
2026-10-05T08:46:12.2377300Z [646 / 5,326] Creating runfiles tree bazel-out/darwin_arm64-opt-exec-ST-d57f47055a04/bin/external/rules_apple+/tools/alticonstool/alticonstool.runfiles [for tool]; 0s local ... (3 actions running)
2026-10-05T08:46:13.2224340Z [790 / 5,488] CompileStrings Telegram/Lib-intermediates/uz.lproj/InfoPlist.strings; 0s disk-cache ... (3 actions, 1 running)
2026-10-05T08:46:14.8274970Z [938 / 5,624] CompileStrings Telegram/Lib-intermediates/ru.lproj/InfoPlist.strings; 1s local, disk-cache
2026-10-05T08:46:17.5524850Z [939 / 5,624] [Prepa] CompilePlist Telegram/Lib-intermediates/ru.lproj/AppIntentVocabulary.plist
2026-10-05T08:46:18.6488940Z [1,044 / 5,748] CopyPng Telegram/Telegram-intermediates/alticons/PatriotPlaneIcon.alticon/PatriotPlaneIcon@3x.png; 0s local, disk-cache ... (2 actions, 1 running)
2026-10-05T08:46:18.9057060Z INFO: From CopyPng Telegram/Lib-intermediates/VideoRecordArrow@2x.png:
2026-10-05T08:46:18.9160740Z libpng warning: Warning: Input PNG does not have an 8 bit input depth.  Please convert your PNG to 8-bit for optimal performance on iPhone OS.
2026-10-05T08:46:19.0266980Z INFO: From CopyPng Telegram/Lib-intermediates/PhotoEditorCropCorners@2x.png:
2026-10-05T08:46:19.0369480Z libpng warning: Warning: Input PNG does not have an 8 bit input depth.  Please convert your PNG to 8-bit for optimal performance on iPhone OS.
2026-10-05T08:46:19.0679370Z INFO: From CopyPng Telegram/Lib-intermediates/ModernMediaEmptyAlbumIcon@2x.png:
2026-10-05T08:46:19.0787990Z libpng warning: Warning: Input PNG does not have an 8 bit input depth.  Please convert your PNG to 8-bit for optimal performance on iPhone OS.
2026-10-05T08:46:19.1334910Z INFO: From CopyPng Telegram/Lib-intermediates/MediaGroupBurst@2x.png:
2026-10-05T08:46:19.1449630Z libpng warning: Warning: Input PNG does not have an 8 bit input depth.  Please convert your PNG to 8-bit for optimal performance on iPhone OS.
2026-10-05T08:46:19.1561170Z INFO: From CopyPng Telegram/Lib-intermediates/MediaGroupAll@2x.png:
2026-10-05T08:46:19.1662920Z libpng warning: Warning: Input PNG does not have an 8 bit input depth.  Please convert your PNG to 8-bit for optimal performance on iPhone OS.
2026-10-05T08:46:19.1765290Z INFO: From CopyPng Telegram/Lib-intermediates/CameraFocusCrosshairs@3x.png:
2026-10-05T08:46:19.1869290Z libpng warning: Warning: Input PNG does not have an 8 bit input depth.  Please convert your PNG to 8-bit for optimal performance on iPhone OS.
2026-10-05T08:46:19.1999770Z INFO: From CopyPng Telegram/Lib-intermediates/CameraFocusCrosshairs@2x.png:
2026-10-05T08:46:19.2128230Z libpng warning: Warning: Input PNG does not have an 8 bit input depth.  Please convert your PNG to 8-bit for optimal performance on iPhone OS.
2026-10-05T08:46:19.2157030Z INFO: From CopyPng Telegram/Lib-intermediates/CameraFocusCrosshairs.png:
2026-10-05T08:46:19.2158010Z libpng warning: Warning: Input PNG does not have an 8 bit input depth.  Please convert your PNG to 8-bit for optimal performance on iPhone OS.
2026-10-05T08:46:19.2159020Z INFO: From CopyPng Telegram/Lib-intermediates/CameraAutoFocusCrosshairs@3x.png:
2026-10-05T08:46:19.2323300Z libpng warning: Warning: Input PNG does not have an 8 bit input depth.  Please convert your PNG to 8-bit for optimal performance on iPhone OS.
2026-10-05T08:46:19.2426150Z INFO: From CopyPng Telegram/Lib-intermediates/CameraAutoFocusCrosshairs@2x.png:
2026-10-05T08:46:19.2530630Z libpng warning: Warning: Input PNG does not have an 8 bit input depth.  Please convert your PNG to 8-bit for optimal performance on iPhone OS.
2026-10-05T08:46:19.2641620Z INFO: From CopyPng Telegram/Lib-intermediates/CameraAutoFocusCrosshairs.png:
2026-10-05T08:46:19.2749990Z libpng warning: Warning: Input PNG does not have an 8 bit input depth.  Please convert your PNG to 8-bit for optimal performance on iPhone OS.
2026-10-05T08:46:19.6597090Z [1,235 / 5,748] CopyPng Telegram/Telegram-intermediates/alticons/PremiumIce.alticon/PremiumIce@3x.png; 0s local, disk-cache ... (2 actions, 1 running)
2026-10-05T08:46:20.6760360Z [1,281 / 5,748] CopyPng Telegram/Telegram-intermediates/alticons/New1.alticon/New1_notification.png; 0s local, disk-cache ... (2 actions, 1 running)
2026-10-05T08:46:21.3779150Z INFO: From MetalCompile Telegram/cameraScreen.air:
2026-10-05T08:46:21.3883450Z submodules/TelegramUI/Components/CameraScreen/MetalResources/cameraScreen.metal:127:19: warning: left operand of comma operator has no effect [-Wunused-value]
2026-10-05T08:46:21.3987090Z     half2 inUV = (inTextureU.read(uvPosition).r, inTextureV.read(uvPosition).r);
2026-10-05T08:46:21.4088360Z                   ^~~~~~~~~~~~~~~~~~~~~~~~~~~~~
2026-10-05T08:46:21.4190590Z 1 warning generated.
2026-10-05T08:46:21.5678900Z INFO: From Executing genrule //third-party/boringssl:copy_ssl_headers:
2026-10-05T08:46:21.5786450Z + cp third-party/boringssl/src/include/openssl/dtls1.h bazel-out/ios_arm64-opt-ios-arm64-min13.0-ST-57b073d392e5/bin/third-party/boringssl/ssl_headers/src/include/openssl/dtls1.h
2026-10-05T08:46:21.5891260Z + cp third-party/boringssl/src/include/openssl/srtp.h bazel-out/ios_arm64-opt-ios-arm64-min13.0-ST-57b073d392e5/bin/third-party/boringssl/ssl_headers/src/include/openssl/srtp.h
2026-10-05T08:46:21.5996490Z + cp third-party/boringssl/src/include/openssl/ssl.h bazel-out/ios_arm64-opt-ios-arm64-min13.0-ST-57b073d392e5/bin/third-party/boringssl/ssl_headers/src/include/openssl/ssl.h
2026-10-05T08:46:21.6103640Z + cp third-party/boringssl/src/include/openssl/ssl3.h bazel-out/ios_arm64-opt-ios-arm64-min13.0-ST-57b073d392e5/bin/third-party/boringssl/ssl_headers/src/include/openssl/ssl3.h
2026-10-05T08:46:21.6211490Z + cp third-party/boringssl/src/include/openssl/tls1.h bazel-out/ios_arm64-opt-ios-arm64-min13.0-ST-57b073d392e5/bin/third-party/boringssl/ssl_headers/src/include/openssl/tls1.h
2026-10-05T08:46:21.6737700Z [1,371 / 5,748] Executing genrule //Telegram:GeneratedPresentationStrings; 0s local, disk-cache ... (2 actions, 1 running)
2026-10-05T08:46:21.7205770Z INFO: From Executing genrule //third-party/webp:webp_build:
2026-10-05T08:46:21.7307350Z + '[' ios_arm64 == ios_arm64 ']'
2026-10-05T08:46:21.7409110Z + BUILD_ARCH=arm64
2026-10-05T08:46:21.7511240Z + BUILD_DIR=bazel-out/ios_arm64-opt-ios-arm64-min13.0-ST-57b073d392e5/bin/third-party/webp/build_arm64
2026-10-05T08:46:21.7614550Z + rm -rf bazel-out/ios_arm64-opt-ios-arm64-min13.0-ST-57b073d392e5/bin/third-party/webp/build_arm64
2026-10-05T08:46:21.7716530Z + mkdir -p bazel-out/ios_arm64-opt-ios-arm64-min13.0-ST-57b073d392e5/bin/third-party/webp/build_arm64
2026-10-05T08:46:21.7818040Z ++ pwd
2026-10-05T08:46:21.7923020Z + CMAKE_DIR=/private/var/tmp/_bazel_telegram_ios/29e64aec8f64c22cffe1a8ef8cee6a69/execroot/_main/bazel-out/ios_arm64-opt-ios-arm64-min13.0-ST-57b073d392e5/bin/third-party/webp/build_arm64/cmake
2026-10-05T08:46:21.8029170Z + rm -rf /private/var/tmp/_bazel_telegram_ios/29e64aec8f64c22cffe1a8ef8cee6a69/execroot/_main/bazel-out/ios_arm64-opt-ios-arm64-min13.0-ST-57b073d392e5/bin/third-party/webp/build_arm64/cmake
2026-10-05T08:46:21.8147090Z + mkdir -p /private/var/tmp/_bazel_telegram_ios/29e64aec8f64c22cffe1a8ef8cee6a69/execroot/_main/bazel-out/ios_arm64-opt-ios-arm64-min13.0-ST-57b073d392e5/bin/third-party/webp/build_arm64/cmake
2026-10-05T08:46:21.8251060Z + tar -xzf external/+_repo_rules+cmake_tar_gz/file/downloaded -C /private/var/tmp/_bazel_telegram_ios/29e64aec8f64c22cffe1a8ef8cee6a69/execroot/_main/bazel-out/ios_arm64-opt-ios-arm64-min13.0-ST-57b073d392e5/bin/third-party/webp/build_arm64/cmake
2026-10-05T08:46:21.8361060Z + cp third-party/webp/build-webp-bazel.sh bazel-out/ios_arm64-opt-ios-arm64-min13.0-ST-57b073d392e5/bin/third-party/webp/build_arm64/
2026-10-05T08:46:21.8470800Z + SOURCE_PATH=third-party/webp/libwebp
2026-10-05T08:46:21.8573590Z + cp -R third-party/webp/libwebp bazel-out/ios_arm64-opt-ios-arm64-min13.0-ST-57b073d392e5/bin/third-party/webp/build_arm64/
2026-10-05T08:46:21.8677410Z + mkdir -p bazel-out/ios_arm64-opt-ios-arm64-min13.0-ST-57b073d392e5/bin/third-party/webp/build_arm64/Public/libwebp
2026-10-05T08:46:21.8780700Z + PATH=/private/var/tmp/_bazel_telegram_ios/29e64aec8f64c22cffe1a8ef8cee6a69/execroot/_main/bazel-out/ios_arm64-opt-ios-arm64-min13.0-ST-57b073d392e5/bin/third-party/webp/build_arm64/cmake/cmake-4.1.2-macos-universal/CMake.app/Contents/bin:/usr/bin:/bin:/usr/sbin:/sbin
2026-10-05T08:46:21.8887720Z + sh bazel-out/ios_arm64-opt-ios-arm64-min13.0-ST-57b073d392e5/bin/third-party/webp/build_arm64/build-webp-bazel.sh arm64 bazel-out/ios_arm64-opt-ios-arm64-min13.0-ST-57b073d392e5/bin/third-party/webp/build_arm64/libwebp bazel-out/ios_arm64-opt-ios-arm64-min13.0-ST-57b073d392e5/bin/third-party/webp/build_arm64
2026-10-05T08:46:21.8990470Z + set -e
2026-10-05T08:46:21.9095120Z + ARCH=arm64
2026-10-05T08:46:21.9204620Z + SOURCE_DIR=bazel-out/ios_arm64-opt-ios-arm64-min13.0-ST-57b073d392e5/bin/third-party/webp/build_arm64/libwebp
2026-10-05T08:46:21.9307190Z ++++ dirname bazel-out/ios_arm64-opt-ios-arm64-min13.0-ST-57b073d392e5/bin/third-party/webp/build_arm64
2026-10-05T08:46:21.9410370Z +++ cd bazel-out/ios_arm64-opt-ios-arm64-min13.0-ST-57b073d392e5/bin/third-party/webp
2026-10-05T08:46:21.9512490Z +++ pwd -P
2026-10-05T08:46:21.9617900Z +++ basename bazel-out/ios_arm64-opt-ios-arm64-min13.0-ST-57b073d392e5/bin/third-party/webp/build_arm64
2026-10-05T08:46:21.9723090Z ++ echo /private/var/tmp/_bazel_telegram_ios/29e64aec8f64c22cffe1a8ef8cee6a69/execroot/_main/bazel-out/ios_arm64-opt-ios-arm64-min13.0-ST-57b073d392e5/bin/third-party/webp/build_arm64
2026-10-05T08:46:21.9825700Z + BUILD_DIR=/private/var/tmp/_bazel_telegram_ios/29e64aec8f64c22cffe1a8ef8cee6a69/execroot/_main/bazel-out/ios_arm64-opt-ios-arm64-min13.0-ST-57b073d392e5/bin/third-party/webp/build_arm64
2026-10-05T08:46:21.9929180Z + COMMON_ARGS='-DWEBP_LINK_STATIC=1 -DWEBP_BUILD_CWEBP=0 -DWEBP_BUILD_DWEBP=0 -DWEBP_BUILD_IMG2WEBP=0 -DWEBP_BUILD_ANIM_UTILS=0 -DWEBP_BUILD_GIF2WEBP=0 -DWEBP_BUILD_VWEBP=0 -DWEBP_BUILD_WEBPINFO=0 -DWEBP_BUILD_LIBWEBPMUX=0 -DWEBP_BUILD_WEBPMUX=0 -DWEBP_BUILD_EXTRAS=0'
2026-10-05T08:46:22.0032880Z + '[' arm64 = arm64 ']'
2026-10-05T08:46:22.0134880Z ++ xcode-select -p
2026-10-05T08:46:22.0236270Z + IOS_PLATFORMDIR=/Applications/Xcode_26.2.app/Contents/Developer/Platforms/iPhoneOS.platform
2026-10-05T08:46:22.0338540Z + IOS_SYSROOT=($IOS_PLATFORMDIR/Developer/SDKs/iPhoneOS*.sdk)
2026-10-05T08:46:22.0440060Z + export 'CFLAGS=-Wall -arch arm64 -miphoneos-version-min=13.0 -funwind-tables'
2026-10-05T08:46:22.0555480Z + CFLAGS='-Wall -arch arm64 -miphoneos-version-min=13.0 -funwind-tables'
2026-10-05T08:46:22.0661450Z + cd /private/var/tmp/_bazel_telegram_ios/29e64aec8f64c22cffe1a8ef8cee6a69/execroot/_main/bazel-out/ios_arm64-opt-ios-arm64-min13.0-ST-57b073d392e5/bin/third-party/webp/build_arm64
2026-10-05T08:46:22.0766240Z + mkdir build
2026-10-05T08:46:22.0867240Z + cd build
2026-10-05T08:46:22.0973490Z + touch toolchain.cmake
2026-10-05T08:46:22.1075940Z + echo 'set(CMAKE_SYSTEM_NAME Darwin)'
2026-10-05T08:46:22.1177090Z + echo 'set(CMAKE_SYSTEM_PROCESSOR aarch64)'
2026-10-05T08:46:22.1283330Z ++ xcode-select -p
2026-10-05T08:46:22.1386080Z + echo 'set(CMAKE_C_COMPILER /Applications/Xcode_26.2.app/Contents/Developer/Toolchains/XcodeDefault.xctoolchain/usr/bin/clang)'
2026-10-05T08:46:22.1493110Z + cmake '-GUnix Makefiles' -DCMAKE_TOOLCHAIN_FILE=toolchain.cmake -DCMAKE_OSX_SYSROOT=/Applications/Xcode_26.2.app/Contents/Developer/Platforms/iPhoneOS.platform/Developer/SDKs/iPhoneOS.sdk -DWEBP_LINK_STATIC=1 -DWEBP_BUILD_CWEBP=0 -DWEBP_BUILD_DWEBP=0 -DWEBP_BUILD_IMG2WEBP=0 -DWEBP_BUILD_ANIM_UTILS=0 -DWEBP_BUILD_GIF2WEBP=0 -DWEBP_BUILD_VWEBP=0 -DWEBP_BUILD_WEBPINFO=0 -DWEBP_BUILD_LIBWEBPMUX=0 -DWEBP_BUILD_WEBPMUX=0 -DWEBP_BUILD_EXTRAS=0 ../libwebp
2026-10-05T08:46:22.1604370Z + make
2026-10-05T08:46:22.1708650Z + cp -f bazel-out/ios_arm64-opt-ios-arm64-min13.0-ST-57b073d392e5/bin/third-party/webp/build_arm64/libwebp/src/webp/decode.h bazel-out/ios_arm64-opt-ios-arm64-min13.0-ST-57b073d392e5/bin/third-party/webp/Public/webp/decode.h
2026-10-05T08:46:22.1814070Z + cp -f bazel-out/ios_arm64-opt-ios-arm64-min13.0-ST-57b073d392e5/bin/third-party/webp/build_arm64/libwebp/src/webp/encode.h bazel-out/ios_arm64-opt-ios-arm64-min13.0-ST-57b073d392e5/bin/third-party/webp/Public/webp/encode.h
2026-10-05T08:46:22.1936470Z + cp -f bazel-out/ios_arm64-opt-ios-arm64-min13.0-ST-57b073d392e5/bin/third-party/webp/build_arm64/libwebp/src/webp/types.h bazel-out/ios_arm64-opt-ios-arm64-min13.0-ST-57b073d392e5/bin/third-party/webp/Public/webp/types.h
2026-10-05T08:46:22.2085170Z + cp -f bazel-out/ios_arm64-opt-ios-arm64-min13.0-ST-57b073d392e5/bin/third-party/webp/build_arm64/build/libwebp.a bazel-out/ios_arm64-opt-ios-arm64-min13.0-ST-57b073d392e5/bin/third-party/webp/Public/webp/lib/libwebp.a
2026-10-05T08:46:22.2195900Z + cp -f bazel-out/ios_arm64-opt-ios-arm64-min13.0-ST-57b073d392e5/bin/third-party/webp/build_arm64/build/libsharpyuv.a bazel-out/ios_arm64-opt-ios-arm64-min13.0-ST-57b073d392e5/bin/third-party/webp/Public/webp/lib/libsharpyuv.a
2026-10-05T08:46:22.2299490Z -- The C compiler identification is AppleClang 17.0.0.17000603
2026-10-05T08:46:22.2405860Z -- Detecting C compiler ABI info
2026-10-05T08:46:22.2526090Z -- Detecting C compiler ABI info - done
2026-10-05T08:46:22.2637890Z -- Check for working C compiler: /Applications/Xcode_26.2.app/Contents/Developer/Toolchains/XcodeDefault.xctoolchain/usr/bin/clang - skipped
2026-10-05T08:46:22.2749740Z -- Detecting C compile features
2026-10-05T08:46:22.2750130Z -- Detecting C compile features - done
2026-10-05T08:46:22.2870640Z -- Performing Test HAVE_BUILTIN_BSWAP16
2026-10-05T08:46:22.2973100Z -- Performing Test HAVE_BUILTIN_BSWAP16 - Success
2026-10-05T08:46:22.3079420Z -- Performing Test HAVE_BUILTIN_BSWAP32
2026-10-05T08:46:22.3180590Z -- Performing Test HAVE_BUILTIN_BSWAP32 - Success
2026-10-05T08:46:22.3282740Z -- Performing Test HAVE_BUILTIN_BSWAP64
2026-10-05T08:46:22.3384550Z -- Performing Test HAVE_BUILTIN_BSWAP64 - Success
2026-10-05T08:46:22.3491440Z -- Performing Test CMAKE_HAVE_LIBC_PTHREAD
2026-10-05T08:46:22.3592910Z -- Performing Test CMAKE_HAVE_LIBC_PTHREAD - Success
2026-10-05T08:46:22.3694560Z -- Found Threads: TRUE
2026-10-05T08:46:22.3796150Z -- Could NOT find OpenGL (missing: OPENGL_INCLUDE_DIR) 
2026-10-05T08:46:22.3899330Z -- Performing Test HAVE_MATH_LIBRARY
2026-10-05T08:46:22.4001300Z -- Performing Test HAVE_MATH_LIBRARY - Success
2026-10-05T08:46:22.4115130Z -- Looking for include file GLUT/glut.h
2026-10-05T08:46:22.4217230Z -- Looking for include file GLUT/glut.h - not found
2026-10-05T08:46:22.4320910Z -- Looking for include file GL/glut.h
2026-10-05T08:46:22.4425570Z -- Looking for include file GL/glut.h - not found
2026-10-05T08:46:22.4534590Z -- Looking for include file OpenGL/glut.h
2026-10-05T08:46:22.4637840Z -- Looking for include file OpenGL/glut.h - not found
2026-10-05T08:46:22.4740440Z -- Looking for include file shlwapi.h
2026-10-05T08:46:22.4842970Z -- Looking for include file shlwapi.h - not found
2026-10-05T08:46:22.4949250Z -- Looking for include file unistd.h
2026-10-05T08:46:22.5053790Z -- Looking for include file unistd.h - found
2026-10-05T08:46:22.5161050Z -- Looking for include file wincodec.h
2026-10-05T08:46:22.5277280Z -- Looking for include file wincodec.h - not found
2026-10-05T08:46:22.5381560Z -- Looking for include file windows.h
2026-10-05T08:46:22.5483600Z -- Looking for include file windows.h - not found
2026-10-05T08:46:22.5591780Z -- Performing Test WEBP_HAVE_FLAG_SSE41
2026-10-05T08:46:22.5699440Z -- Performing Test WEBP_HAVE_FLAG_SSE41 - Failed
2026-10-05T08:46:22.5801530Z -- Performing Test WEBP_HAVE_FLAG_SSE41
2026-10-05T08:46:22.5929080Z -- Performing Test WEBP_HAVE_FLAG_SSE41 - Failed
2026-10-05T08:46:22.6047870Z -- Performing Test HAS_COMPILE_FLAG
2026-10-05T08:46:22.6149410Z -- Performing Test HAS_COMPILE_FLAG - Failed
2026-10-05T08:46:22.6252200Z -- Performing Test WEBP_HAVE_FLAG_SSE2
2026-10-05T08:46:22.6360440Z -- Performing Test WEBP_HAVE_FLAG_SSE2 - Failed
2026-10-05T08:46:22.6463460Z -- Performing Test WEBP_HAVE_FLAG_SSE2
2026-10-05T08:46:22.6573930Z -- Performing Test WEBP_HAVE_FLAG_SSE2 - Failed
2026-10-05T08:46:22.6675280Z -- Performing Test HAS_COMPILE_FLAG
2026-10-05T08:46:22.6777310Z -- Performing Test HAS_COMPILE_FLAG - Failed
2026-10-05T08:46:22.6879930Z -- Performing Test WEBP_HAVE_FLAG_MIPS32
2026-10-05T08:46:22.6986580Z -- Performing Test WEBP_HAVE_FLAG_MIPS32 - Failed
2026-10-05T08:46:22.7087860Z -- Performing Test WEBP_HAVE_FLAG_MIPS32
2026-10-05T08:46:22.7188980Z -- Performing Test WEBP_HAVE_FLAG_MIPS32 - Failed
2026-10-05T08:46:22.7291040Z -- Performing Test WEBP_HAVE_FLAG_MIPS_DSP_R2
2026-10-05T08:46:22.7393960Z -- Performing Test WEBP_HAVE_FLAG_MIPS_DSP_R2 - Failed
2026-10-05T08:46:22.7495300Z -- Performing Test WEBP_HAVE_FLAG_MIPS_DSP_R2
2026-10-05T08:46:22.7495810Z -- Performing Test WEBP_HAVE_FLAG_MIPS_DSP_R2 - Failed
2026-10-05T08:46:22.7496220Z -- Performing Test HAS_COMPILE_FLAG
2026-10-05T08:46:22.7613320Z -- Performing Test HAS_COMPILE_FLAG - Failed
2026-10-05T08:46:22.7714750Z -- Performing Test WEBP_HAVE_FLAG_NEON
2026-10-05T08:46:22.7817280Z -- Performing Test WEBP_HAVE_FLAG_NEON - Success
2026-10-05T08:46:22.7919840Z -- Performing Test WEBP_HAVE_FLAG_MSA
2026-10-05T08:46:22.8050950Z -- Performing Test WEBP_HAVE_FLAG_MSA - Failed
2026-10-05T08:46:22.8153470Z -- Performing Test WEBP_HAVE_FLAG_MSA
2026-10-05T08:46:22.8262920Z -- Performing Test WEBP_HAVE_FLAG_MSA - Failed
2026-10-05T08:46:22.8373300Z -- Performing Test HAS_COMPILE_FLAG
2026-10-05T08:46:22.8505510Z -- Performing Test HAS_COMPILE_FLAG - Failed
2026-10-05T08:46:22.8621120Z -- Configuring done (9.8s)
2026-10-05T08:46:22.8733100Z -- Generating done (0.1s)
2026-10-05T08:46:22.9045130Z -- Build files have been written to: /private/var/tmp/_bazel_telegram_ios/29e64aec8f64c22cffe1a8ef8cee6a69/execroot/_main/bazel-out/ios_arm64-opt-ios-arm64-min13.0-ST-57b073d392e5/bin/third-party/webp/build_arm64/build
2026-10-05T08:46:22.9101090Z [  0%] Building C object CMakeFiles/sharpyuv.dir/sharpyuv/sharpyuv_sse2.c.o
2026-10-05T08:46:22.9201870Z [  1%] Building C object CMakeFiles/sharpyuv.dir/sharpyuv/sharpyuv_neon.c.o
2026-10-05T08:46:22.9306830Z [  2%] Building C object CMakeFiles/sharpyuv.dir/sharpyuv/sharpyuv_cpu.c.o
2026-10-05T08:46:22.9422340Z [  3%] Building C object CMakeFiles/sharpyuv.dir/sharpyuv/sharpyuv_csp.c.o
2026-10-05T08:46:22.9525990Z [  4%] Building C object CMakeFiles/sharpyuv.dir/sharpyuv/sharpyuv_dsp.c.o
2026-10-05T08:46:22.9627510Z [  5%] Building C object CMakeFiles/sharpyuv.dir/sharpyuv/sharpyuv_gamma.c.o
2026-10-05T08:46:22.9729180Z [  6%] Building C object CMakeFiles/sharpyuv.dir/sharpyuv/sharpyuv.c.o
2026-10-05T08:46:22.9832020Z [  7%] Linking C static library libsharpyuv.a
2026-10-05T08:46:22.9935440Z [  7%] Built target sharpyuv
2026-10-05T08:46:23.0050380Z [  8%] Building C object CMakeFiles/webpdecode.dir/src/dec/alpha_dec.c.o
2026-10-05T08:46:23.0164960Z [  9%] Building C object CMakeFiles/webpdecode.dir/src/dec/buffer_dec.c.o
2026-10-05T08:46:23.0257490Z [ 10%] Building C object CMakeFiles/webpdecode.dir/src/dec/frame_dec.c.o
2026-10-05T08:46:23.0360220Z [ 11%] Building C object CMakeFiles/webpdecode.dir/src/dec/idec_dec.c.o
2026-10-05T08:46:23.0462990Z [ 11%] Building C object CMakeFiles/webpdecode.dir/src/dec/io_dec.c.o
2026-10-05T08:46:23.0566910Z [ 12%] Building C object CMakeFiles/webpdecode.dir/src/dec/quant_dec.c.o
2026-10-05T08:46:23.0678440Z [ 13%] Building C object CMakeFiles/webpdecode.dir/src/dec/tree_dec.c.o
2026-10-05T08:46:23.0785870Z [ 14%] Building C object CMakeFiles/webpdecode.dir/src/dec/vp8_dec.c.o
2026-10-05T08:46:23.0887500Z [ 15%] Building C object CMakeFiles/webpdecode.dir/src/dec/vp8l_dec.c.o
2026-10-05T08:46:23.0991410Z [ 16%] Building C object CMakeFiles/webpdecode.dir/src/dec/webp_dec.c.o
2026-10-05T08:46:23.1100380Z [ 16%] Built target webpdecode
2026-10-05T08:46:23.1204310Z [ 17%] Building C object CMakeFiles/webpdspdecode.dir/src/dsp/alpha_processing.c.o
2026-10-05T08:46:23.1305800Z [ 18%] Building C object CMakeFiles/webpdspdecode.dir/src/dsp/cpu.c.o
2026-10-05T08:46:23.1415120Z [ 19%] Building C object CMakeFiles/webpdspdecode.dir/src/dsp/dec.c.o
2026-10-05T08:46:23.1518900Z [ 20%] Building C object CMakeFiles/webpdspdecode.dir/src/dsp/dec_clip_tables.c.o
2026-10-05T08:46:23.1621020Z [ 21%] Building C object CMakeFiles/webpdspdecode.dir/src/dsp/filters.c.o
2026-10-05T08:46:23.1729060Z [ 22%] Building C object CMakeFiles/webpdspdecode.dir/src/dsp/lossless.c.o
2026-10-05T08:46:23.1839010Z [ 23%] Building C object CMakeFiles/webpdspdecode.dir/src/dsp/rescaler.c.o
2026-10-05T08:46:23.1941580Z [ 24%] Building C object CMakeFiles/webpdspdecode.dir/src/dsp/upsampling.c.o
2026-10-05T08:46:23.2046400Z [ 24%] Building C object CMakeFiles/webpdspdecode.dir/src/dsp/yuv.c.o
2026-10-05T08:46:23.2149410Z [ 25%] Building C object CMakeFiles/webpdspdecode.dir/src/dsp/alpha_processing_neon.c.o
2026-10-05T08:46:23.2253470Z [ 26%] Building C object CMakeFiles/webpdspdecode.dir/src/dsp/dec_neon.c.o
2026-10-05T08:46:23.2353630Z [ 27%] Building C object CMakeFiles/webpdspdecode.dir/src/dsp/filters_neon.c.o
2026-10-05T08:46:23.2454850Z [ 28%] Building C object CMakeFiles/webpdspdecode.dir/src/dsp/lossless_neon.c.o
2026-10-05T08:46:23.2557000Z [ 29%] Building C object CMakeFiles/webpdspdecode.dir/src/dsp/rescaler_neon.c.o
2026-10-05T08:46:23.2659050Z [ 30%] Building C object CMakeFiles/webpdspdecode.dir/src/dsp/upsampling_neon.c.o
2026-10-05T08:46:23.2766160Z [ 31%] Building C object CMakeFiles/webpdspdecode.dir/src/dsp/yuv_neon.c.o
2026-10-05T08:46:23.2869050Z [ 31%] Built target webpdspdecode
2026-10-05T08:46:23.2972800Z [ 32%] Building C object CMakeFiles/webputilsdecode.dir/src/utils/bit_reader_utils.c.o
2026-10-05T08:46:23.3076780Z [ 33%] Building C object CMakeFiles/webputilsdecode.dir/src/utils/color_cache_utils.c.o
2026-10-05T08:46:23.3181010Z [ 34%] Building C object CMakeFiles/webputilsdecode.dir/src/utils/filters_utils.c.o
2026-10-05T08:46:23.3290490Z [ 35%] Building C object CMakeFiles/webputilsdecode.dir/src/utils/huffman_utils.c.o
2026-10-05T08:46:23.3392140Z [ 36%] Building C object CMakeFiles/webputilsdecode.dir/src/utils/palette.c.o
2026-10-05T08:46:23.3495160Z [ 37%] Building C object CMakeFiles/webputilsdecode.dir/src/utils/quant_levels_dec_utils.c.o
2026-10-05T08:46:23.3597550Z [ 38%] Building C object CMakeFiles/webputilsdecode.dir/src/utils/rescaler_utils.c.o
2026-10-05T08:46:23.3703820Z [ 39%] Building C object CMakeFiles/webputilsdecode.dir/src/utils/random_utils.c.o
2026-10-05T08:46:23.3816110Z [ 40%] Building C object CMakeFiles/webputilsdecode.dir/src/utils/thread_utils.c.o
2026-10-05T08:46:23.3910720Z [ 41%] Building C object CMakeFiles/webputilsdecode.dir/src/utils/utils.c.o
2026-10-05T08:46:23.4011410Z [ 41%] Built target webputilsdecode
2026-10-05T08:46:23.4113040Z [ 42%] Linking C static library libwebpdecoder.a
2026-10-05T08:46:23.4228540Z [ 42%] Built target webpdecoder
2026-10-05T08:46:23.4338320Z [ 43%] Building C object CMakeFiles/webpencode.dir/src/enc/alpha_enc.c.o
2026-10-05T08:46:23.4440890Z [ 44%] Building C object CMakeFiles/webpencode.dir/src/enc/analysis_enc.c.o
2026-10-05T08:46:23.4477930Z [ 45%] Building C object CMakeFiles/webpencode.dir/src/enc/backward_references_cost_enc.c.o
2026-10-05T08:46:23.4579410Z [ 46%] Building C object CMakeFiles/webpencode.dir/src/enc/backward_references_enc.c.o
2026-10-05T08:46:23.4682520Z [ 47%] Building C object CMakeFiles/webpencode.dir/src/enc/config_enc.c.o
2026-10-05T08:46:23.4786160Z [ 47%] Building C object CMakeFiles/webpencode.dir/src/enc/cost_enc.c.o
2026-10-05T08:46:23.4887760Z [ 48%] Building C object CMakeFiles/webpencode.dir/src/enc/filter_enc.c.o
2026-10-05T08:46:23.4993120Z [ 49%] Building C object CMakeFiles/webpencode.dir/src/enc/frame_enc.c.o
2026-10-05T08:46:23.5093620Z [ 50%] Building C object CMakeFiles/webpencode.dir/src/enc/histogram_enc.c.o
2026-10-05T08:46:23.5193780Z [ 51%] Building C object CMakeFiles/webpencode.dir/src/enc/iterator_enc.c.o
2026-10-05T08:46:23.5304600Z [ 52%] Building C object CMakeFiles/webpencode.dir/src/enc/near_lossless_enc.c.o
2026-10-05T08:46:23.5408940Z [ 53%] Building C object CMakeFiles/webpencode.dir/src/enc/picture_enc.c.o
2026-10-05T08:46:23.5510350Z [ 54%] Building C object CMakeFiles/webpencode.dir/src/enc/picture_csp_enc.c.o
2026-10-05T08:46:23.5617930Z [ 55%] Building C object CMakeFiles/webpencode.dir/src/enc/picture_psnr_enc.c.o
2026-10-05T08:46:23.5719720Z [ 56%] Building C object CMakeFiles/webpencode.dir/src/enc/picture_rescale_enc.c.o
2026-10-05T08:46:23.5838420Z [ 57%] Building C object CMakeFiles/webpencode.dir/src/enc/picture_tools_enc.c.o
2026-10-05T08:46:23.5961590Z [ 58%] Building C object CMakeFiles/webpencode.dir/src/enc/predictor_enc.c.o
2026-10-05T08:46:23.6075400Z [ 59%] Building C object CMakeFiles/webpencode.dir/src/enc/quant_enc.c.o
2026-10-05T08:46:23.6196690Z [ 60%] Building C object CMakeFiles/webpencode.dir/src/enc/syntax_enc.c.o
2026-10-05T08:46:23.6312610Z [ 60%] Building C object CMakeFiles/webpencode.dir/src/enc/token_enc.c.o
2026-10-05T08:46:23.6437300Z [ 61%] Building C object CMakeFiles/webpencode.dir/src/enc/tree_enc.c.o
2026-10-05T08:46:23.6543780Z [ 62%] Building C object CMakeFiles/webpencode.dir/src/enc/vp8l_enc.c.o
2026-10-05T08:46:23.6554580Z [ 63%] Building C object CMakeFiles/webpencode.dir/src/enc/webp_enc.c.o
2026-10-05T08:46:23.6669550Z [ 63%] Built target webpencode
2026-10-05T08:46:23.6771330Z [ 64%] Building C object CMakeFiles/webpdsp.dir/src/dsp/alpha_processing.c.o
2026-10-05T08:46:23.6876380Z [ 65%] Building C object CMakeFiles/webpdsp.dir/src/dsp/cpu.c.o
2026-10-05T08:46:23.7002660Z [ 66%] Building C object CMakeFiles/webpdsp.dir/src/dsp/dec.c.o
2026-10-05T08:46:23.7124350Z [ 67%] Building C object CMakeFiles/webpdsp.dir/src/dsp/dec_clip_tables.c.o
2026-10-05T08:46:23.7241350Z [ 67%] Building C object CMakeFiles/webpdsp.dir/src/dsp/filters.c.o
2026-10-05T08:46:23.7342700Z [ 68%] Building C object CMakeFiles/webpdsp.dir/src/dsp/lossless.c.o
2026-10-05T08:46:23.7464410Z [ 69%] Building C object CMakeFiles/webpdsp.dir/src/dsp/rescaler.c.o
2026-10-05T08:46:23.7570940Z [ 70%] Building C object CMakeFiles/webpdsp.dir/src/dsp/upsampling.c.o
2026-10-05T08:46:23.7674730Z [ 71%] Building C object CMakeFiles/webpdsp.dir/src/dsp/yuv.c.o
2026-10-05T08:46:23.7780480Z [ 72%] Building C object CMakeFiles/webpdsp.dir/src/dsp/alpha_processing_neon.c.o
2026-10-05T08:46:23.7883100Z [ 73%] Building C object CMakeFiles/webpdsp.dir/src/dsp/dec_neon.c.o
2026-10-05T08:46:23.7984730Z [ 74%] Building C object CMakeFiles/webpdsp.dir/src/dsp/filters_neon.c.o
2026-10-05T08:46:23.8090650Z [ 75%] Building C object CMakeFiles/webpdsp.dir/src/dsp/lossless_neon.c.o
2026-10-05T08:46:23.8195070Z [ 76%] Building C object CMakeFiles/webpdsp.dir/src/dsp/rescaler_neon.c.o
2026-10-05T08:46:23.8297010Z [ 77%] Building C object CMakeFiles/webpdsp.dir/src/dsp/upsampling_neon.c.o
2026-10-05T08:46:23.8398310Z [ 78%] Building C object CMakeFiles/webpdsp.dir/src/dsp/yuv_neon.c.o
2026-10-05T08:46:23.8502630Z [ 79%] Building C object CMakeFiles/webpdsp.dir/src/dsp/cost.c.o
2026-10-05T08:46:23.8606300Z [ 79%] Building C object CMakeFiles/webpdsp.dir/src/dsp/enc.c.o
2026-10-05T08:46:23.8711980Z [ 80%] Building C object CMakeFiles/webpdsp.dir/src/dsp/lossless_enc.c.o
2026-10-05T08:46:23.8837090Z [ 81%] Building C object CMakeFiles/webpdsp.dir/src/dsp/ssim.c.o
2026-10-05T08:46:23.8942550Z [ 82%] Building C object CMakeFiles/webpdsp.dir/src/dsp/cost_neon.c.o
2026-10-05T08:46:23.9052340Z [ 83%] Building C object CMakeFiles/webpdsp.dir/src/dsp/enc_neon.c.o
2026-10-05T08:46:23.9183590Z [ 84%] Building C object CMakeFiles/webpdsp.dir/src/dsp/lossless_enc_neon.c.o
2026-10-05T08:46:23.9288980Z [ 84%] Built target webpdsp
2026-10-05T08:46:23.9390420Z [ 85%] Building C object CMakeFiles/webputils.dir/src/utils/bit_reader_utils.c.o
2026-10-05T08:46:23.9497960Z [ 86%] Building C object CMakeFiles/webputils.dir/src/utils/color_cache_utils.c.o
2026-10-05T08:46:23.9627310Z [ 87%] Building C object CMakeFiles/webputils.dir/src/utils/filters_utils.c.o
2026-10-05T08:46:23.9755330Z [ 88%] Building C object CMakeFiles/webputils.dir/src/utils/huffman_utils.c.o
2026-10-05T08:46:23.9863940Z [ 89%] Building C object CMakeFiles/webputils.dir/src/utils/palette.c.o
2026-10-05T08:46:24.0059040Z [ 90%] Building C object CMakeFiles/webputils.dir/src/utils/quant_levels_dec_utils.c.o
2026-10-05T08:46:24.0164270Z [ 91%] Building C object CMakeFiles/webputils.dir/src/utils/rescaler_utils.c.o
2026-10-05T08:46:24.0268370Z [ 92%] Building C object CMakeFiles/webputils.dir/src/utils/random_utils.c.o
2026-10-05T08:46:24.0370520Z [ 93%] Building C object CMakeFiles/webputils.dir/src/utils/thread_utils.c.o
2026-10-05T08:46:24.0472510Z [ 93%] Building C object CMakeFiles/webputils.dir/src/utils/utils.c.o
2026-10-05T08:46:24.0573720Z [ 94%] Building C object CMakeFiles/webputils.dir/src/utils/bit_writer_utils.c.o
2026-10-05T08:46:24.0677070Z [ 95%] Building C object CMakeFiles/webputils.dir/src/utils/huffman_encode_utils.c.o
2026-10-05T08:46:24.0786360Z [ 96%] Building C object CMakeFiles/webputils.dir/src/utils/quant_levels_utils.c.o
2026-10-05T08:46:24.0888510Z [ 96%] Built target webputils
2026-10-05T08:46:24.1064060Z [ 97%] Linking C static library libwebp.a
2026-10-05T08:46:24.1185800Z [ 97%] Built target webp
2026-10-05T08:46:24.1289450Z [ 98%] Building C object CMakeFiles/webpdemux.dir/src/demux/anim_decode.c.o
2026-10-05T08:46:24.1392810Z [ 99%] Building C object CMakeFiles/webpdemux.dir/src/demux/demux.c.o
2026-10-05T08:46:24.1494190Z [100%] Linking C static library libwebpdemux.a
2026-10-05T08:46:24.1494530Z [100%] Built target webpdemux
2026-10-05T08:46:24.1595590Z INFO: From Executing genrule //third-party/dav1d:dav1d_build:
2026-10-05T08:46:24.1696820Z + '[' ios_arm64 == ios_arm64 ']'
2026-10-05T08:46:24.1797880Z + BUILD_ARCH=arm64
2026-10-05T08:46:24.1903480Z + BUILD_DIR=bazel-out/ios_arm64-opt-ios-arm64-min13.0-ST-57b073d392e5/bin/third-party/dav1d/build_arm64
2026-10-05T08:46:24.2025840Z + rm -rf bazel-out/ios_arm64-opt-ios-arm64-min13.0-ST-57b073d392e5/bin/third-party/dav1d/build_arm64
2026-10-05T08:46:24.2126980Z + mkdir -p bazel-out/ios_arm64-opt-ios-arm64-min13.0-ST-57b073d392e5/bin/third-party/dav1d/build_arm64
2026-10-05T08:46:24.2227040Z + '[' arm64 = linux_x86_64 ']'
2026-10-05T08:46:24.2327000Z + '[' arm64 = linux_arm64 ']'
2026-10-05T08:46:24.2464290Z ++ pwd
2026-10-05T08:46:24.2579130Z + MESON_DIR=/private/var/tmp/_bazel_telegram_ios/29e64aec8f64c22cffe1a8ef8cee6a69/execroot/_main/bazel-out/ios_arm64-opt-ios-arm64-min13.0-ST-57b073d392e5/bin/third-party/dav1d/build_arm64/meson
2026-10-05T08:46:24.2680910Z + rm -rf /private/var/tmp/_bazel_telegram_ios/29e64aec8f64c22cffe1a8ef8cee6a69/execroot/_main/bazel-out/ios_arm64-opt-ios-arm64-min13.0-ST-57b073d392e5/bin/third-party/dav1d/build_arm64/meson
2026-10-05T08:46:24.2784000Z + mkdir -p /private/var/tmp/_bazel_telegram_ios/29e64aec8f64c22cffe1a8ef8cee6a69/execroot/_main/bazel-out/ios_arm64-opt-ios-arm64-min13.0-ST-57b073d392e5/bin/third-party/dav1d/build_arm64/meson
2026-10-05T08:46:24.2886730Z + tar -xzf external/+_repo_rules+meson_tar_gz/file/downloaded -C /private/var/tmp/_bazel_telegram_ios/29e64aec8f64c22cffe1a8ef8cee6a69/execroot/_main/bazel-out/ios_arm64-opt-ios-arm64-min13.0-ST-57b073d392e5/bin/third-party/dav1d/build_arm64/meson
2026-10-05T08:46:24.2993250Z ++ pwd
2026-10-05T08:46:24.3095610Z + NINJA_DIR=/private/var/tmp/_bazel_telegram_ios/29e64aec8f64c22cffe1a8ef8cee6a69/execroot/_main/bazel-out/ios_arm64-opt-ios-arm64-min13.0-ST-57b073d392e5/bin/third-party/dav1d/build_arm64/ninja
2026-10-05T08:46:24.3206580Z + rm -rf /private/var/tmp/_bazel_telegram_ios/29e64aec8f64c22cffe1a8ef8cee6a69/execroot/_main/bazel-out/ios_arm64-opt-ios-arm64-min13.0-ST-57b073d392e5/bin/third-party/dav1d/build_arm64/ninja
2026-10-05T08:46:24.3318570Z + mkdir -p /private/var/tmp/_bazel_telegram_ios/29e64aec8f64c22cffe1a8ef8cee6a69/execroot/_main/bazel-out/ios_arm64-opt-ios-arm64-min13.0-ST-57b073d392e5/bin/third-party/dav1d/build_arm64/ninja
2026-10-05T08:46:24.3424180Z + unzip external/+_repo_rules+ninja-mac_zip/file/downloaded -d /private/var/tmp/_bazel_telegram_ios/29e64aec8f64c22cffe1a8ef8cee6a69/execroot/_main/bazel-out/ios_arm64-opt-ios-arm64-min13.0-ST-57b073d392e5/bin/third-party/dav1d/build_arm64/ninja
2026-10-05T08:46:24.3534770Z + EXTRA_PATH=/private/var/tmp/_bazel_telegram_ios/29e64aec8f64c22cffe1a8ef8cee6a69/execroot/_main/bazel-out/ios_arm64-opt-ios-arm64-min13.0-ST-57b073d392e5/bin/third-party/dav1d/build_arm64/meson/meson-1.6.0:/private/var/tmp/_bazel_telegram_ios/29e64aec8f64c22cffe1a8ef8cee6a69/execroot/_main/bazel-out/ios_arm64-opt-ios-arm64-min13.0-ST-57b073d392e5/bin/third-party/dav1d/build_arm64/ninja
2026-10-05T08:46:24.3649080Z + cp third-party/dav1d/build-dav1d-bazel.sh bazel-out/ios_arm64-opt-ios-arm64-min13.0-ST-57b073d392e5/bin/third-party/dav1d/build_arm64/
2026-10-05T08:46:24.3785050Z + cp third-party/dav1d/arm64-iPhoneSimulator.meson bazel-out/ios_arm64-opt-ios-arm64-min13.0-ST-57b073d392e5/bin/third-party/dav1d/build_arm64/
2026-10-05T08:46:24.3900520Z + SOURCE_PATH=third-party/dav1d/dav1d
2026-10-05T08:46:24.4041650Z + cp -R third-party/dav1d/dav1d bazel-out/ios_arm64-opt-ios-arm64-min13.0-ST-57b073d392e5/bin/third-party/dav1d/build_arm64/
2026-10-05T08:46:24.4150940Z + mkdir -p bazel-out/ios_arm64-opt-ios-arm64-min13.0-ST-57b073d392e5/bin/third-party/dav1d/build_arm64/Public/dav1d
2026-10-05T08:46:24.4256630Z + mkdir -p bazel-out/ios_arm64-opt-ios-arm64-min13.0-ST-57b073d392e5/bin/third-party/dav1d/build_arm64/Public/compat
2026-10-05T08:46:24.4358490Z + mkdir -p bazel-out/ios_arm64-opt-ios-arm64-min13.0-ST-57b073d392e5/bin/third-party/dav1d/build_arm64/Public/common
2026-10-05T08:46:24.4461160Z + '[' -n /private/var/tmp/_bazel_telegram_ios/29e64aec8f64c22cffe1a8ef8cee6a69/execroot/_main/bazel-out/ios_arm64-opt-ios-arm64-min13.0-ST-57b073d392e5/bin/third-party/dav1d/build_arm64/meson/meson-1.6.0:/private/var/tmp/_bazel_telegram_ios/29e64aec8f64c22cffe1a8ef8cee6a69/execroot/_main/bazel-out/ios_arm64-opt-ios-arm64-min13.0-ST-57b073d392e5/bin/third-party/dav1d/build_arm64/ninja ']'
2026-10-05T08:46:24.4567630Z + PATH=/usr/bin:/bin:/usr/sbin:/sbin:/private/var/tmp/_bazel_telegram_ios/29e64aec8f64c22cffe1a8ef8cee6a69/execroot/_main/bazel-out/ios_arm64-opt-ios-arm64-min13.0-ST-57b073d392e5/bin/third-party/dav1d/build_arm64/meson/meson-1.6.0:/private/var/tmp/_bazel_telegram_ios/29e64aec8f64c22cffe1a8ef8cee6a69/execroot/_main/bazel-out/ios_arm64-opt-ios-arm64-min13.0-ST-57b073d392e5/bin/third-party/dav1d/build_arm64/ninja
2026-10-05T08:46:24.4675870Z + bash bazel-out/ios_arm64-opt-ios-arm64-min13.0-ST-57b073d392e5/bin/third-party/dav1d/build_arm64/build-dav1d-bazel.sh arm64 bazel-out/ios_arm64-opt-ios-arm64-min13.0-ST-57b073d392e5/bin/third-party/dav1d/build_arm64
2026-10-05T08:46:24.4677340Z + cp -f bazel-out/ios_arm64-opt-ios-arm64-min13.0-ST-57b073d392e5/bin/third-party/dav1d/build_arm64/dav1d/build/include/vcs_version.h bazel-out/ios_arm64-opt-ios-arm64-min13.0-ST-57b073d392e5/bin/third-party/dav1d/Public/vcs_version.h
2026-10-05T08:46:24.4805340Z + cp -f bazel-out/ios_arm64-opt-ios-arm64-min13.0-ST-57b073d392e5/bin/third-party/dav1d/build_arm64/dav1d/include/compat/msvc/stdatomic.h bazel-out/ios_arm64-opt-ios-arm64-min13.0-ST-57b073d392e5/bin/third-party/dav1d/Public/compat/msvc/stdatomic.h
2026-10-05T08:46:24.4907730Z + cp -f bazel-out/ios_arm64-opt-ios-arm64-min13.0-ST-57b073d392e5/bin/third-party/dav1d/build_arm64/dav1d/include/compat/gcc/stdatomic.h bazel-out/ios_arm64-opt-ios-arm64-min13.0-ST-57b073d392e5/bin/third-party/dav1d/Public/compat/gcc/stdatomic.h
2026-10-05T08:46:24.5016020Z + cp -f bazel-out/ios_arm64-opt-ios-arm64-min13.0-ST-57b073d392e5/bin/third-party/dav1d/build_arm64/dav1d/include/compat/getopt.h bazel-out/ios_arm64-opt-ios-arm64-min13.0-ST-57b073d392e5/bin/third-party/dav1d/Public/compat/getopt.h
2026-10-05T08:46:24.5119160Z + cp -f bazel-out/ios_arm64-opt-ios-arm64-min13.0-ST-57b073d392e5/bin/third-party/dav1d/build_arm64/dav1d/include/common/dump.h bazel-out/ios_arm64-opt-ios-arm64-min13.0-ST-57b073d392e5/bin/third-party/dav1d/Public/common/dump.h
2026-10-05T08:46:24.5242300Z + cp -f bazel-out/ios_arm64-opt-ios-arm64-min13.0-ST-57b073d392e5/bin/third-party/dav1d/build_arm64/dav1d/include/common/frame.h bazel-out/ios_arm64-opt-ios-arm64-min13.0-ST-57b073d392e5/bin/third-party/dav1d/Public/common/frame.h
2026-10-05T08:46:24.5349450Z + cp -f bazel-out/ios_arm64-opt-ios-arm64-min13.0-ST-57b073d392e5/bin/third-party/dav1d/build_arm64/dav1d/include/common/bitdepth.h bazel-out/ios_arm64-opt-ios-arm64-min13.0-ST-57b073d392e5/bin/third-party/dav1d/Public/common/bitdepth.h
2026-10-05T08:46:24.5453570Z + cp -f bazel-out/ios_arm64-opt-ios-arm64-min13.0-ST-57b073d392e5/bin/third-party/dav1d/build_arm64/dav1d/include/common/attributes.h bazel-out/ios_arm64-opt-ios-arm64-min13.0-ST-57b073d392e5/bin/third-party/dav1d/Public/common/attributes.h
2026-10-05T08:46:24.5555870Z + cp -f bazel-out/ios_arm64-opt-ios-arm64-min13.0-ST-57b073d392e5/bin/third-party/dav1d/build_arm64/dav1d/include/common/validate.h bazel-out/ios_arm64-opt-ios-arm64-min13.0-ST-57b073d392e5/bin/third-party/dav1d/Public/common/validate.h
2026-10-05T08:46:24.5660800Z + cp -f bazel-out/ios_arm64-opt-ios-arm64-min13.0-ST-57b073d392e5/bin/third-party/dav1d/build_arm64/dav1d/include/common/intops.h bazel-out/ios_arm64-opt-ios-arm64-min13.0-ST-57b073d392e5/bin/third-party/dav1d/Public/common/intops.h
2026-10-05T08:46:24.5765120Z + cp -f bazel-out/ios_arm64-opt-ios-arm64-min13.0-ST-57b073d392e5/bin/third-party/dav1d/build_arm64/dav1d/include/dav1d/picture.h bazel-out/ios_arm64-opt-ios-arm64-min13.0-ST-57b073d392e5/bin/third-party/dav1d/Public/dav1d/picture.h
2026-10-05T08:46:24.5869550Z + cp -f bazel-out/ios_arm64-opt-ios-arm64-min13.0-ST-57b073d392e5/bin/third-party/dav1d/build_arm64/dav1d/include/dav1d/version.h bazel-out/ios_arm64-opt-ios-arm64-min13.0-ST-57b073d392e5/bin/third-party/dav1d/Public/dav1d/version.h
2026-10-05T08:46:24.5972450Z + cp -f bazel-out/ios_arm64-opt-ios-arm64-min13.0-ST-57b073d392e5/bin/third-party/dav1d/build_arm64/dav1d/include/dav1d/data.h bazel-out/ios_arm64-opt-ios-arm64-min13.0-ST-57b073d392e5/bin/third-party/dav1d/Public/dav1d/data.h
2026-10-05T08:46:24.6107920Z + cp -f bazel-out/ios_arm64-opt-ios-arm64-min13.0-ST-57b073d392e5/bin/third-party/dav1d/build_arm64/dav1d/include/dav1d/headers.h bazel-out/ios_arm64-opt-ios-arm64-min13.0-ST-57b073d392e5/bin/third-party/dav1d/Public/dav1d/headers.h
2026-10-05T08:46:24.6210430Z + cp -f bazel-out/ios_arm64-opt-ios-arm64-min13.0-ST-57b073d392e5/bin/third-party/dav1d/build_arm64/dav1d/include/dav1d/common.h bazel-out/ios_arm64-opt-ios-arm64-min13.0-ST-57b073d392e5/bin/third-party/dav1d/Public/dav1d/common.h
2026-10-05T08:46:24.6313120Z + cp -f bazel-out/ios_arm64-opt-ios-arm64-min13.0-ST-57b073d392e5/bin/third-party/dav1d/build_arm64/dav1d/include/dav1d/dav1d.h bazel-out/ios_arm64-opt-ios-arm64-min13.0-ST-57b073d392e5/bin/third-party/dav1d/Public/dav1d/dav1d.h
2026-10-05T08:46:24.6416350Z + cp -f bazel-out/ios_arm64-opt-ios-arm64-min13.0-ST-57b073d392e5/bin/third-party/dav1d/build_arm64/dav1d/build/src/libdav1d.a bazel-out/ios_arm64-opt-ios-arm64-min13.0-ST-57b073d392e5/bin/third-party/dav1d/Public/dav1d/lib/libdav1d.a
2026-10-05T08:46:24.6520020Z Archive:  external/+_repo_rules+ninja-mac_zip/file/downloaded
2026-10-05T08:46:24.6621910Z   inflating: /private/var/tmp/_bazel_telegram_ios/29e64aec8f64c22cffe1a8ef8cee6a69/execroot/_main/bazel-out/ios_arm64-opt-ios-arm64-min13.0-ST-57b073d392e5/bin/third-party/dav1d/build_arm64/ninja/ninja  
2026-10-05T08:46:24.6725780Z /private/var/tmp/_bazel_telegram_ios/29e64aec8f64c22cffe1a8ef8cee6a69/execroot/_main/bazel-out/ios_arm64-opt-ios-arm64-min13.0-ST-57b073d392e5/bin/third-party/dav1d/build_arm64/dav1d /private/var/tmp/_bazel_telegram_ios/29e64aec8f64c22cffe1a8ef8cee6a69/execroot/_main
2026-10-05T08:46:24.6830630Z /private/var/tmp/_bazel_telegram_ios/29e64aec8f64c22cffe1a8ef8cee6a69/execroot/_main/bazel-out/ios_arm64-opt-ios-arm64-min13.0-ST-57b073d392e5/bin/third-party/dav1d/build_arm64/dav1d/build /private/var/tmp/_bazel_telegram_ios/29e64aec8f64c22cffe1a8ef8cee6a69/execroot/_main/bazel-out/ios_arm64-opt-ios-arm64-min13.0-ST-57b073d392e5/bin/third-party/dav1d/build_arm64/dav1d /private/var/tmp/_bazel_telegram_ios/29e64aec8f64c22cffe1a8ef8cee6a69/execroot/_main
2026-10-05T08:46:24.6930000Z The Meson build system
2026-10-05T08:46:24.7056990Z Version: 1.6.0
2026-10-05T08:46:24.7057980Z Source dir: /private/var/tmp/_bazel_telegram_ios/29e64aec8f64c22cffe1a8ef8cee6a69/execroot/_main/bazel-out/ios_arm64-opt-ios-arm64-min13.0-ST-57b073d392e5/bin/third-party/dav1d/build_arm64/dav1d
2026-10-05T08:46:24.7059440Z Build dir: /private/var/tmp/_bazel_telegram_ios/29e64aec8f64c22cffe1a8ef8cee6a69/execroot/_main/bazel-out/ios_arm64-opt-ios-arm64-min13.0-ST-57b073d392e5/bin/third-party/dav1d/build_arm64/dav1d/build
2026-10-05T08:46:24.7060340Z Build type: cross build
2026-10-05T08:46:24.7161900Z Project name: dav1d
2026-10-05T08:46:24.7262840Z Project version: 1.5.0
2026-10-05T08:46:24.7364840Z C compiler for the host machine: clang -arch arm64 -isysroot /Applications/Xcode.app/Contents/Developer/Platforms/iPhoneOS.platform/Developer/SDKs/iPhoneOS.sdk (clang 17.0.0 "Apple clang version 17.0.0 (clang-1700.6.3.2)")
2026-10-05T08:46:24.7466930Z C linker for the host machine: clang -arch arm64 -isysroot /Applications/Xcode.app/Contents/Developer/Platforms/iPhoneOS.platform/Developer/SDKs/iPhoneOS.sdk ld64 1230.1
2026-10-05T08:46:24.7575760Z C compiler for the build machine: cc (clang 17.0.0 "Apple clang version 17.0.0 (clang-1700.6.3.2)")
2026-10-05T08:46:24.7677630Z C linker for the build machine: cc ld64 1230.1
2026-10-05T08:46:24.7778800Z Build machine cpu family: aarch64
2026-10-05T08:46:24.7881030Z Build machine cpu: aarch64
2026-10-05T08:46:24.7982700Z Host machine cpu family: aarch64
2026-10-05T08:46:24.8083790Z Host machine cpu: aarch64
2026-10-05T08:46:24.8184990Z Target machine cpu family: aarch64
2026-10-05T08:46:24.8287190Z Target machine cpu: aarch64
2026-10-05T08:46:24.8390530Z Fetching value of define "DAV1D_API_VERSION_MAJOR" : 7 
2026-10-05T08:46:24.8491970Z Fetching value of define "DAV1D_API_VERSION_MINOR" : 0 
2026-10-05T08:46:24.8593250Z Fetching value of define "DAV1D_API_VERSION_PATCH" : 0 
2026-10-05T08:46:24.8694380Z Run-time dependency threads found: YES
2026-10-05T08:46:24.8800270Z Checking for function "clock_gettime" : YES 
2026-10-05T08:46:24.8906590Z Checking for function "posix_memalign" : YES 
2026-10-05T08:46:24.9008430Z Checking for function "memalign" : NO 
2026-10-05T08:46:24.9110020Z Checking for function "aligned_alloc" : NO 
2026-10-05T08:46:24.9211040Z Library m found: YES
2026-10-05T08:46:24.9319730Z Check usable header "stdatomic.h" : YES 
2026-10-05T08:46:24.9421370Z Check usable header "sys/types.h" : YES 
2026-10-05T08:46:24.9522530Z Check usable header "unistd.h" : YES 
2026-10-05T08:46:24.9624620Z Check usable header "io.h" : NO 
2026-10-05T08:46:24.9728330Z Check usable header "pthread_np.h" : NO 
2026-10-05T08:46:24.9830010Z Checking for function "getopt_long" : YES 
2026-10-05T08:46:24.9931460Z Checking for function "getauxval" : NO 
2026-10-05T08:46:25.0032630Z Checking for function "elf_aux_info" : NO 
2026-10-05T08:46:25.0062350Z Checking for function "pthread_getaffinity_np" with dependency threads: NO 
2026-10-05T08:46:25.0080550Z Checking for function "pthread_setaffinity_np" with dependency threads: NO 
2026-10-05T08:46:25.0096740Z Checking for function "pthread_setname_np" with dependency threads: YES 
2026-10-05T08:46:25.0101020Z Checking for function "pthread_set_name_np" with dependency threads: NO 
2026-10-05T08:46:25.0104060Z Checking if "_Generic" compiles: YES 
2026-10-05T08:46:25.0107250Z Compiler for C supports arguments -fvisibility=hidden: YES 
2026-10-05T08:46:25.0129920Z Compiler for C supports arguments -Wundef: YES 
2026-10-05T08:46:25.0131570Z Compiler for C supports arguments -Werror=vla: YES 
2026-10-05T08:46:25.0133020Z Compiler for C supports arguments -Wno-maybe-uninitialized: NO 
2026-10-05T08:46:25.0136040Z Compiler for C supports arguments -Wno-missing-field-initializers: YES 
2026-10-05T08:46:25.0172070Z Compiler for C supports arguments -Wno-unused-parameter: YES 
2026-10-05T08:46:25.0274510Z Compiler for C supports arguments -Wstrict-prototypes: YES 
2026-10-05T08:46:25.0378560Z Compiler for C supports arguments -Werror=missing-prototypes: YES 
2026-10-05T08:46:25.0485110Z Compiler for C supports arguments -Wshorten-64-to-32: YES 
2026-10-05T08:46:25.0597780Z Compiler for C supports arguments -fomit-frame-pointer: YES 
2026-10-05T08:46:25.0699540Z Compiler for C supports arguments -ffast-math: YES 
2026-10-05T08:46:25.0815890Z Compiler for C supports arguments -fno-align-functions: YES 
2026-10-05T08:46:25.0935190Z Checking if "DOTPROD" compiles: YES 
2026-10-05T08:46:25.1037180Z Checking if "I8MM" compiles: YES 
2026-10-05T08:46:25.1138280Z Checking if "SVE" compiles: YES 
2026-10-05T08:46:25.1239600Z Checking if "SVE2" compiles: YES 
2026-10-05T08:46:25.1341040Z Configuring config.h using configuration
2026-10-05T08:46:25.1444770Z Found pkg-config: NO
2026-10-05T08:46:25.1550290Z Header "xxhash.h" has symbol "XXH3_createState" : NO 
2026-10-05T08:46:25.1653420Z Build targets in project: 6
2026-10-05T08:46:25.1754310Z 
2026-10-05T08:46:25.1859150Z dav1d 1.5.0
2026-10-05T08:46:25.1959940Z 
2026-10-05T08:46:25.2060730Z   User defined options
2026-10-05T08:46:25.2065310Z     Cross files    : ../package/crossfiles/arm64-iPhoneOS.meson
2026-10-05T08:46:25.2071350Z     buildtype      : release
2026-10-05T08:46:25.2085540Z     default_library: static
2026-10-05T08:46:25.2086270Z     enable_tests   : false
2026-10-05T08:46:25.2086570Z     enable_tools   : false
2026-10-05T08:46:25.2086840Z 
2026-10-05T08:46:25.2087570Z Found ninja-1.12.1 at /private/var/tmp/_bazel_telegram_ios/29e64aec8f64c22cffe1a8ef8cee6a69/execroot/_main/bazel-out/ios_arm64-opt-ios-arm64-min13.0-ST-57b073d392e5/bin/third-party/dav1d/build_arm64/ninja/ninja
2026-10-05T08:46:25.2088470Z [1/73] Compiling C object src/libdav1d_bitdepth_8.a.p/fg_apply_tmpl.c.o
2026-10-05T08:46:25.2089030Z [2/73] Compiling C object src/libdav1d_bitdepth_8.a.p/cdef_tmpl.c.o
2026-10-05T08:46:25.2089540Z [3/73] Compiling C object src/libdav1d_bitdepth_8.a.p/cdef_apply_tmpl.c.o
2026-10-05T08:46:25.2090080Z [4/73] Compiling C object src/libdav1d_bitdepth_8.a.p/ipred_prepare_tmpl.c.o
2026-10-05T08:46:25.2090640Z [5/73] Compiling C object src/libdav1d_bitdepth_8.a.p/filmgrain_tmpl.c.o
2026-10-05T08:46:25.2091150Z [6/73] Compiling C object src/libdav1d_bitdepth_8.a.p/loopfilter_tmpl.c.o
2026-10-05T08:46:25.2091880Z [7/73] Compiling C object src/libdav1d_bitdepth_8.a.p/ipred_tmpl.c.o
2026-10-05T08:46:25.2092430Z [8/73] Compiling C object src/libdav1d_bitdepth_8.a.p/lf_apply_tmpl.c.o
2026-10-05T08:46:25.2092960Z [9/73] Compiling C object src/libdav1d_bitdepth_8.a.p/lr_apply_tmpl.c.o
2026-10-05T08:46:25.2093480Z [10/73] Compiling C object src/libdav1d_bitdepth_8.a.p/itx_tmpl.c.o
2026-10-05T08:46:25.2093970Z [11/73] Compiling C object src/libdav1d_bitdepth_16.a.p/cdef_apply_tmpl.c.o
2026-10-05T08:46:25.2094480Z [12/73] Compiling C object src/libdav1d_bitdepth_8.a.p/looprestoration_tmpl.c.o
2026-10-05T08:46:25.2095710Z [13/73] Compiling C object src/libdav1d_bitdepth_16.a.p/fg_apply_tmpl.c.o
2026-10-05T08:46:25.2096330Z [14/73] Compiling C object src/libdav1d_bitdepth_16.a.p/cdef_tmpl.c.o
2026-10-05T08:46:25.2097480Z [15/73] Compiling C object src/libdav1d_bitdepth_16.a.p/ipred_prepare_tmpl.c.o
2026-10-05T08:46:25.2098080Z [16/73] Compiling C object src/libdav1d_bitdepth_8.a.p/mc_tmpl.c.o
2026-10-05T08:46:25.2099620Z [17/73] Compiling C object src/libdav1d_bitdepth_16.a.p/filmgrain_tmpl.c.o
2026-10-05T08:46:25.2100140Z [18/73] Compiling C object src/libdav1d_bitdepth_16.a.p/ipred_tmpl.c.o
2026-10-05T08:46:25.2101010Z [19/73] Compiling C object src/libdav1d_bitdepth_16.a.p/loopfilter_tmpl.c.o
2026-10-05T08:46:25.2101620Z [20/73] Compiling C object src/libdav1d_bitdepth_16.a.p/itx_tmpl.c.o
2026-10-05T08:46:25.2102100Z [21/73] Compiling C object src/libdav1d_bitdepth_16.a.p/lf_apply_tmpl.c.o
2026-10-05T08:46:25.2102620Z [22/73] Compiling C object src/libdav1d_bitdepth_16.a.p/lr_apply_tmpl.c.o
2026-10-05T08:46:25.2106550Z [23/73] Compiling C object src/libdav1d_bitdepth_8.a.p/recon_tmpl.c.o
2026-10-05T08:46:25.2106980Z [24/73] Compiling C object src/libdav1d_bitdepth_16.a.p/mc_tmpl.c.o
2026-10-05T08:46:25.2107410Z [25/73] Compiling C object src/libdav1d_bitdepth_16.a.p/looprestoration_tmpl.c.o
2026-10-05T08:46:25.2107820Z [26/73] Generating include/vcs_version.h with a custom command
2026-10-05T08:46:25.2108710Z fatal: not a git repository: /private/var/tmp/_bazel_telegram_ios/29e64aec8f64c22cffe1a8ef8cee6a69/execroot/_main/bazel-out/ios_arm64-opt-ios-arm64-min13.0-ST-57b073d392e5/bin/third-party/dav1d/build_arm64/dav1d/../../../.git/modules/third-party/dav1d/dav1d
2026-10-05T08:46:25.2109970Z [27/73] Compiling C object src/libdav1d.a.p/ctx.c.o
2026-10-05T08:46:25.2110230Z [28/73] Compiling C object src/libdav1d.a.p/cpu.c.o
2026-10-05T08:46:25.2110530Z [29/73] Compiling C object src/libdav1d.a.p/data.c.o
2026-10-05T08:46:25.2110880Z [30/73] Compiling C object src/libdav1d.a.p/dequant_tables.c.o
2026-10-05T08:46:25.2111180Z [31/73] Compiling C object src/libdav1d.a.p/intra_edge.c.o
2026-10-05T08:46:25.2111470Z [32/73] Compiling C object src/libdav1d.a.p/getbits.c.o
2026-10-05T08:46:25.2111850Z [33/73] Compiling C object src/libdav1d_bitdepth_16.a.p/recon_tmpl.c.o
2026-10-05T08:46:25.2112230Z [34/73] Compiling C object src/libdav1d.a.p/lf_mask.c.o
2026-10-05T08:46:25.2112840Z [35/73] Compiling C object src/libdav1d.a.p/log.c.o
2026-10-05T08:46:25.2113090Z [36/73] Compiling C object src/libdav1d.a.p/lib.c.o
2026-10-05T08:46:25.2113340Z [37/73] Compiling C object src/libdav1d.a.p/mem.c.o
2026-10-05T08:46:25.2113600Z [38/73] Compiling C object src/libdav1d.a.p/msac.c.o
2026-10-05T08:46:25.2114060Z [39/73] Compiling C object src/libdav1d.a.p/pal.c.o
2026-10-05T08:46:25.2114360Z [40/73] Compiling C object src/libdav1d.a.p/itx_1d.c.o
2026-10-05T08:46:25.2114650Z [41/73] Compiling C object src/libdav1d.a.p/picture.c.o
2026-10-05T08:46:25.2114920Z [42/73] Compiling C object src/libdav1d.a.p/ref.c.o
2026-10-05T08:46:25.2115180Z [43/73] Compiling C object src/libdav1d.a.p/qm.c.o
2026-10-05T08:46:25.2115570Z [44/73] Compiling C object src/libdav1d.a.p/scan.c.o
2026-10-05T08:46:25.2115880Z [45/73] Compiling C object src/libdav1d.a.p/tables.c.o
2026-10-05T08:46:25.2116180Z [46/73] Compiling C object src/libdav1d.a.p/obu.c.o
2026-10-05T08:46:25.2116480Z [47/73] Compiling C object src/libdav1d.a.p/cdf.c.o
2026-10-05T08:46:25.2116850Z [48/73] Compiling C object src/libdav1d.a.p/warpmv.c.o
2026-10-05T08:46:25.2117280Z [49/73] Compiling C object src/libdav1d.a.p/arm_cpu.c.o
2026-10-05T08:46:25.2117600Z [50/73] Compiling C object src/libdav1d.a.p/refmvs.c.o
2026-10-05T08:46:25.2118030Z [51/73] Compiling C object src/libdav1d.a.p/wedge.c.o
2026-10-05T08:46:25.2118410Z [52/73] Compiling C object src/libdav1d.a.p/arm_64_looprestoration_common.S.o
2026-10-05T08:46:25.2118850Z [53/73] Compiling C object src/libdav1d.a.p/arm_64_msac.S.o
2026-10-05T08:46:25.2119590Z [54/73] Compiling C object src/libdav1d.a.p/arm_64_refmvs.S.o
2026-10-05T08:46:25.2119930Z [55/73] Compiling C object src/libdav1d.a.p/arm_64_cdef.S.o
2026-10-05T08:46:25.2120560Z [56/73] Compiling C object src/libdav1d.a.p/arm_64_itx.S.o
2026-10-05T08:46:25.2121010Z [57/73] Compiling C object src/libdav1d.a.p/arm_64_ipred.S.o
2026-10-05T08:46:25.2121370Z [58/73] Compiling C object src/libdav1d.a.p/arm_64_loopfilter.S.o
2026-10-05T08:46:25.2121770Z [59/73] Compiling C object src/libdav1d.a.p/arm_64_filmgrain.S.o
2026-10-05T08:46:25.2122230Z [60/73] Compiling C object src/libdav1d.a.p/arm_64_looprestoration.S.o
2026-10-05T08:46:25.2122640Z [61/73] Compiling C object src/libdav1d.a.p/arm_64_cdef16.S.o
2026-10-05T08:46:25.2123040Z [62/73] Compiling C object src/libdav1d.a.p/arm_64_mc_dotprod.S.o
2026-10-05T08:46:25.2123460Z [63/73] Compiling C object src/libdav1d.a.p/arm_64_filmgrain16.S.o
2026-10-05T08:46:25.2123890Z [64/73] Compiling C object src/libdav1d.a.p/arm_64_ipred16.S.o
2026-10-05T08:46:25.2124290Z [65/73] Compiling C object src/libdav1d.a.p/arm_64_loopfilter16.S.o
2026-10-05T08:46:25.2124980Z [66/73] Compiling C object src/libdav1d.a.p/arm_64_mc.S.o
2026-10-05T08:46:25.2125390Z [67/73] Compiling C object src/libdav1d.a.p/arm_64_looprestoration16.S.o
2026-10-05T08:46:25.2125780Z [68/73] Compiling C object src/libdav1d.a.p/arm_64_mc16_sve.S.o
2026-10-05T08:46:25.2126270Z [69/73] Compiling C object src/libdav1d.a.p/arm_64_itx16.S.o
2026-10-05T08:46:25.2126640Z [70/73] Compiling C object src/libdav1d.a.p/thread_task.c.o
2026-10-05T08:46:25.2126980Z [71/73] Compiling C object src/libdav1d.a.p/arm_64_mc16.S.o
2026-10-05T08:46:25.2127300Z [72/73] Compiling C object src/libdav1d.a.p/decode.c.o
2026-10-05T08:46:25.2127610Z [73/73] Linking static target src/libdav1d.a
2026-10-05T08:46:25.2128500Z /private/var/tmp/_bazel_telegram_ios/29e64aec8f64c22cffe1a8ef8cee6a69/execroot/_main/bazel-out/ios_arm64-opt-ios-arm64-min13.0-ST-57b073d392e5/bin/third-party/dav1d/build_arm64/dav1d /private/var/tmp/_bazel_telegram_ios/29e64aec8f64c22cffe1a8ef8cee6a69/execroot/_main
2026-10-05T08:46:25.2129810Z /private/var/tmp/_bazel_telegram_ios/29e64aec8f64c22cffe1a8ef8cee6a69/execroot/_main
2026-10-05T08:46:25.2130250Z INFO: From MetalCompile Telegram/CallScreenShaders.air:
2026-10-05T08:46:25.2130840Z submodules/TelegramUI/Components/Calls/CallScreen/Metal/CallScreenShaders.metal:261:19: warning: left operand of comma operator has no effect [-Wunused-value]
2026-10-05T08:46:25.2131740Z     half2 inUV = (inTextureU.read(uvPosition).r, inTextureV.read(uvPosition).r);
2026-10-05T08:46:25.2132070Z                   ^~~~~~~~~~~~~~~~~~~~~~~~~~~~~
2026-10-05T08:46:25.2132270Z 1 warning generated.
2026-10-05T08:46:25.2132700Z [1,425 / 5,748] Executing genrule //Telegram:GeneratedPresentationStrings; 1s local, disk-cache ... (3 actions running)
2026-10-05T08:46:25.2133260Z INFO: From Executing genrule //Telegram:GeneratedPresentationStrings:
2026-10-05T08:46:25.2133570Z Generating strings into:
2026-10-05T08:46:25.2134170Z bazel-out/ios_arm64-opt-ios-arm64-min13.0-ST-57b073d392e5/bin/Telegram/GeneratedPresentationStrings/PublicHeaders/PresentationStrings/PresentationStrings.h
2026-10-05T08:46:25.2135120Z bazel-out/ios_arm64-opt-ios-arm64-min13.0-ST-57b073d392e5/bin/Telegram/GeneratedPresentationStrings/Sources/PresentationStrings.m
2026-10-05T08:46:25.2136210Z [1,426 / 5,748] Executing genrule //third-party/yasm:yasm [for tool]; 2s local, disk-cache ... (3 actions, 2 running)
2026-10-05T08:46:25.2136780Z INFO: From Executing genrule //third-party/flatc:flatc [for tool]:
2026-10-05T08:46:25.2137150Z ++ PATH=/usr/bin:/bin:/usr/sbin:/sbin:/usr/sbin
2026-10-05T08:46:25.2137400Z ++ sysctl -n hw.logicalcpu
2026-10-05T08:46:25.2137600Z + core_count=3
2026-10-05T08:46:25.2137920Z + BUILD_DIR=bazel-out/darwin_arm64-opt-exec-ST-d57f47055a04/bin/third-party/flatc/build
2026-10-05T08:46:25.2138390Z + rm -rf bazel-out/darwin_arm64-opt-exec-ST-d57f47055a04/bin/third-party/flatc/build
2026-10-05T08:46:25.2138940Z + mkdir -p bazel-out/darwin_arm64-opt-exec-ST-d57f47055a04/bin/third-party/flatc/build
2026-10-05T08:46:25.2139280Z ++ pwd
2026-10-05T08:46:25.2139990Z + CMAKE_DIR=/private/var/tmp/_bazel_telegram_ios/29e64aec8f64c22cffe1a8ef8cee6a69/execroot/_main/bazel-out/darwin_arm64-opt-exec-ST-d57f47055a04/bin/third-party/flatc/build/cmake
2026-10-05T08:46:25.2141450Z + rm -rf /private/var/tmp/_bazel_telegram_ios/29e64aec8f64c22cffe1a8ef8cee6a69/execroot/_main/bazel-out/darwin_arm64-opt-exec-ST-d57f47055a04/bin/third-party/flatc/build/cmake
2026-10-05T08:46:25.2142560Z + mkdir -p /private/var/tmp/_bazel_telegram_ios/29e64aec8f64c22cffe1a8ef8cee6a69/execroot/_main/bazel-out/darwin_arm64-opt-exec-ST-d57f47055a04/bin/third-party/flatc/build/cmake
2026-10-05T08:46:25.2143790Z + tar -xf external/+_repo_rules+cmake_tar_gz/file/downloaded -C /private/var/tmp/_bazel_telegram_ios/29e64aec8f64c22cffe1a8ef8cee6a69/execroot/_main/bazel-out/darwin_arm64-opt-exec-ST-d57f47055a04/bin/third-party/flatc/build/cmake
2026-10-05T08:46:25.2144940Z + tar -xzf external/+_repo_rules+flatbuffers_zip/file/downloaded --directory bazel-out/darwin_arm64-opt-exec-ST-d57f47055a04/bin/third-party/flatc/build
2026-10-05T08:46:25.2145930Z + pushd bazel-out/darwin_arm64-opt-exec-ST-d57f47055a04/bin/third-party/flatc/build/flatbuffers-24.12.23
2026-10-05T08:46:25.2146520Z + mkdir build
2026-10-05T08:46:25.2146670Z + cd build
2026-10-05T08:46:25.2147460Z + PATH=/private/var/tmp/_bazel_telegram_ios/29e64aec8f64c22cffe1a8ef8cee6a69/execroot/_main/bazel-out/darwin_arm64-opt-exec-ST-d57f47055a04/bin/third-party/flatc/build/cmake/cmake-4.1.2-macos-universal/CMake.app/Contents/bin:/usr/bin:/bin:/usr/sbin:/sbin
2026-10-05T08:46:25.2148750Z + cmake .. -DCMAKE_BUILD_TYPE=Release -DFLATBUFFERS_BUILD_TESTS=0 -DFLATBUFFERS_INSTALL=0 -DFLATBUFFERS_BUILD_FLATLIB=0 -DFLATBUFFERS_STATIC_FLATC=0
2026-10-05T08:46:25.2149330Z + make -j 3
2026-10-05T08:46:25.2149470Z + popd
2026-10-05T08:46:25.2150130Z + cp bazel-out/darwin_arm64-opt-exec-ST-d57f47055a04/bin/third-party/flatc/build/flatbuffers-24.12.23/build/flatc bazel-out/darwin_arm64-opt-exec-ST-d57f47055a04/bin/third-party/flatc/flatc_bin
2026-10-05T08:46:25.2151720Z /private/var/tmp/_bazel_telegram_ios/29e64aec8f64c22cffe1a8ef8cee6a69/execroot/_main/bazel-out/darwin_arm64-opt-exec-ST-d57f47055a04/bin/third-party/flatc/build/flatbuffers-24.12.23 /private/var/tmp/_bazel_telegram_ios/29e64aec8f64c22cffe1a8ef8cee6a69/execroot/_main
2026-10-05T08:46:25.2152610Z -- Proceeding with version: 24.12.23.0
2026-10-05T08:46:25.2153140Z -- The CXX compiler identification is AppleClang 17.0.0.17000603
2026-10-05T08:46:25.2153420Z -- Detecting CXX compiler ABI info
2026-10-05T08:46:25.2153690Z -- Detecting CXX compiler ABI info - done
2026-10-05T08:46:25.2153980Z -- Check for working CXX compiler: /usr/bin/c++ - skipped
2026-10-05T08:46:25.2154300Z -- Detecting CXX compile features
2026-10-05T08:46:25.2154530Z -- Detecting CXX compile features - done
2026-10-05T08:46:25.2154730Z -- Looking for strtof_l
2026-10-05T08:46:25.2154910Z -- Looking for strtof_l - not found
2026-10-05T08:46:25.2155100Z -- Looking for strtoull_l
2026-10-05T08:46:25.2155280Z -- Looking for strtoull_l - not found
2026-10-05T08:46:25.2155500Z -- Looking for realpath
2026-10-05T08:46:25.2155710Z -- Looking for realpath - found
2026-10-05T08:46:25.2155920Z -- CMAKE_CXX_FLAGS: 
2026-10-05T08:46:25.2156090Z -- Configuring done (5.5s)
2026-10-05T08:46:25.2156470Z -- Generating done (0.0s)
2026-10-05T08:46:25.2157460Z -- Build files have been written to: /private/var/tmp/_bazel_telegram_ios/29e64aec8f64c22cffe1a8ef8cee6a69/execroot/_main/bazel-out/darwin_arm64-opt-exec-ST-d57f47055a04/bin/third-party/flatc/build/flatbuffers-24.12.23/build
2026-10-05T08:46:25.2158300Z [  2%] Building CXX object CMakeFiles/flatc.dir/src/idl_parser.cpp.o
2026-10-05T08:46:25.2158710Z [  5%] Building CXX object CMakeFiles/flatc.dir/src/idl_gen_text.cpp.o
2026-10-05T08:46:25.2159140Z [  7%] Building CXX object CMakeFiles/flatc.dir/src/reflection.cpp.o
2026-10-05T08:46:25.2159470Z [ 10%] Building CXX object CMakeFiles/flatc.dir/src/util.cpp.o
2026-10-05T08:46:25.2159820Z [ 12%] Building CXX object CMakeFiles/flatc.dir/src/idl_gen_binary.cpp.o
2026-10-05T08:46:25.2160500Z [ 15%] Building CXX object CMakeFiles/flatc.dir/src/idl_gen_cpp.cpp.o
2026-10-05T08:46:25.2160870Z [ 17%] Building CXX object CMakeFiles/flatc.dir/src/idl_gen_csharp.cpp.o
2026-10-05T08:46:25.2161220Z [ 20%] Building CXX object CMakeFiles/flatc.dir/src/idl_gen_dart.cpp.o
2026-10-05T08:46:25.2161580Z [ 23%] Building CXX object CMakeFiles/flatc.dir/src/idl_gen_kotlin.cpp.o
2026-10-05T08:46:25.2161970Z [ 25%] Building CXX object CMakeFiles/flatc.dir/src/idl_gen_kotlin_kmp.cpp.o
2026-10-05T08:46:25.2162350Z [ 28%] Building CXX object CMakeFiles/flatc.dir/src/idl_gen_go.cpp.o
2026-10-05T08:46:25.2162690Z [ 30%] Building CXX object CMakeFiles/flatc.dir/src/idl_gen_java.cpp.o
2026-10-05T08:46:25.2163040Z [ 33%] Building CXX object CMakeFiles/flatc.dir/src/idl_gen_ts.cpp.o
2026-10-05T08:46:25.2163370Z [ 35%] Building CXX object CMakeFiles/flatc.dir/src/idl_gen_php.cpp.o
2026-10-05T08:46:25.2163730Z [ 38%] Building CXX object CMakeFiles/flatc.dir/src/idl_gen_python.cpp.o
2026-10-05T08:46:25.2164090Z [ 41%] Building CXX object CMakeFiles/flatc.dir/src/idl_gen_lobster.cpp.o
2026-10-05T08:46:25.2164440Z [ 43%] Building CXX object CMakeFiles/flatc.dir/src/idl_gen_rust.cpp.o
2026-10-05T08:46:25.2164780Z [ 46%] Building CXX object CMakeFiles/flatc.dir/src/idl_gen_fbs.cpp.o
2026-10-05T08:46:25.2165340Z [ 48%] Building CXX object CMakeFiles/flatc.dir/src/idl_gen_grpc.cpp.o
2026-10-05T08:46:25.2166580Z [ 51%] Building CXX object CMakeFiles/flatc.dir/src/idl_gen_json_schema.cpp.o
2026-10-05T08:46:25.2167100Z [ 53%] Building CXX object CMakeFiles/flatc.dir/src/idl_gen_swift.cpp.o
2026-10-05T08:46:25.2171450Z [ 56%] Building CXX object CMakeFiles/flatc.dir/src/file_name_saving_file_manager.cpp.o
2026-10-05T08:46:25.2172910Z [ 58%] Building CXX object CMakeFiles/flatc.dir/src/file_binary_writer.cpp.o
2026-10-05T08:46:25.2173900Z [ 61%] Building CXX object CMakeFiles/flatc.dir/src/file_writer.cpp.o
2026-10-05T08:46:25.2175060Z [ 64%] Building CXX object CMakeFiles/flatc.dir/src/flatc.cpp.o
2026-10-05T08:46:25.2175500Z [ 66%] Building CXX object CMakeFiles/flatc.dir/src/flatc_main.cpp.o
2026-10-05T08:46:25.2176320Z [ 69%] Building CXX object CMakeFiles/flatc.dir/include/codegen/python.cc.o
2026-10-05T08:46:25.2177120Z [ 71%] Building CXX object CMakeFiles/flatc.dir/src/binary_annotator.cpp.o
2026-10-05T08:46:25.2177690Z [ 74%] Building CXX object CMakeFiles/flatc.dir/src/annotated_binary_text_gen.cpp.o
2026-10-05T08:46:25.2178410Z [ 76%] Building CXX object CMakeFiles/flatc.dir/src/bfbs_gen_lua.cpp.o
2026-10-05T08:46:25.2178780Z [ 79%] Building CXX object CMakeFiles/flatc.dir/src/bfbs_gen_nim.cpp.o
2026-10-05T08:46:25.2179630Z [ 82%] Building CXX object CMakeFiles/flatc.dir/src/code_generators.cpp.o
2026-10-05T08:46:25.2180130Z [ 84%] Building CXX object CMakeFiles/flatc.dir/grpc/src/compiler/cpp_generator.cc.o
2026-10-05T08:46:25.2181760Z [ 87%] Building CXX object CMakeFiles/flatc.dir/grpc/src/compiler/go_generator.cc.o
2026-10-05T08:46:25.2184970Z [ 89%] Building CXX object CMakeFiles/flatc.dir/grpc/src/compiler/java_generator.cc.o
2026-10-05T08:46:25.2185800Z [ 92%] Building CXX object CMakeFiles/flatc.dir/grpc/src/compiler/python_generator.cc.o
2026-10-05T08:46:25.2186320Z [ 94%] Building CXX object CMakeFiles/flatc.dir/grpc/src/compiler/swift_generator.cc.o
2026-10-05T08:46:25.2186790Z [ 97%] Building CXX object CMakeFiles/flatc.dir/grpc/src/compiler/ts_generator.cc.o
2026-10-05T08:46:25.2187200Z [100%] Linking CXX executable flatc
2026-10-05T08:46:25.2187410Z [100%] Built target flatc
2026-10-05T08:46:25.2187870Z /private/var/tmp/_bazel_telegram_ios/29e64aec8f64c22cffe1a8ef8cee6a69/execroot/_main
2026-10-05T08:46:25.2188410Z INFO: From Executing genrule //submodules/TelegramCore/FlatSerialization:GenerateModels:
2026-10-05T08:46:25.2188770Z ++ pwd
2026-10-05T08:46:25.2189320Z + FLATC=/private/var/tmp/_bazel_telegram_ios/29e64aec8f64c22cffe1a8ef8cee6a69/execroot/_main/bazel-out/darwin_arm64-opt-exec-ST-d57f47055a04/bin/third-party/flatc/flatc_bin
2026-10-05T08:46:25.2190810Z + BUILD_DIR=bazel-out/ios_arm64-opt-ios-arm64-min13.0-ST-57b073d392e5/bin/submodules/TelegramCore/FlatSerialization/build
2026-10-05T08:46:25.2191510Z + rm -rf bazel-out/ios_arm64-opt-ios-arm64-min13.0-ST-57b073d392e5/bin/submodules/TelegramCore/FlatSerialization/build
2026-10-05T08:46:25.2192180Z + mkdir -p bazel-out/ios_arm64-opt-ios-arm64-min13.0-ST-57b073d392e5/bin/submodules/TelegramCore/FlatSerialization/build
2026-10-05T08:46:25.2203280Z + /private/var/tmp/_bazel_telegram_ios/29e64aec8f64c22cffe1a8ef8cee6a69/execroot/_main/bazel-out/darwin_arm64-opt-exec-ST-d57f47055a04/bin/third-party/flatc/flatc_bin --no-warnings --require-explicit-ids --swift -o bazel-out/ios_arm64-opt-ios-arm64-min13.0-ST-57b073d392e5/bin/submodules/TelegramCore/FlatSerialization/build submodules/TelegramCore/FlatSerialization/Models/InstantPage.fbs submodules/TelegramCore/FlatSerialization/Models/InstantPageBlock.fbs submodules/TelegramCore/FlatSerialization/Models/ItemCollectionId.fbs submodules/TelegramCore/FlatSerialization/Models/Media.fbs submodules/TelegramCore/FlatSerialization/Models/MediaId.fbs submodules/TelegramCore/FlatSerialization/Models/MessageId.fbs submodules/TelegramCore/FlatSerialization/Models/Optional.fbs submodules/TelegramCore/FlatSerialization/Models/PartialMediaReference.fbs submodules/TelegramCore/FlatSerialization/Models/PeerAccessRestrictionInfo.fbs submodules/TelegramCore/FlatSerialization/Models/PeerCollectibleColor.fbs submodules/TelegramCore/FlatSerialization/Models/PeerEmojiStatus.fbs submodules/TelegramCore/FlatSerialization/Models/PeerId.fbs submodules/TelegramCore/FlatSerialization/Models/PeerNameColor.fbs submodules/TelegramCore/FlatSerialization/Models/PeerReference.fbs submodules/TelegramCore/FlatSerialization/Models/PixelDimensions.fbs submodules/TelegramCore/FlatSerialization/Models/RichText.fbs submodules/TelegramCore/FlatSerialization/Models/StarsAmount.fbs submodules/TelegramCore/FlatSerialization/Models/StickerPackCollectionInfo.fbs submodules/TelegramCore/FlatSerialization/Models/StickerPackReference.fbs submodules/TelegramCore/FlatSerialization/Models/StoredDeviceContactData.fbs submodules/TelegramCore/FlatSerialization/Models/TelegramChannel.fbs submodules/TelegramCore/FlatSerialization/Models/TelegramChatAdminRights.fbs submodules/TelegramCore/FlatSerialization/Models/TelegramChatBannedRights.fbs submodules/TelegramCore/FlatSerialization/Models/TelegramCommunity.fbs submodules/TelegramCore/FlatSerialization/Models/TelegramGroup.fbs submodules/TelegramCore/FlatSerialization/Models/TelegramMediaFile.fbs submodules/TelegramCore/FlatSerialization/Models/TelegramMediaFileAttribute.fbs submodules/TelegramCore/FlatSerialization/Models/TelegramMediaImage.fbs submodules/TelegramCore/FlatSerialization/Models/TelegramMediaImageRepresentation.fbs submodules/TelegramCore/FlatSerialization/Models/TelegramMediaResource.fbs submodules/TelegramCore/FlatSerialization/Models/TelegramPeerAccessHash.fbs submodules/TelegramCore/FlatSerialization/Models/TelegramPeerUsername.fbs submodules/TelegramCore/FlatSerialization/Models/TelegramUser.fbs submodules/TelegramCore/FlatSerialization/Models/VideoThumbnail.fbs
2026-10-05T08:46:25.2219490Z + cp bazel-out/ios_arm64-opt-ios-arm64-min13.0-ST-57b073d392e5/bin/submodules/TelegramCore/FlatSerialization/build/InstantPage_generated.swift bazel-out/ios_arm64-opt-ios-arm64-min13.0-ST-57b073d392e5/bin/submodules/TelegramCore/FlatSerialization/InstantPage_generated.swift
2026-10-05T08:46:25.2221840Z + cp bazel-out/ios_arm64-opt-ios-arm64-min13.0-ST-57b073d392e5/bin/submodules/TelegramCore/FlatSerialization/build/InstantPageBlock_generated.swift bazel-out/ios_arm64-opt-ios-arm64-min13.0-ST-57b073d392e5/bin/submodules/TelegramCore/FlatSerialization/InstantPageBlock_generated.swift
2026-10-05T08:46:25.2223750Z + cp bazel-out/ios_arm64-opt-ios-arm64-min13.0-ST-57b073d392e5/bin/submodules/TelegramCore/FlatSerialization/build/ItemCollectionId_generated.swift bazel-out/ios_arm64-opt-ios-arm64-min13.0-ST-57b073d392e5/bin/submodules/TelegramCore/FlatSerialization/ItemCollectionId_generated.swift
2026-10-05T08:46:25.2226440Z + cp bazel-out/ios_arm64-opt-ios-arm64-min13.0-ST-57b073d392e5/bin/submodules/TelegramCore/FlatSerialization/build/Media_generated.swift bazel-out/ios_arm64-opt-ios-arm64-min13.0-ST-57b073d392e5/bin/submodules/TelegramCore/FlatSerialization/Media_generated.swift
2026-10-05T08:46:25.2228630Z + cp bazel-out/ios_arm64-opt-ios-arm64-min13.0-ST-57b073d392e5/bin/submodules/TelegramCore/FlatSerialization/build/MediaId_generated.swift bazel-out/ios_arm64-opt-ios-arm64-min13.0-ST-57b073d392e5/bin/submodules/TelegramCore/FlatSerialization/MediaId_generated.swift
2026-10-05T08:46:25.2232060Z + cp bazel-out/ios_arm64-opt-ios-arm64-min13.0-ST-57b073d392e5/bin/submodules/TelegramCore/FlatSerialization/build/MessageId_generated.swift bazel-out/ios_arm64-opt-ios-arm64-min13.0-ST-57b073d392e5/bin/submodules/TelegramCore/FlatSerialization/MessageId_generated.swift
2026-10-05T08:46:25.2234650Z + cp bazel-out/ios_arm64-opt-ios-arm64-min13.0-ST-57b073d392e5/bin/submodules/TelegramCore/FlatSerialization/build/Optional_generated.swift bazel-out/ios_arm64-opt-ios-arm64-min13.0-ST-57b073d392e5/bin/submodules/TelegramCore/FlatSerialization/Optional_generated.swift
2026-10-05T08:46:25.2236950Z + cp bazel-out/ios_arm64-opt-ios-arm64-min13.0-ST-57b073d392e5/bin/submodules/TelegramCore/FlatSerialization/build/PartialMediaReference_generated.swift bazel-out/ios_arm64-opt-ios-arm64-min13.0-ST-57b073d392e5/bin/submodules/TelegramCore/FlatSerialization/PartialMediaReference_generated.swift
2026-10-05T08:46:25.2239790Z + cp bazel-out/ios_arm64-opt-ios-arm64-min13.0-ST-57b073d392e5/bin/submodules/TelegramCore/FlatSerialization/build/PeerAccessRestrictionInfo_generated.swift bazel-out/ios_arm64-opt-ios-arm64-min13.0-ST-57b073d392e5/bin/submodules/TelegramCore/FlatSerialization/PeerAccessRestrictionInfo_generated.swift
2026-10-05T08:46:25.2242620Z + cp bazel-out/ios_arm64-opt-ios-arm64-min13.0-ST-57b073d392e5/bin/submodules/TelegramCore/FlatSerialization/build/PeerCollectibleColor_generated.swift bazel-out/ios_arm64-opt-ios-arm64-min13.0-ST-57b073d392e5/bin/submodules/TelegramCore/FlatSerialization/PeerCollectibleColor_generated.swift
2026-10-05T08:46:25.2244930Z + cp bazel-out/ios_arm64-opt-ios-arm64-min13.0-ST-57b073d392e5/bin/submodules/TelegramCore/FlatSerialization/build/PeerEmojiStatus_generated.swift bazel-out/ios_arm64-opt-ios-arm64-min13.0-ST-57b073d392e5/bin/submodules/TelegramCore/FlatSerialization/PeerEmojiStatus_generated.swift
2026-10-05T08:46:25.2246930Z + cp bazel-out/ios_arm64-opt-ios-arm64-min13.0-ST-57b073d392e5/bin/submodules/TelegramCore/FlatSerialization/build/PeerId_generated.swift bazel-out/ios_arm64-opt-ios-arm64-min13.0-ST-57b073d392e5/bin/submodules/TelegramCore/FlatSerialization/PeerId_generated.swift
2026-10-05T08:46:25.2249520Z + cp bazel-out/ios_arm64-opt-ios-arm64-min13.0-ST-57b073d392e5/bin/submodules/TelegramCore/FlatSerialization/build/PeerNameColor_generated.swift bazel-out/ios_arm64-opt-ios-arm64-min13.0-ST-57b073d392e5/bin/submodules/TelegramCore/FlatSerialization/PeerNameColor_generated.swift
2026-10-05T08:46:25.2253140Z + cp bazel-out/ios_arm64-opt-ios-arm64-min13.0-ST-57b073d392e5/bin/submodules/TelegramCore/FlatSerialization/build/PeerReference_generated.swift bazel-out/ios_arm64-opt-ios-arm64-min13.0-ST-57b073d392e5/bin/submodules/TelegramCore/FlatSerialization/PeerReference_generated.swift
2026-10-05T08:46:25.2254880Z + cp bazel-out/ios_arm64-opt-ios-arm64-min13.0-ST-57b073d392e5/bin/submodules/TelegramCore/FlatSerialization/build/PixelDimensions_generated.swift bazel-out/ios_arm64-opt-ios-arm64-min13.0-ST-57b073d392e5/bin/submodules/TelegramCore/FlatSerialization/PixelDimensions_generated.swift
2026-10-05T08:46:25.2256690Z + cp bazel-out/ios_arm64-opt-ios-arm64-min13.0-ST-57b073d392e5/bin/submodules/TelegramCore/FlatSerialization/build/RichText_generated.swift bazel-out/ios_arm64-opt-ios-arm64-min13.0-ST-57b073d392e5/bin/submodules/TelegramCore/FlatSerialization/RichText_generated.swift
2026-10-05T08:46:25.2258500Z + cp bazel-out/ios_arm64-opt-ios-arm64-min13.0-ST-57b073d392e5/bin/submodules/TelegramCore/FlatSerialization/build/StarsAmount_generated.swift bazel-out/ios_arm64-opt-ios-arm64-min13.0-ST-57b073d392e5/bin/submodules/TelegramCore/FlatSerialization/StarsAmount_generated.swift
2026-10-05T08:46:25.2267060Z + cp bazel-out/ios_arm64-opt-ios-arm64-min13.0-ST-57b073d392e5/bin/submodules/TelegramCore/FlatSerialization/build/StickerPackCollectionInfo_generated.swift bazel-out/ios_arm64-opt-ios-arm64-min13.0-ST-57b073d392e5/bin/submodules/TelegramCore/FlatSerialization/StickerPackCollectionInfo_generated.swift
2026-10-05T08:46:25.2268940Z + cp bazel-out/ios_arm64-opt-ios-arm64-min13.0-ST-57b073d392e5/bin/submodules/TelegramCore/FlatSerialization/build/StickerPackReference_generated.swift bazel-out/ios_arm64-opt-ios-arm64-min13.0-ST-57b073d392e5/bin/submodules/TelegramCore/FlatSerialization/StickerPackReference_generated.swift
2026-10-05T08:46:25.2270770Z + cp bazel-out/ios_arm64-opt-ios-arm64-min13.0-ST-57b073d392e5/bin/submodules/TelegramCore/FlatSerialization/build/StoredDeviceContactData_generated.swift bazel-out/ios_arm64-opt-ios-arm64-min13.0-ST-57b073d392e5/bin/submodules/TelegramCore/FlatSerialization/StoredDeviceContactData_generated.swift
2026-10-05T08:46:25.2272440Z + cp bazel-out/ios_arm64-opt-ios-arm64-min13.0-ST-57b073d392e5/bin/submodules/TelegramCore/FlatSerialization/build/TelegramChannel_generated.swift bazel-out/ios_arm64-opt-ios-arm64-min13.0-ST-57b073d392e5/bin/submodules/TelegramCore/FlatSerialization/TelegramChannel_generated.swift
2026-10-05T08:46:25.2274120Z + cp bazel-out/ios_arm64-opt-ios-arm64-min13.0-ST-57b073d392e5/bin/submodules/TelegramCore/FlatSerialization/build/TelegramChatAdminRights_generated.swift bazel-out/ios_arm64-opt-ios-arm64-min13.0-ST-57b073d392e5/bin/submodules/TelegramCore/FlatSerialization/TelegramChatAdminRights_generated.swift
2026-10-05T08:46:25.2276180Z + cp bazel-out/ios_arm64-opt-ios-arm64-min13.0-ST-57b073d392e5/bin/submodules/TelegramCore/FlatSerialization/build/TelegramChatBannedRights_generated.swift bazel-out/ios_arm64-opt-ios-arm64-min13.0-ST-57b073d392e5/bin/submodules/TelegramCore/FlatSerialization/TelegramChatBannedRights_generated.swift
2026-10-05T08:46:25.2278030Z + cp bazel-out/ios_arm64-opt-ios-arm64-min13.0-ST-57b073d392e5/bin/submodules/TelegramCore/FlatSerialization/build/TelegramCommunity_generated.swift bazel-out/ios_arm64-opt-ios-arm64-min13.0-ST-57b073d392e5/bin/submodules/TelegramCore/FlatSerialization/TelegramCommunity_generated.swift
2026-10-05T08:46:25.2281140Z + cp bazel-out/ios_arm64-opt-ios-arm64-min13.0-ST-57b073d392e5/bin/submodules/TelegramCore/FlatSerialization/build/TelegramGroup_generated.swift bazel-out/ios_arm64-opt-ios-arm64-min13.0-ST-57b073d392e5/bin/submodules/TelegramCore/FlatSerialization/TelegramGroup_generated.swift
2026-10-05T08:46:25.2282960Z + cp bazel-out/ios_arm64-opt-ios-arm64-min13.0-ST-57b073d392e5/bin/submodules/TelegramCore/FlatSerialization/build/TelegramMediaFile_generated.swift bazel-out/ios_arm64-opt-ios-arm64-min13.0-ST-57b073d392e5/bin/submodules/TelegramCore/FlatSerialization/TelegramMediaFile_generated.swift
2026-10-05T08:46:25.2285050Z + cp bazel-out/ios_arm64-opt-ios-arm64-min13.0-ST-57b073d392e5/bin/submodules/TelegramCore/FlatSerialization/build/TelegramMediaFileAttribute_generated.swift bazel-out/ios_arm64-opt-ios-arm64-min13.0-ST-57b073d392e5/bin/submodules/TelegramCore/FlatSerialization/TelegramMediaFileAttribute_generated.swift
2026-10-05T08:46:25.2286780Z + cp bazel-out/ios_arm64-opt-ios-arm64-min13.0-ST-57b073d392e5/bin/submodules/TelegramCore/FlatSerialization/build/TelegramMediaImage_generated.swift bazel-out/ios_arm64-opt-ios-arm64-min13.0-ST-57b073d392e5/bin/submodules/TelegramCore/FlatSerialization/TelegramMediaImage_generated.swift
2026-10-05T08:46:25.2288620Z + cp bazel-out/ios_arm64-opt-ios-arm64-min13.0-ST-57b073d392e5/bin/submodules/TelegramCore/FlatSerialization/build/TelegramMediaImageRepresentation_generated.swift bazel-out/ios_arm64-opt-ios-arm64-min13.0-ST-57b073d392e5/bin/submodules/TelegramCore/FlatSerialization/TelegramMediaImageRepresentation_generated.swift
2026-10-05T08:46:25.2293160Z + cp bazel-out/ios_arm64-opt-ios-arm64-min13.0-ST-57b073d392e5/bin/submodules/TelegramCore/FlatSerialization/build/TelegramMediaResource_generated.swift bazel-out/ios_arm64-opt-ios-arm64-min13.0-ST-57b073d392e5/bin/submodules/TelegramCore/FlatSerialization/TelegramMediaResource_generated.swift
2026-10-05T08:46:25.2295020Z + cp bazel-out/ios_arm64-opt-ios-arm64-min13.0-ST-57b073d392e5/bin/submodules/TelegramCore/FlatSerialization/build/TelegramPeerAccessHash_generated.swift bazel-out/ios_arm64-opt-ios-arm64-min13.0-ST-57b073d392e5/bin/submodules/TelegramCore/FlatSerialization/TelegramPeerAccessHash_generated.swift
2026-10-05T08:46:25.2299080Z + cp bazel-out/ios_arm64-opt-ios-arm64-min13.0-ST-57b073d392e5/bin/submodules/TelegramCore/FlatSerialization/build/TelegramPeerUsername_generated.swift bazel-out/ios_arm64-opt-ios-arm64-min13.0-ST-57b073d392e5/bin/submodules/TelegramCore/FlatSerialization/TelegramPeerUsername_generated.swift
2026-10-05T08:46:25.2301160Z + cp bazel-out/ios_arm64-opt-ios-arm64-min13.0-ST-57b073d392e5/bin/submodules/TelegramCore/FlatSerialization/build/TelegramUser_generated.swift bazel-out/ios_arm64-opt-ios-arm64-min13.0-ST-57b073d392e5/bin/submodules/TelegramCore/FlatSerialization/TelegramUser_generated.swift
2026-10-05T08:46:25.2312770Z + cp bazel-out/ios_arm64-opt-ios-arm64-min13.0-ST-57b073d392e5/bin/submodules/TelegramCore/FlatSerialization/build/VideoThumbnail_generated.swift bazel-out/ios_arm64-opt-ios-arm64-min13.0-ST-57b073d392e5/bin/submodules/TelegramCore/FlatSerialization/VideoThumbnail_generated.swift
2026-10-05T08:46:25.2313780Z INFO: From Executing genrule //third-party/opus:opus_build:
2026-10-05T08:46:25.2314090Z + '[' ios_arm64 == ios_armv7 ']'
2026-10-05T08:46:25.2314320Z + '[' ios_arm64 == ios_arm64 ']'
2026-10-05T08:46:25.2314500Z + BUILD_ARCH=arm64
2026-10-05T08:46:25.2314840Z + BUILD_DIR=bazel-out/ios_arm64-opt-ios-arm64-min13.0-ST-57b073d392e5/bin/third-party/opus/build_arm64
2026-10-05T08:46:25.2315400Z + rm -rf bazel-out/ios_arm64-opt-ios-arm64-min13.0-ST-57b073d392e5/bin/third-party/opus/build_arm64
2026-10-05T08:46:25.2315970Z + mkdir -p bazel-out/ios_arm64-opt-ios-arm64-min13.0-ST-57b073d392e5/bin/third-party/opus/build_arm64
2026-10-05T08:46:25.2319780Z + cp third-party/opus/build-opus-bazel.sh bazel-out/ios_arm64-opt-ios-arm64-min13.0-ST-57b073d392e5/bin/third-party/opus/build_arm64/
2026-10-05T08:46:25.2321150Z + cp third-party/opus/opus-1.5.1.tar.gz bazel-out/ios_arm64-opt-ios-arm64-min13.0-ST-57b073d392e5/bin/third-party/opus/build_arm64/
2026-10-05T08:46:25.2321860Z + mkdir -p bazel-out/ios_arm64-opt-ios-arm64-min13.0-ST-57b073d392e5/bin/third-party/opus/build_arm64/Public/opus
2026-10-05T08:46:25.2322930Z + sh bazel-out/ios_arm64-opt-ios-arm64-min13.0-ST-57b073d392e5/bin/third-party/opus/build_arm64/build-opus-bazel.sh arm64 bazel-out/ios_arm64-opt-ios-arm64-min13.0-ST-57b073d392e5/bin/third-party/opus/build_arm64 opus-1.5.1.tar.gz
2026-10-05T08:46:25.2323740Z + ARCH=arm64
2026-10-05T08:46:25.2324090Z ++++ dirname bazel-out/ios_arm64-opt-ios-arm64-min13.0-ST-57b073d392e5/bin/third-party/opus/build_arm64
2026-10-05T08:46:25.2324670Z +++ cd bazel-out/ios_arm64-opt-ios-arm64-min13.0-ST-57b073d392e5/bin/third-party/opus
2026-10-05T08:46:25.2325000Z +++ pwd -P
2026-10-05T08:46:25.2325350Z +++ basename bazel-out/ios_arm64-opt-ios-arm64-min13.0-ST-57b073d392e5/bin/third-party/opus/build_arm64
2026-10-05T08:46:25.2326450Z ++ echo /private/var/tmp/_bazel_telegram_ios/29e64aec8f64c22cffe1a8ef8cee6a69/execroot/_main/bazel-out/ios_arm64-opt-ios-arm64-min13.0-ST-57b073d392e5/bin/third-party/opus/build_arm64
2026-10-05T08:46:25.2327750Z + BUILD_DIR=/private/var/tmp/_bazel_telegram_ios/29e64aec8f64c22cffe1a8ef8cee6a69/execroot/_main/bazel-out/ios_arm64-opt-ios-arm64-min13.0-ST-57b073d392e5/bin/third-party/opus/build_arm64
2026-10-05T08:46:25.2328480Z + SOURCE_CODE_ARCHIVE=opus-1.5.1.tar.gz
2026-10-05T08:46:25.2328740Z + MINIOSVERSION=13.0
2026-10-05T08:46:25.2329220Z + OPT_CFLAGS='-Os -g'
2026-10-05T08:46:25.2329380Z + OPT_LDFLAGS=
2026-10-05T08:46:25.2329520Z + OPT_CONFIG_ARGS=
2026-10-05T08:46:25.2330360Z + OUTPUTDIR=/private/var/tmp/_bazel_telegram_ios/29e64aec8f64c22cffe1a8ef8cee6a69/execroot/_main/bazel-out/ios_arm64-opt-ios-arm64-min13.0-ST-57b073d392e5/bin/third-party/opus/build_arm64/Public
2026-10-05T08:46:25.2332020Z + SRCDIR=/private/var/tmp/_bazel_telegram_ios/29e64aec8f64c22cffe1a8ef8cee6a69/execroot/_main/bazel-out/ios_arm64-opt-ios-arm64-min13.0-ST-57b073d392e5/bin/third-party/opus/build_arm64/src
2026-10-05T08:46:25.2334070Z + mkdir -p /private/var/tmp/_bazel_telegram_ios/29e64aec8f64c22cffe1a8ef8cee6a69/execroot/_main/bazel-out/ios_arm64-opt-ios-arm64-min13.0-ST-57b073d392e5/bin/third-party/opus/build_arm64/src
2026-10-05T08:46:25.2335140Z + INTERDIR=/private/var/tmp/_bazel_telegram_ios/29e64aec8f64c22cffe1a8ef8cee6a69/execroot/_main/bazel-out/ios_arm64-opt-ios-arm64-min13.0-ST-57b073d392e5/bin/third-party/opus/build_arm64/built
2026-10-05T08:46:25.2336330Z + mkdir -p /private/var/tmp/_bazel_telegram_ios/29e64aec8f64c22cffe1a8ef8cee6a69/execroot/_main/bazel-out/ios_arm64-opt-ios-arm64-min13.0-ST-57b073d392e5/bin/third-party/opus/build_arm64/built
2026-10-05T08:46:25.2339090Z + tar zxf /private/var/tmp/_bazel_telegram_ios/29e64aec8f64c22cffe1a8ef8cee6a69/execroot/_main/bazel-out/ios_arm64-opt-ios-arm64-min13.0-ST-57b073d392e5/bin/third-party/opus/build_arm64/opus-1.5.1.tar.gz -C /private/var/tmp/_bazel_telegram_ios/29e64aec8f64c22cffe1a8ef8cee6a69/execroot/_main/bazel-out/ios_arm64-opt-ios-arm64-min13.0-ST-57b073d392e5/bin/third-party/opus/build_arm64/src
2026-10-05T08:46:25.2341210Z + cd /private/var/tmp/_bazel_telegram_ios/29e64aec8f64c22cffe1a8ef8cee6a69/execroot/_main/bazel-out/ios_arm64-opt-ios-arm64-min13.0-ST-57b073d392e5/bin/third-party/opus/build_arm64/src/opus-1.5.1
2026-10-05T08:46:25.2341930Z + '[' arm64 = linux_x86_64 ']'
2026-10-05T08:46:25.2342200Z + '[' arm64 = linux_arm64 ']'
2026-10-05T08:46:25.2343370Z + '[' arm64 == x86_64 ']'
2026-10-05T08:46:25.2343580Z + '[' arm64 == sim_arm64 ']'
2026-10-05T08:46:25.2343790Z + '[' arm64 == macos_arm64 ']'
2026-10-05T08:46:25.2344000Z + PLATFORM=iphoneos
2026-10-05T08:46:25.2344170Z + EXTRA_CFLAGS='-arch arm64'
2026-10-05T08:46:25.2344380Z + EXTRA_CONFIG=--host=arm-apple-darwin
2026-10-05T08:46:25.2344670Z ++ xcrun --sdk iphoneos --show-sdk-path
2026-10-05T08:46:25.2345150Z + SDK_PATH=/Applications/Xcode_26.2.app/Contents/Developer/Platforms/iPhoneOS.platform/Developer/SDKs/iPhoneOS26.2.sdk
2026-10-05T08:46:25.2346780Z + mkdir -p /private/var/tmp/_bazel_telegram_ios/29e64aec8f64c22cffe1a8ef8cee6a69/execroot/_main/bazel-out/ios_arm64-opt-ios-arm64-min13.0-ST-57b073d392e5/bin/third-party/opus/build_arm64/built
2026-10-05T08:46:25.2350950Z + ./configure --disable-shared --enable-static --with-pic --disable-extra-programs --disable-doc --disable-asm --enable-intrinsics --host=arm-apple-darwin --prefix=/private/var/tmp/_bazel_telegram_ios/29e64aec8f64c22cffe1a8ef8cee6a69/execroot/_main/bazel-out/ios_arm64-opt-ios-arm64-min13.0-ST-57b073d392e5/bin/third-party/opus/build_arm64/built 'LDFLAGS=  -fPIE -miphoneos-version-min=13.0 -L/private/var/tmp/_bazel_telegram_ios/29e64aec8f64c22cffe1a8ef8cee6a69/execroot/_main/bazel-out/ios_arm64-opt-ios-arm64-min13.0-ST-57b073d392e5/bin/third-party/opus/build_arm64/Public/lib' 'CFLAGS= -arch arm64 -Os -g -fPIE -miphoneos-version-min=13.0 -I/private/var/tmp/_bazel_telegram_ios/29e64aec8f64c22cffe1a8ef8cee6a69/execroot/_main/bazel-out/ios_arm64-opt-ios-arm64-min13.0-ST-57b073d392e5/bin/third-party/opus/build_arm64/Public/include -isysroot /Applications/Xcode_26.2.app/Contents/Developer/Platforms/iPhoneOS.platform/Developer/SDKs/iPhoneOS26.2.sdk'
2026-10-05T08:46:25.2354210Z rm: conftest.dSYM: is a directory
2026-10-05T08:46:25.2354540Z configure: WARNING: using cross tools not prefixed with host triplet
2026-10-05T08:46:25.2354900Z rm: conftest.dSYM: is a directory
2026-10-05T08:46:25.2355120Z rm: conftest.dSYM: is a directory
2026-10-05T08:46:25.2355310Z rm: conftest.dSYM: is a directory
2026-10-05T08:46:25.2355490Z + make -j
2026-10-05T08:46:25.2355620Z + make install
2026-10-05T08:46:25.2356450Z + cp -f bazel-out/ios_arm64-opt-ios-arm64-min13.0-ST-57b073d392e5/bin/third-party/opus/build_arm64/built/include/opus/opus.h bazel-out/ios_arm64-opt-ios-arm64-min13.0-ST-57b073d392e5/bin/third-party/opus/Public/opus/opus.h
2026-10-05T08:46:25.2357720Z + cp -f bazel-out/ios_arm64-opt-ios-arm64-min13.0-ST-57b073d392e5/bin/third-party/opus/build_arm64/built/include/opus/opus_defines.h bazel-out/ios_arm64-opt-ios-arm64-min13.0-ST-57b073d392e5/bin/third-party/opus/Public/opus/opus_defines.h
2026-10-05T08:46:25.2359070Z + cp -f bazel-out/ios_arm64-opt-ios-arm64-min13.0-ST-57b073d392e5/bin/third-party/opus/build_arm64/built/include/opus/opus_multistream.h bazel-out/ios_arm64-opt-ios-arm64-min13.0-ST-57b073d392e5/bin/third-party/opus/Public/opus/opus_multistream.h
2026-10-05T08:46:25.2360680Z + cp -f bazel-out/ios_arm64-opt-ios-arm64-min13.0-ST-57b073d392e5/bin/third-party/opus/build_arm64/built/include/opus/opus_projection.h bazel-out/ios_arm64-opt-ios-arm64-min13.0-ST-57b073d392e5/bin/third-party/opus/Public/opus/opus_projection.h
2026-10-05T08:46:25.2362520Z + cp -f bazel-out/ios_arm64-opt-ios-arm64-min13.0-ST-57b073d392e5/bin/third-party/opus/build_arm64/built/include/opus/opus_types.h bazel-out/ios_arm64-opt-ios-arm64-min13.0-ST-57b073d392e5/bin/third-party/opus/Public/opus/opus_types.h
2026-10-05T08:46:25.2363990Z + cp -f bazel-out/ios_arm64-opt-ios-arm64-min13.0-ST-57b073d392e5/bin/third-party/opus/build_arm64/built/lib/libopus.a bazel-out/ios_arm64-opt-ios-arm64-min13.0-ST-57b073d392e5/bin/third-party/opus/Public/opus/lib/libopus.a
2026-10-05T08:46:25.2364960Z checking whether make supports nested variables... yes
2026-10-05T08:46:25.2365280Z checking for a BSD-compatible install... /usr/bin/install -c
2026-10-05T08:46:25.2365580Z checking whether build environment is sane... yes
2026-10-05T08:46:25.2365880Z checking for arm-apple-darwin-strip... no
2026-10-05T08:46:25.2366370Z checking for strip... strip
2026-10-05T08:46:25.2367340Z checking for a race-free mkdir -p... ./install-sh -c -d
2026-10-05T08:46:25.2367670Z checking for gawk... no
2026-10-05T08:46:25.2368740Z checking for mawk... no
2026-10-05T08:46:25.2368980Z checking for nawk... no
2026-10-05T08:46:25.2369200Z checking for awk... awk
2026-10-05T08:46:25.2369390Z checking whether make sets $(MAKE)... yes
2026-10-05T08:46:25.2369720Z checking whether to enable maintainer-specific portions of Makefiles... yes
2026-10-05T08:46:25.2370550Z checking build system type... aarch64-apple-darwin25.5.0
2026-10-05T08:46:25.2370910Z checking host system type... arm-apple-darwin
2026-10-05T08:46:25.2371150Z checking how to print strings... printf
2026-10-05T08:46:25.2371670Z checking whether make supports the include directive... yes (GNU style)
2026-10-05T08:46:25.2371980Z checking for arm-apple-darwin-gcc... no
2026-10-05T08:46:25.2372190Z checking for gcc... gcc
2026-10-05T08:46:25.2372380Z checking whether the C compiler works... yes
2026-10-05T08:46:25.2372660Z checking for C compiler default output file name... a.out
2026-10-05T08:46:25.2372920Z checking for suffix of executables... 
2026-10-05T08:46:25.2373170Z checking whether we are cross compiling... yes
2026-10-05T08:46:25.2373470Z checking for suffix of object files... o
2026-10-05T08:46:25.2373770Z checking whether the compiler supports GNU C... yes
2026-10-05T08:46:25.2374090Z checking whether gcc accepts -g... yes
2026-10-05T08:46:25.2374400Z checking for gcc option to enable C11 features... none needed
2026-10-05T08:46:25.2374800Z checking whether gcc understands -c and -o together... yes
2026-10-05T08:46:25.2375200Z checking dependency style of gcc... gcc3
2026-10-05T08:46:25.2375520Z checking for a sed that does not truncate output... /usr/bin/sed
2026-10-05T08:46:25.2376010Z checking for grep that handles long lines and -e... /usr/bin/grep
2026-10-05T08:46:25.2376290Z checking for egrep... /usr/bin/grep -E
2026-10-05T08:46:25.2376510Z checking for fgrep... /usr/bin/grep -F
2026-10-05T08:46:25.2378200Z checking for ld used by gcc... /Applications/Xcode_26.2.app/Contents/Developer/Toolchains/XcodeDefault.xctoolchain/usr/bin/ld
2026-10-05T08:46:25.2380380Z checking if the linker (/Applications/Xcode_26.2.app/Contents/Developer/Toolchains/XcodeDefault.xctoolchain/usr/bin/ld) is GNU ld... no
2026-10-05T08:46:25.2380930Z checking for BSD- or MS-compatible name lister (nm)... no
2026-10-05T08:46:25.2381370Z checking for arm-apple-darwin-dumpbin... no
2026-10-05T08:46:25.2381670Z checking for arm-apple-darwin-link... no
2026-10-05T08:46:25.2381880Z checking for dumpbin... no
2026-10-05T08:46:25.2382060Z checking for link... link -dump
2026-10-05T08:46:25.2382280Z checking the name lister (nm) interface... BSD nm
2026-10-05T08:46:25.2382520Z checking whether ln -s works... yes
2026-10-05T08:46:25.2382840Z checking the maximum length of command line arguments... 786432
2026-10-05T08:46:25.2383480Z checking how to convert aarch64-apple-darwin25.5.0 file names to arm-apple-darwin format... func_convert_file_noop
2026-10-05T08:46:25.2384100Z checking how to convert aarch64-apple-darwin25.5.0 file names to toolchain format... func_convert_file_noop
2026-10-05T08:46:25.2384790Z checking for /Applications/Xcode_26.2.app/Contents/Developer/Toolchains/XcodeDefault.xctoolchain/usr/bin/ld option to reload object files... -r
2026-10-05T08:46:25.2385340Z checking for arm-apple-darwin-objdump... no
2026-10-05T08:46:25.2385580Z checking for objdump... objdump
2026-10-05T08:46:25.2386000Z checking how to recognize dependent libraries... pass_all
2026-10-05T08:46:25.2386310Z checking for arm-apple-darwin-dlltool... no
2026-10-05T08:46:25.2386540Z checking for dlltool... no
2026-10-05T08:46:25.2386800Z checking how to associate runtime and link libraries... printf %s\n
2026-10-05T08:46:25.2387180Z checking for arm-apple-darwin-ar... no
2026-10-05T08:46:25.2387440Z checking for ar... ar
2026-10-05T08:46:25.2387650Z checking for archiver @FILE support... no
2026-10-05T08:46:25.2387890Z checking for arm-apple-darwin-strip... strip
2026-10-05T08:46:25.2388190Z checking for arm-apple-darwin-ranlib... no
2026-10-05T08:46:25.2388440Z checking for ranlib... ranlib
2026-10-05T08:46:25.2388680Z checking command to parse nm output from gcc object... ok
2026-10-05T08:46:25.2388940Z checking for sysroot... no
2026-10-05T08:46:25.2389120Z checking for a working dd... /bin/dd
2026-10-05T08:46:25.2389380Z checking how to truncate binary pipes... /bin/dd bs=4096 count=1
2026-10-05T08:46:25.2389820Z checking for arm-apple-darwin-mt... no
2026-10-05T08:46:25.2390020Z checking for mt... no
2026-10-05T08:46:25.2390200Z checking if : is a manifest tool... no
2026-10-05T08:46:25.2390440Z checking for arm-apple-darwin-dsymutil... no
2026-10-05T08:46:25.2390680Z checking for dsymutil... dsymutil
2026-10-05T08:46:25.2390890Z checking for arm-apple-darwin-nmedit... no
2026-10-05T08:46:25.2391140Z checking for nmedit... nmedit
2026-10-05T08:46:25.2391390Z checking for arm-apple-darwin-lipo... no
2026-10-05T08:46:25.2391950Z checking for lipo... lipo
2026-10-05T08:46:25.2392800Z checking for arm-apple-darwin-otool... no
2026-10-05T08:46:25.2393170Z checking for otool... otool
2026-10-05T08:46:25.2393410Z checking for arm-apple-darwin-otool64... no
2026-10-05T08:46:25.2393660Z checking for otool64... no
2026-10-05T08:46:25.2395400Z checking for -single_module linker flag... ld: warning: -single_module is obsolete
2026-10-05T08:46:25.2396360Z no
2026-10-05T08:46:25.2396860Z checking for -exported_symbols_list linker flag... yes
2026-10-05T08:46:25.2397190Z checking for -force_load linker flag... yes
2026-10-05T08:46:25.2397440Z checking for stdio.h... yes
2026-10-05T08:46:25.2397670Z checking for stdlib.h... yes
2026-10-05T08:46:25.2397870Z checking for string.h... yes
2026-10-05T08:46:25.2398070Z checking for inttypes.h... yes
2026-10-05T08:46:25.2398300Z checking for stdint.h... yes
2026-10-05T08:46:25.2398520Z checking for strings.h... yes
2026-10-05T08:46:25.2398720Z checking for sys/stat.h... yes
2026-10-05T08:46:25.2398930Z checking for sys/types.h... yes
2026-10-05T08:46:25.2399110Z checking for unistd.h... yes
2026-10-05T08:46:25.2399290Z checking for dlfcn.h... yes
2026-10-05T08:46:25.2399470Z checking for objdir... .libs
2026-10-05T08:46:25.2399900Z checking if gcc supports -fno-rtti -fno-exceptions... yes
2026-10-05T08:46:25.2400310Z checking for gcc option to produce PIC... -fno-common -DPIC
2026-10-05T08:46:25.2400640Z checking if gcc PIC flag -fno-common -DPIC works... yes
2026-10-05T08:46:25.2400930Z checking if gcc static flag -static works... no
2026-10-05T08:46:25.2401180Z checking if gcc supports -c -o file.o... yes
2026-10-05T08:46:25.2401930Z checking if gcc supports -c -o file.o... (cached) yes
2026-10-05T08:46:25.2402660Z checking whether the gcc linker (/Applications/Xcode_26.2.app/Contents/Developer/Toolchains/XcodeDefault.xctoolchain/usr/bin/ld) supports shared libraries... yes
2026-10-05T08:46:25.2403270Z checking dynamic linker characteristics... darwin dyld
2026-10-05T08:46:25.2403610Z checking how to hardcode library paths into programs... immediate
2026-10-05T08:46:25.2404010Z checking whether stripping libraries is possible... yes
2026-10-05T08:46:25.2404330Z checking if libtool supports shared libraries... yes
2026-10-05T08:46:25.2404670Z checking whether to build shared libraries... no
2026-10-05T08:46:25.2404960Z checking whether to build static libraries... yes
2026-10-05T08:46:25.2405270Z checking for an ANSI C-conforming const... yes
2026-10-05T08:46:25.2405630Z checking for inline... inline
2026-10-05T08:46:25.2405870Z checking dependency style of gcc... gcc3
2026-10-05T08:46:25.2406410Z checking for C/C++ restrict keyword... __restrict
2026-10-05T08:46:25.2406660Z checking for C99 variable-size arrays... yes
2026-10-05T08:46:25.2406910Z checking how to run the C preprocessor... gcc -E
2026-10-05T08:46:25.2407190Z checking if compiler supports ARM Neon intrinsics... yes
2026-10-05T08:46:25.2407430Z checking for NE10... no
2026-10-05T08:46:25.2407660Z checking if compiler supports Aarch64 Neon intrinsics... yes
2026-10-05T08:46:25.2407990Z checking if compiler supports Aarch64 dotprod intrinsics... no
2026-10-05T08:46:25.2408410Z checking if compiler supports Aarch64 dotprod intrinsics with -march=armv8.2-a+dotprod... yes
2026-10-05T08:46:25.2408780Z checking argument osce training data... no
2026-10-05T08:46:25.2409030Z checking if gcc supports -fvisibility=hidden... yes
2026-10-05T08:46:25.2409330Z checking whether to add -D_FORTIFY_SOURCE=2 to CFLAGS... yes
2026-10-05T08:46:25.2409920Z checking if gcc supports -Wall -Wextra -Wcast-align -Wnested-externs -Wshadow -Wstrict-prototypes... yes
2026-10-05T08:46:25.2410300Z checking for lrintf... yes
2026-10-05T08:46:25.2410480Z checking for lrint... yes
2026-10-05T08:46:25.2410650Z checking for __malloc_hook... no
2026-10-05T08:46:25.2410910Z checking that generated files are newer than configure... done
2026-10-05T08:46:25.2411210Z configure: creating ./config.status
2026-10-05T08:46:25.2411470Z config.status: creating Makefile
2026-10-05T08:46:25.2411690Z config.status: creating opus.pc
2026-10-05T08:46:25.2411900Z config.status: creating opus-uninstalled.pc
2026-10-05T08:46:25.2412130Z config.status: creating celt/arm/armopts.s
2026-10-05T08:46:25.2412350Z config.status: creating doc/Makefile
2026-10-05T08:46:25.2412560Z config.status: creating doc/Doxyfile
2026-10-05T08:46:25.2412760Z config.status: creating config.h
2026-10-05T08:46:25.2412970Z config.status: executing depfiles commands
2026-10-05T08:46:25.2413200Z config.status: executing libtool commands
2026-10-05T08:46:25.2413420Z configure:
2026-10-05T08:46:25.2413620Z ------------------------------------------------------------------------
2026-10-05T08:46:25.2413910Z   opus 1.5.1:  Automatic configuration OK.
2026-10-05T08:46:25.2414060Z 
2026-10-05T08:46:25.2414120Z     Compiler support:
2026-10-05T08:46:25.2414220Z 
2026-10-05T08:46:25.2414290Z       C99 var arrays: ................ yes
2026-10-05T08:46:25.2414490Z       C99 lrintf: .................... yes
2026-10-05T08:46:25.2414730Z       Use alloca: .................... no (using var arrays)
2026-10-05T08:46:25.2414910Z 
2026-10-05T08:46:25.2414980Z     General configuration:
2026-10-05T08:46:25.2415100Z 
2026-10-05T08:46:25.2415270Z       Floating point support: ........ yes
2026-10-05T08:46:25.2415500Z       Fast float approximations: ..... yes
2026-10-05T08:46:25.2415720Z       Fixed point debugging: ......... no
2026-10-05T08:46:25.2416410Z       Inline Assembly Optimizations: . disabled
2026-10-05T08:46:25.2416710Z       External Assembly Optimizations: disabled
2026-10-05T08:46:25.2417020Z       Intrinsics Optimizations: ...... ARM (NEON) (NEON Aarch64) (DOTPROD)
2026-10-05T08:46:25.2417420Z       Run-time CPU detection: ........ ARM (DOTPROD Intrinsics)
2026-10-05T08:46:25.2417750Z       Custom modes: .................. no
2026-10-05T08:46:25.2418000Z       Assertion checking: ............ no
2026-10-05T08:46:25.2418250Z       Hardening: ..................... yes
2026-10-05T08:46:25.2418490Z       Fuzzing: ....................... no
2026-10-05T08:46:25.2418730Z       Check ASM: ..................... no
2026-10-05T08:46:25.2418890Z 
2026-10-05T08:46:25.2418970Z       API documentation: ............. no
2026-10-05T08:46:25.2419230Z       Extra programs: ................ no
2026-10-05T08:46:25.2422210Z ------------------------------------------------------------------------
2026-10-05T08:46:25.2422470Z 
2026-10-05T08:46:25.2422700Z  Type "make; make install" to compile and install
2026-10-05T08:46:25.2422990Z  Type "make check" to run the test suite
2026-10-05T08:46:25.2423160Z 
2026-10-05T08:46:25.2423380Z /Applications/Xcode_26.2.app/Contents/Developer/usr/bin/make  all-recursive
2026-10-05T08:46:25.2423750Z make[3]: Nothing to be done for `all'.
2026-10-05T08:46:25.2424000Z   CC       celt/bands.lo
2026-10-05T08:46:25.2424210Z   CC       celt/celt.lo
2026-10-05T08:46:25.2424410Z   CC       celt/celt_encoder.lo
2026-10-05T08:46:25.2424730Z   CC       celt/celt_decoder.lo
2026-10-05T08:46:25.2424950Z   CC       celt/cwrs.lo
2026-10-05T08:46:25.2425460Z   CC       celt/entdec.lo
2026-10-05T08:46:25.2425650Z   CC       celt/entcode.lo
2026-10-05T08:46:25.2425810Z   CC       celt/entenc.lo
2026-10-05T08:46:25.2425980Z   CC       celt/laplace.lo
2026-10-05T08:46:25.2426150Z   CC       celt/mathops.lo
2026-10-05T08:46:25.2426310Z   CC       celt/kiss_fft.lo
2026-10-05T08:46:25.2426480Z   CC       celt/modes.lo
2026-10-05T08:46:25.2426630Z   CC       celt/mdct.lo
2026-10-05T08:46:25.2427030Z   CC       celt/celt_lpc.lo
2026-10-05T08:46:25.2427630Z   CC       celt/pitch.lo
2026-10-05T08:46:25.2428010Z   CC       celt/rate.lo
2026-10-05T08:46:25.2428240Z   CC       celt/quant_bands.lo
2026-10-05T08:46:25.2428480Z   CC       celt/vq.lo
2026-10-05T08:46:25.2428700Z   CC       celt/arm/armcpu.lo
2026-10-05T08:46:25.2429530Z   CC       celt/arm/celt_neon_intr.lo
2026-10-05T08:46:25.2435990Z   CC       celt/arm/arm_celt_map.lo
2026-10-05T08:46:25.2436250Z   CC       celt/arm/pitch_neon_intr.lo
2026-10-05T08:46:25.2436490Z   CC       silk/CNG.lo
2026-10-05T08:46:25.2436670Z   CC       silk/init_decoder.lo
2026-10-05T08:46:25.2436850Z   CC       silk/code_signs.lo
2026-10-05T08:46:25.2437030Z   CC       silk/decode_core.lo
2026-10-05T08:46:25.2437230Z   CC       silk/decode_frame.lo
2026-10-05T08:46:25.2437450Z   CC       silk/decode_parameters.lo
2026-10-05T08:46:25.2437690Z   CC       silk/decode_indices.lo
2026-10-05T08:46:25.2437890Z   CC       silk/decode_pulses.lo
2026-10-05T08:46:25.2438140Z   CC       silk/tables_pulses_per_block.lo
2026-10-05T08:46:25.2438410Z   CC       silk/control_audio_bandwidth.lo
2026-10-05T08:46:25.2438630Z   CC       silk/quant_LTP_gains.lo
2026-10-05T08:46:25.2438820Z   CC       silk/VQ_WMat_EC.lo
2026-10-05T08:46:25.2439010Z   CC       silk/LP_variable_cutoff.lo
2026-10-05T08:46:25.2439210Z   CC       silk/PLC.lo
2026-10-05T08:46:25.2439380Z   CC       silk/tables_LTP.lo
2026-10-05T08:46:25.2439570Z   CC       silk/gain_quant.lo
2026-10-05T08:46:25.2439740Z   CC       silk/VAD.lo
2026-10-05T08:46:25.2439910Z   CC       silk/NLSF_encode.lo
2026-10-05T08:46:25.2440100Z   CC       silk/NLSF_unpack.lo
2026-10-05T08:46:25.2440300Z   CC       silk/NLSF_del_dec_quant.lo
2026-10-05T08:46:25.2440500Z   CC       silk/dec_API.lo
2026-10-05T08:46:25.2440950Z   CC       silk/encode_pulses.lo
2026-10-05T08:46:25.2441160Z   CC       silk/NSQ_del_dec.lo
2026-10-05T08:46:25.2441340Z   CC       silk/enc_API.lo
2026-10-05T08:46:25.2441520Z   CC       silk/NLSF_decode.lo
2026-10-05T08:46:25.2441700Z   CC       silk/shell_coder.lo
2026-10-05T08:46:25.2441890Z   CC       silk/encode_indices.lo
2026-10-05T08:46:25.2442090Z   CC       silk/tables_gain.lo
2026-10-05T08:46:25.2442270Z   CC       silk/decoder_set_fs.lo
2026-10-05T08:46:25.2442480Z   CC       silk/tables_pitch_lag.lo
2026-10-05T08:46:25.2442690Z   CC       silk/tables_NLSF_CB_WB.lo
2026-10-05T08:46:25.2442910Z   CC       silk/NSQ.lo
2026-10-05T08:46:25.2444150Z   CC       silk/tables_other.lo
2026-10-05T08:46:25.2444420Z   CC       silk/HP_variable_cutoff.lo
2026-10-05T08:46:25.2444790Z   CC       silk/NLSF_VQ.lo
2026-10-05T08:46:25.2445320Z   CC       silk/tables_NLSF_CB_NB_MB.lo
2026-10-05T08:46:25.2446470Z   CC       silk/interpolate.lo
2026-10-05T08:46:25.2446670Z   CC       silk/process_NLSFs.lo
2026-10-05T08:46:25.2446890Z   CC       silk/stereo_LR_to_MS.lo
2026-10-05T08:46:25.2449070Z   CC       silk/control_SNR.lo
2026-10-05T08:46:25.2449290Z   CC       silk/control_codec.lo
2026-10-05T08:46:25.2449520Z   CC       silk/init_encoder.lo
2026-10-05T08:46:25.2449720Z   CC       silk/LPC_analysis_filter.lo
2026-10-05T08:46:25.2449930Z   CC       silk/table_LSF_cos.lo
2026-10-05T08:46:25.2450110Z   CC       silk/ana_filt_bank_1.lo
2026-10-05T08:46:25.2450300Z   CC       silk/biquad_alt.lo
2026-10-05T08:46:25.2450480Z   CC       silk/decode_pitch.lo
2026-10-05T08:46:25.2450670Z   CC       silk/A2NLSF.lo
2026-10-05T08:46:25.2450850Z   CC       silk/bwexpander.lo
2026-10-05T08:46:25.2451030Z   CC       silk/debug.lo
2026-10-05T08:46:25.2451190Z   CC       silk/lin2log.lo
2026-10-05T08:46:25.2451360Z   CC       silk/stereo_MS_to_LR.lo
2026-10-05T08:46:25.2451560Z   CC       silk/LPC_inv_pred_gain.lo
2026-10-05T08:46:25.2451750Z   CC       silk/bwexpander_32.lo
2026-10-05T08:46:25.2453460Z   CC       silk/inner_prod_aligned.lo
2026-10-05T08:46:25.2453680Z   CC       silk/log2lin.lo
2026-10-05T08:46:25.2453910Z   CC       silk/check_control_input.lo
2026-10-05T08:46:25.2454170Z   CC       silk/resampler_down2.lo
2026-10-05T08:46:25.2454520Z   CC       silk/resampler_private_down_FIR.lo
2026-10-05T08:46:25.2455000Z   CC       silk/resampler_private_IIR_FIR.lo
2026-10-05T08:46:25.2455310Z   CC       silk/resampler_private_up2_HQ.lo
2026-10-05T08:46:25.2455550Z   CC       silk/NLSF_stabilize.lo
2026-10-05T08:46:25.2455750Z   CC       silk/float/corrMatrix_FLP.lo
2026-10-05T08:46:25.2455960Z   CC       silk/float/encode_frame_FLP.lo
2026-10-05T08:46:25.2456230Z   CC       silk/NLSF2A.lo
2026-10-05T08:46:25.2456440Z   CC       silk/resampler_rom.lo
2026-10-05T08:46:25.2456690Z   CC       silk/NLSF_VQ_weights_laroia.lo
2026-10-05T08:46:25.2457030Z   CC       silk/resampler.lo
2026-10-05T08:46:25.2457220Z   CC       silk/resampler_down2_3.lo
2026-10-05T08:46:25.2457430Z   CC       silk/pitch_est_tables.lo
2026-10-05T08:46:25.2457640Z   CC       silk/sum_sqr_shift.lo
2026-10-05T08:46:25.2457880Z   CC       silk/float/apply_sine_window_FLP.lo
2026-10-05T08:46:25.2458150Z   CC       silk/stereo_encode_pred.lo
2026-10-05T08:46:25.2458380Z   CC       silk/stereo_find_predictor.lo
2026-10-05T08:46:25.2458640Z   CC       silk/LPC_fit.lo
2026-10-05T08:46:25.2458900Z   CC       silk/sigm_Q15.lo
2026-10-05T08:46:25.2459120Z   CC       silk/stereo_decode_pred.lo
2026-10-05T08:46:25.2459590Z   CC       silk/stereo_quant_pred.lo
2026-10-05T08:46:25.2459830Z   CC       silk/resampler_private_AR2.lo
2026-10-05T08:46:25.2460030Z   CC       silk/sort.lo
2026-10-05T08:46:25.2460200Z   CC       silk/float/find_LTP_FLP.lo
2026-10-05T08:46:25.2460410Z   CC       silk/float/LPC_analysis_filter_FLP.lo
2026-10-05T08:46:25.2460690Z   CC       silk/float/find_pred_coefs_FLP.lo
2026-10-05T08:46:25.2460980Z   CC       silk/float/find_LPC_FLP.lo
2026-10-05T08:46:25.2461190Z   CC       silk/float/schur_FLP.lo
2026-10-05T08:46:25.2461410Z   CC       silk/float/scale_vector_FLP.lo
2026-10-05T08:46:25.2461820Z   CC       silk/float/sort_FLP.lo
2026-10-05T08:46:25.2462050Z   CC       silk/float/find_pitch_lags_FLP.lo
2026-10-05T08:46:25.2462290Z   CC       silk/float/noise_shape_analysis_FLP.lo
2026-10-05T08:46:25.2462520Z   CC       silk/float/wrappers_FLP.lo
2026-10-05T08:46:25.2462730Z   CC       silk/float/energy_FLP.lo
2026-10-05T08:46:25.2462950Z   CC       silk/float/LTP_scale_ctrl_FLP.lo
2026-10-05T08:46:25.2463200Z   CC       silk/float/burg_modified_FLP.lo
2026-10-05T08:46:25.2463510Z   CC       silk/float/process_gains_FLP.lo
2026-10-05T08:46:25.2463760Z   CC       silk/float/warped_autocorrelation_FLP.lo
2026-10-05T08:46:25.2464010Z   CC       silk/arm/arm_silk_map.lo
2026-10-05T08:46:25.2464210Z   CC       silk/float/k2a_FLP.lo
2026-10-05T08:46:25.2464420Z   CC       silk/float/residual_energy_FLP.lo
2026-10-05T08:46:25.2464700Z   CC       silk/float/scale_copy_vector_FLP.lo
2026-10-05T08:46:25.2464990Z   CC       silk/float/bwexpander_FLP.lo
2026-10-05T08:46:25.2466250Z   CC       silk/float/pitch_analysis_core_FLP.lo
2026-10-05T08:46:25.2466600Z   CC       silk/float/regularize_correlations_FLP.lo
2026-10-05T08:46:25.2466990Z   CC       silk/float/LTP_analysis_filter_FLP.lo
2026-10-05T08:46:25.2467260Z   CC       silk/float/autocorrelation_FLP.lo
2026-10-05T08:46:25.2467490Z   CC       silk/float/inner_product_FLP.lo
2026-10-05T08:46:25.2467800Z   CC       silk/float/LPC_inv_pred_gain_FLP.lo
2026-10-05T08:46:25.2468070Z   CC       src/opus.lo
2026-10-05T08:46:25.2468280Z   CC       silk/arm/NSQ_del_dec_neon_intr.lo
2026-10-05T08:46:25.2468510Z   CC       silk/arm/biquad_alt_neon_intr.lo
2026-10-05T08:46:25.2468750Z   CC       silk/arm/LPC_inv_pred_gain_neon_intr.lo
2026-10-05T08:46:25.2470110Z   CC       silk/arm/NSQ_neon.lo
2026-10-05T08:46:25.2470330Z   CC       src/repacketizer.lo
2026-10-05T08:46:25.2470550Z   CC       src/opus_encoder.lo
2026-10-05T08:46:25.2470780Z   CC       src/extensions.lo
2026-10-05T08:46:25.2470990Z   CC       src/opus_projection_encoder.lo
2026-10-05T08:46:25.2471220Z   CC       src/mlp_data.lo
2026-10-05T08:46:25.2471440Z   CC       src/opus_decoder.lo
2026-10-05T08:46:25.2471670Z   CC       src/opus_multistream_decoder.lo
2026-10-05T08:46:25.2471880Z   CC       src/opus_multistream.lo
2026-10-05T08:46:25.2472220Z   CC       src/mlp.lo
2026-10-05T08:46:25.2472410Z   CC       src/analysis.lo
2026-10-05T08:46:25.2472620Z   CC       src/mapping_matrix.lo
2026-10-05T08:46:25.2472820Z   CC       src/opus_multistream_encoder.lo
2026-10-05T08:46:25.2473980Z   CC       src/opus_projection_decoder.lo
2026-10-05T08:46:25.2474250Z   CCLD     libopus.la
2026-10-05T08:46:25.2474540Z /Applications/Xcode_26.2.app/Contents/Developer/usr/bin/make  install-recursive
2026-10-05T08:46:25.2475230Z make[3]: Nothing to be done for `all'.
2026-10-05T08:46:25.2475940Z  ./install-sh -c -d '/private/var/tmp/_bazel_telegram_ios/29e64aec8f64c22cffe1a8ef8cee6a69/execroot/_main/bazel-out/ios_arm64-opt-ios-arm64-min13.0-ST-57b073d392e5/bin/third-party/opus/build_arm64/built/lib'
2026-10-05T08:46:25.2477810Z  /bin/sh ./libtool   --mode=install /usr/bin/install -c   libopus.la '/private/var/tmp/_bazel_telegram_ios/29e64aec8f64c22cffe1a8ef8cee6a69/execroot/_main/bazel-out/ios_arm64-opt-ios-arm64-min13.0-ST-57b073d392e5/bin/third-party/opus/build_arm64/built/lib'
2026-10-05T08:46:25.2479820Z libtool: install: /usr/bin/install -c .libs/libopus.lai /private/var/tmp/_bazel_telegram_ios/29e64aec8f64c22cffe1a8ef8cee6a69/execroot/_main/bazel-out/ios_arm64-opt-ios-arm64-min13.0-ST-57b073d392e5/bin/third-party/opus/build_arm64/built/lib/libopus.la
2026-10-05T08:46:25.2481540Z libtool: install: /usr/bin/install -c .libs/libopus.a /private/var/tmp/_bazel_telegram_ios/29e64aec8f64c22cffe1a8ef8cee6a69/execroot/_main/bazel-out/ios_arm64-opt-ios-arm64-min13.0-ST-57b073d392e5/bin/third-party/opus/build_arm64/built/lib/libopus.a
2026-10-05T08:46:25.2483140Z libtool: install: chmod 644 /private/var/tmp/_bazel_telegram_ios/29e64aec8f64c22cffe1a8ef8cee6a69/execroot/_main/bazel-out/ios_arm64-opt-ios-arm64-min13.0-ST-57b073d392e5/bin/third-party/opus/build_arm64/built/lib/libopus.a
2026-10-05T08:46:25.2484580Z libtool: install: ranlib /private/var/tmp/_bazel_telegram_ios/29e64aec8f64c22cffe1a8ef8cee6a69/execroot/_main/bazel-out/ios_arm64-opt-ios-arm64-min13.0-ST-57b073d392e5/bin/third-party/opus/build_arm64/built/lib/libopus.a
2026-10-05T08:46:25.2485590Z make[5]: Nothing to be done for `install-exec-am'.
2026-10-05T08:46:25.2486530Z make[5]: Nothing to be done for `install-data-am'.
2026-10-05T08:46:25.2487350Z  ./install-sh -c -d '/private/var/tmp/_bazel_telegram_ios/29e64aec8f64c22cffe1a8ef8cee6a69/execroot/_main/bazel-out/ios_arm64-opt-ios-arm64-min13.0-ST-57b073d392e5/bin/third-party/opus/build_arm64/built/share/aclocal'
2026-10-05T08:46:25.2488680Z  /usr/bin/install -c -m 644 opus.m4 '/private/var/tmp/_bazel_telegram_ios/29e64aec8f64c22cffe1a8ef8cee6a69/execroot/_main/bazel-out/ios_arm64-opt-ios-arm64-min13.0-ST-57b073d392e5/bin/third-party/opus/build_arm64/built/share/aclocal'
2026-10-05T08:46:25.2489950Z  ./install-sh -c -d '/private/var/tmp/_bazel_telegram_ios/29e64aec8f64c22cffe1a8ef8cee6a69/execroot/_main/bazel-out/ios_arm64-opt-ios-arm64-min13.0-ST-57b073d392e5/bin/third-party/opus/build_arm64/built/lib/pkgconfig'
2026-10-05T08:46:25.2491400Z  /usr/bin/install -c -m 644 opus.pc '/private/var/tmp/_bazel_telegram_ios/29e64aec8f64c22cffe1a8ef8cee6a69/execroot/_main/bazel-out/ios_arm64-opt-ios-arm64-min13.0-ST-57b073d392e5/bin/third-party/opus/build_arm64/built/lib/pkgconfig'
2026-10-05T08:46:25.2492830Z  ./install-sh -c -d '/private/var/tmp/_bazel_telegram_ios/29e64aec8f64c22cffe1a8ef8cee6a69/execroot/_main/bazel-out/ios_arm64-opt-ios-arm64-min13.0-ST-57b073d392e5/bin/third-party/opus/build_arm64/built/include/opus'
2026-10-05T08:46:25.2495310Z  /usr/bin/install -c -m 644 include/opus.h include/opus_multistream.h include/opus_types.h include/opus_defines.h include/opus_projection.h '/private/var/tmp/_bazel_telegram_ios/29e64aec8f64c22cffe1a8ef8cee6a69/execroot/_main/bazel-out/ios_arm64-opt-ios-arm64-min13.0-ST-57b073d392e5/bin/third-party/opus/build_arm64/built/include/opus'
2026-10-05T08:46:25.2496770Z INFO: From Executing genrule //third-party/webrtc:copy_opus_headers:
2026-10-05T08:46:25.2498070Z + cp bazel-out/ios_arm64-opt-ios-arm64-min13.0-ST-57b073d392e5/bin/third-party/opus/Public/opus/opus_defines.h bazel-out/ios_arm64-opt-ios-arm64-min13.0-ST-57b073d392e5/bin/third-party/webrtc/opus_headers/third_party/opus/src/include/opus_defines.h
2026-10-05T08:46:25.2500740Z + cp bazel-out/ios_arm64-opt-ios-arm64-min13.0-ST-57b073d392e5/bin/third-party/opus/Public/opus/opus_multistream.h bazel-out/ios_arm64-opt-ios-arm64-min13.0-ST-57b073d392e5/bin/third-party/webrtc/opus_headers/third_party/opus/src/include/opus_multistream.h
2026-10-05T08:46:25.2502280Z + cp bazel-out/ios_arm64-opt-ios-arm64-min13.0-ST-57b073d392e5/bin/third-party/opus/Public/opus/opus_projection.h bazel-out/ios_arm64-opt-ios-arm64-min13.0-ST-57b073d392e5/bin/third-party/webrtc/opus_headers/third_party/opus/src/include/opus_projection.h
2026-10-05T08:46:25.2503790Z + cp bazel-out/ios_arm64-opt-ios-arm64-min13.0-ST-57b073d392e5/bin/third-party/opus/Public/opus/opus_types.h bazel-out/ios_arm64-opt-ios-arm64-min13.0-ST-57b073d392e5/bin/third-party/webrtc/opus_headers/third_party/opus/src/include/opus_types.h
2026-10-05T08:46:25.2505410Z + cp bazel-out/ios_arm64-opt-ios-arm64-min13.0-ST-57b073d392e5/bin/third-party/opus/Public/opus/opus.h bazel-out/ios_arm64-opt-ios-arm64-min13.0-ST-57b073d392e5/bin/third-party/webrtc/opus_headers/third_party/opus/src/include/opus.h
2026-10-05T08:46:25.2506870Z INFO: From Executing genrule //third-party/webrtc:generate_field_trials_header:
2026-10-05T08:46:25.2508420Z + python3 third-party/webrtc/webrtc/experiments/field_trials.py header --output bazel-out/ios_arm64-opt-ios-arm64-min13.0-ST-57b073d392e5/bin/third-party/webrtc/field_trials_header/experiments/registered_field_trials.h
2026-10-05T08:46:26.1447710Z [1,431 / 5,748] Executing genrule //third-party/yasm:yasm [for tool]; 3s local, disk-cache ... (3 actions running)
2026-10-05T08:46:27.1883140Z [1,432 / 5,748] Executing genrule //third-party/yasm:yasm [for tool]; 4s local, disk-cache ... (3 actions running)
2026-10-05T08:46:28.6030050Z [1,433 / 5,748] Executing genrule //third-party/yasm:yasm [for tool]; 6s local, disk-cache ... (3 actions, 2 running)
2026-10-05T08:46:30.2939480Z [1,447 / 5,748] Executing genrule //third-party/yasm:yasm [for tool]; 8s local, disk-cache ... (3 actions running)
2026-10-05T08:46:31.4821930Z [1,449 / 5,748] Executing genrule //third-party/yasm:yasm [for tool]; 9s local, disk-cache ... (3 actions, 2 running)
2026-10-05T08:46:32.5176620Z [1,450 / 5,748] Executing genrule //third-party/yasm:yasm [for tool]; 10s local, disk-cache ... (3 actions running)
2026-10-05T08:46:33.5842740Z [1,451 / 5,748] Executing genrule //third-party/yasm:yasm [for tool]; 11s local, disk-cache ... (3 actions running)
2026-10-05T08:46:34.6141730Z [1,458 / 5,748] Executing genrule //third-party/yasm:yasm [for tool]; 12s local, disk-cache ... (2 actions running)
2026-10-05T08:46:34.8088240Z INFO: From Executing genrule //third-party/mozjpeg:mozjpeg_build:
2026-10-05T08:46:34.8192790Z + '[' ios_arm64 == ios_armv7 ']'
2026-10-05T08:46:34.8298040Z + '[' ios_arm64 == ios_arm64 ']'
2026-10-05T08:46:34.8400030Z + BUILD_ARCH=arm64
2026-10-05T08:46:34.8500750Z + BUILD_DIR=bazel-out/ios_arm64-opt-ios-arm64-min13.0-ST-57b073d392e5/bin/third-party/mozjpeg/build_arm64
2026-10-05T08:46:34.8601340Z + rm -rf bazel-out/ios_arm64-opt-ios-arm64-min13.0-ST-57b073d392e5/bin/third-party/mozjpeg/build_arm64
2026-10-05T08:46:34.8703410Z + mkdir -p bazel-out/ios_arm64-opt-ios-arm64-min13.0-ST-57b073d392e5/bin/third-party/mozjpeg/build_arm64
2026-10-05T08:46:34.8804350Z ++ pwd
2026-10-05T08:46:34.8907670Z + CMAKE_DIR=/private/var/tmp/_bazel_telegram_ios/29e64aec8f64c22cffe1a8ef8cee6a69/execroot/_main/bazel-out/ios_arm64-opt-ios-arm64-min13.0-ST-57b073d392e5/bin/third-party/mozjpeg/build_arm64/cmake
2026-10-05T08:46:34.9007940Z + rm -rf /private/var/tmp/_bazel_telegram_ios/29e64aec8f64c22cffe1a8ef8cee6a69/execroot/_main/bazel-out/ios_arm64-opt-ios-arm64-min13.0-ST-57b073d392e5/bin/third-party/mozjpeg/build_arm64/cmake
2026-10-05T08:46:34.9108600Z + mkdir -p /private/var/tmp/_bazel_telegram_ios/29e64aec8f64c22cffe1a8ef8cee6a69/execroot/_main/bazel-out/ios_arm64-opt-ios-arm64-min13.0-ST-57b073d392e5/bin/third-party/mozjpeg/build_arm64/cmake
2026-10-05T08:46:34.9211800Z + tar -xzf external/+_repo_rules+cmake_tar_gz/file/downloaded -C /private/var/tmp/_bazel_telegram_ios/29e64aec8f64c22cffe1a8ef8cee6a69/execroot/_main/bazel-out/ios_arm64-opt-ios-arm64-min13.0-ST-57b073d392e5/bin/third-party/mozjpeg/build_arm64/cmake
2026-10-05T08:46:34.9316680Z + cp third-party/mozjpeg/build-mozjpeg-bazel.sh bazel-out/ios_arm64-opt-ios-arm64-min13.0-ST-57b073d392e5/bin/third-party/mozjpeg/build_arm64/
2026-10-05T08:46:34.9418570Z + SOURCE_PATH=third-party/mozjpeg/mozjpeg
2026-10-05T08:46:34.9520200Z + cp -R third-party/mozjpeg/mozjpeg bazel-out/ios_arm64-opt-ios-arm64-min13.0-ST-57b073d392e5/bin/third-party/mozjpeg/build_arm64/
2026-10-05T08:46:34.9621240Z + mkdir -p bazel-out/ios_arm64-opt-ios-arm64-min13.0-ST-57b073d392e5/bin/third-party/mozjpeg/build_arm64/Public/mozjpeg
2026-10-05T08:46:34.9727930Z + PATH=/usr/bin:/bin:/usr/sbin:/sbin:/private/var/tmp/_bazel_telegram_ios/29e64aec8f64c22cffe1a8ef8cee6a69/execroot/_main/bazel-out/ios_arm64-opt-ios-arm64-min13.0-ST-57b073d392e5/bin/third-party/mozjpeg/build_arm64/cmake/cmake-4.1.2-macos-universal/CMake.app/Contents/bin
2026-10-05T08:46:34.9837180Z + sh bazel-out/ios_arm64-opt-ios-arm64-min13.0-ST-57b073d392e5/bin/third-party/mozjpeg/build_arm64/build-mozjpeg-bazel.sh arm64 bazel-out/ios_arm64-opt-ios-arm64-min13.0-ST-57b073d392e5/bin/third-party/mozjpeg/build_arm64/mozjpeg bazel-out/ios_arm64-opt-ios-arm64-min13.0-ST-57b073d392e5/bin/third-party/mozjpeg/build_arm64
2026-10-05T08:46:34.9937600Z CMake Deprecation Warning at CMakeLists.txt:1 (cmake_minimum_required):
2026-10-05T08:46:35.0038630Z   Compatibility with CMake < 3.10 will be removed from a future version of
2026-10-05T08:46:35.0143500Z   CMake.
2026-10-05T08:46:35.0263120Z 
2026-10-05T08:46:35.0364220Z   Update the VERSION argument <min> value.  Or, use the <min>...<max> syntax
2026-10-05T08:46:35.0464810Z   to tell CMake that the project requires at least <min> but has been updated
2026-10-05T08:46:35.0566210Z   to work with policies introduced by <max> or earlier.
2026-10-05T08:46:35.0665820Z 
2026-10-05T08:46:35.0766560Z 
2026-10-05T08:46:35.0868330Z + cp -f bazel-out/ios_arm64-opt-ios-arm64-min13.0-ST-57b073d392e5/bin/third-party/mozjpeg/build_arm64/mozjpeg/turbojpeg.h bazel-out/ios_arm64-opt-ios-arm64-min13.0-ST-57b073d392e5/bin/third-party/mozjpeg/Public/mozjpeg/turbojpeg.h
2026-10-05T08:46:35.0968480Z + cp -f bazel-out/ios_arm64-opt-ios-arm64-min13.0-ST-57b073d392e5/bin/third-party/mozjpeg/build_arm64/mozjpeg/jpeglib.h bazel-out/ios_arm64-opt-ios-arm64-min13.0-ST-57b073d392e5/bin/third-party/mozjpeg/Public/mozjpeg/jpeglib.h
2026-10-05T08:46:35.1069640Z + cp -f bazel-out/ios_arm64-opt-ios-arm64-min13.0-ST-57b073d392e5/bin/third-party/mozjpeg/build_arm64/mozjpeg/jmorecfg.h bazel-out/ios_arm64-opt-ios-arm64-min13.0-ST-57b073d392e5/bin/third-party/mozjpeg/Public/mozjpeg/jmorecfg.h
2026-10-05T08:46:35.1171580Z + cp -f bazel-out/ios_arm64-opt-ios-arm64-min13.0-ST-57b073d392e5/bin/third-party/mozjpeg/build_arm64/build/libjpeg.a bazel-out/ios_arm64-opt-ios-arm64-min13.0-ST-57b073d392e5/bin/third-party/mozjpeg/Public/mozjpeg/lib/libjpeg.a
2026-10-05T08:46:35.1272260Z + cp -f bazel-out/ios_arm64-opt-ios-arm64-min13.0-ST-57b073d392e5/bin/third-party/mozjpeg/build_arm64/build/libturbojpeg.a bazel-out/ios_arm64-opt-ios-arm64-min13.0-ST-57b073d392e5/bin/third-party/mozjpeg/Public/mozjpeg/lib/libturbojpeg.a
2026-10-05T08:46:35.1374460Z + cp -f bazel-out/ios_arm64-opt-ios-arm64-min13.0-ST-57b073d392e5/bin/third-party/mozjpeg/build_arm64/build/jconfig.h bazel-out/ios_arm64-opt-ios-arm64-min13.0-ST-57b073d392e5/bin/third-party/mozjpeg/Public/mozjpeg/jconfig.h
2026-10-05T08:46:35.1477600Z -- The C compiler identification is AppleClang 17.0.0.17000603
2026-10-05T08:46:35.1574680Z -- Detecting C compiler ABI info
2026-10-05T08:46:35.1677210Z -- Detecting C compiler ABI info - done
2026-10-05T08:46:35.1777610Z -- Check for working C compiler: /Applications/Xcode_26.2.app/Contents/Developer/Toolchains/XcodeDefault.xctoolchain/usr/bin/clang - skipped
2026-10-05T08:46:35.1884970Z -- Detecting C compile features
2026-10-05T08:46:35.1992610Z -- Detecting C compile features - done
2026-10-05T08:46:35.2106200Z -- CMAKE_BUILD_TYPE = Release
2026-10-05T08:46:35.2237230Z -- VERSION = 4.1.4, BUILD = 10000
2026-10-05T08:46:35.2339320Z -- 64-bit build (arm64)
2026-10-05T08:46:35.2441480Z -- CMAKE_INSTALL_PREFIX = /opt/mozjpeg
2026-10-05T08:46:35.2543270Z -- CMAKE_INSTALL_BINDIR = bin (/opt/mozjpeg/bin)
2026-10-05T08:46:35.2647960Z -- CMAKE_INSTALL_DATAROOTDIR =  (/opt/mozjpeg)
2026-10-05T08:46:35.2755500Z -- CMAKE_INSTALL_DOCDIR = doc (/opt/mozjpeg/doc)
2026-10-05T08:46:35.2858060Z -- CMAKE_INSTALL_INCLUDEDIR = include (/opt/mozjpeg/include)
2026-10-05T08:46:35.2963140Z -- CMAKE_INSTALL_LIBDIR = lib (/opt/mozjpeg/lib)
2026-10-05T08:46:35.3062250Z -- CMAKE_INSTALL_MANDIR = man (/opt/mozjpeg/man)
2026-10-05T08:46:35.3163040Z -- Shared libraries disabled (ENABLE_SHARED = 0)
2026-10-05T08:46:35.3263920Z -- Static libraries enabled (ENABLE_STATIC = 1)
2026-10-05T08:46:35.3404950Z -- 12-bit JPEG support disabled (WITH_12BIT = 0)
2026-10-05T08:46:35.3514630Z -- Arithmetic decoding support enabled (WITH_ARITH_DEC = 1)
2026-10-05T08:46:35.3619390Z -- Arithmetic encoding support enabled (WITH_ARITH_ENC = 1)
2026-10-05T08:46:35.3733370Z -- TurboJPEG API library enabled (WITH_TURBOJPEG = 1)
2026-10-05T08:46:35.3842480Z -- TurboJPEG Java wrapper disabled (WITH_JAVA = 0)
2026-10-05T08:46:35.3946670Z -- Emulating libjpeg API/ABI v8.0 (WITH_JPEG7 = 0, WITH_JPEG8 = 1)
2026-10-05T08:46:35.4049920Z -- libjpeg API shared library version = 8.2.2
2026-10-05T08:46:35.4151340Z -- Compiler flags = -Wall -arch arm64 -miphoneos-version-min=13.0 -funwind-tables -O3 -DNDEBUG
2026-10-05T08:46:35.4254560Z -- Linker flags =  
2026-10-05T08:46:35.4355480Z -- Looking for sys/types.h
2026-10-05T08:46:35.4458310Z -- Looking for sys/types.h - found
2026-10-05T08:46:35.4559100Z -- Looking for stdint.h
2026-10-05T08:46:35.4659020Z -- Looking for stdint.h - found
2026-10-05T08:46:35.4760090Z -- Looking for stddef.h
2026-10-05T08:46:35.4861020Z -- Looking for stddef.h - found
2026-10-05T08:46:35.4961960Z -- Check size of size_t
2026-10-05T08:46:35.5063650Z -- Check size of size_t - done
2026-10-05T08:46:35.5164080Z -- Check size of unsigned long
2026-10-05T08:46:35.5266510Z -- Check size of unsigned long - done
2026-10-05T08:46:35.5367600Z -- Performing Test HAVE_BUILTIN_CTZL
2026-10-05T08:46:35.5468990Z -- Performing Test HAVE_BUILTIN_CTZL - Success
2026-10-05T08:46:35.5569760Z -- Performing Test INLINE_WORKS
2026-10-05T08:46:35.5688690Z -- Performing Test INLINE_WORKS - Success
2026-10-05T08:46:35.5854390Z -- INLINE = __inline__ __attribute__((always_inline)) (FORCE_INLINE = 1)
2026-10-05T08:46:35.5976670Z -- Performing Test HAVE_THREAD_LOCAL
2026-10-05T08:46:35.6084170Z -- Performing Test HAVE_THREAD_LOCAL - Success
2026-10-05T08:46:35.6231670Z -- THREAD_LOCAL = __thread
2026-10-05T08:46:35.6363240Z -- CMAKE_EXECUTABLE_SUFFIX = 
2026-10-05T08:46:35.6477660Z -- Performing Test HAVE_VLD1_S16_X3
2026-10-05T08:46:35.6597730Z -- Performing Test HAVE_VLD1_S16_X3 - Success
2026-10-05T08:46:35.6700910Z -- Performing Test HAVE_VLD1_U16_X2
2026-10-05T08:46:35.6829280Z -- Performing Test HAVE_VLD1_U16_X2 - Success
2026-10-05T08:46:35.6829930Z -- Performing Test HAVE_VLD1Q_U8_X4
2026-10-05T08:46:35.6935730Z -- Performing Test HAVE_VLD1Q_U8_X4 - Success
2026-10-05T08:46:35.7042470Z -- Use full Neon SIMD intrinsics implementation (NEON_INTRINSICS = ON)
2026-10-05T08:46:35.7143490Z -- SIMD extensions: arm64 (WITH_SIMD = 1)
2026-10-05T08:46:35.7246800Z -- FLOATTEST = fp-contract
2026-10-05T08:46:35.7351940Z -- Configuring done (3.2s)
2026-10-05T08:46:35.7458330Z -- Generating done (0.1s)
2026-10-05T08:46:35.7561830Z -- Build files have been written to: /private/var/tmp/_bazel_telegram_ios/29e64aec8f64c22cffe1a8ef8cee6a69/execroot/_main/bazel-out/ios_arm64-opt-ios-arm64-min13.0-ST-57b073d392e5/bin/third-party/mozjpeg/build_arm64/build
2026-10-05T08:46:35.7664380Z [  0%] Building C object simd/CMakeFiles/simd.dir/arm/jcgray-neon.c.o
2026-10-05T08:46:35.7765570Z [  1%] Building C object simd/CMakeFiles/simd.dir/arm/jcphuff-neon.c.o
2026-10-05T08:46:35.7870300Z [  2%] Building C object simd/CMakeFiles/simd.dir/arm/jcsample-neon.c.o
2026-10-05T08:46:35.7972850Z [  2%] Building C object simd/CMakeFiles/simd.dir/arm/jdmerge-neon.c.o
2026-10-05T08:46:35.8074500Z [  3%] Building C object simd/CMakeFiles/simd.dir/arm/jdsample-neon.c.o
2026-10-05T08:46:35.8175810Z [  3%] Building C object simd/CMakeFiles/simd.dir/arm/jfdctfst-neon.c.o
2026-10-05T08:46:35.8279680Z [  4%] Building C object simd/CMakeFiles/simd.dir/arm/jidctred-neon.c.o
2026-10-05T08:46:35.8382410Z [  4%] Building C object simd/CMakeFiles/simd.dir/arm/jquanti-neon.c.o
2026-10-05T08:46:35.8483090Z [  5%] Building C object simd/CMakeFiles/simd.dir/arm/jccolor-neon.c.o
2026-10-05T08:46:35.8584600Z [  6%] Building C object simd/CMakeFiles/simd.dir/arm/jidctint-neon.c.o
2026-10-05T08:46:35.8686190Z [  6%] Building C object simd/CMakeFiles/simd.dir/arm/jidctfst-neon.c.o
2026-10-05T08:46:35.8791580Z [  7%] Building C object simd/CMakeFiles/simd.dir/arm/aarch64/jchuff-neon.c.o
2026-10-05T08:46:35.8885830Z [  7%] Building C object simd/CMakeFiles/simd.dir/arm/jdcolor-neon.c.o
2026-10-05T08:46:35.8988190Z [  8%] Building C object simd/CMakeFiles/simd.dir/arm/jfdctint-neon.c.o
2026-10-05T08:46:35.9089980Z [  9%] Building C object simd/CMakeFiles/simd.dir/arm/aarch64/jsimd.c.o
2026-10-05T08:46:35.9190610Z [  9%] Built target simd
2026-10-05T08:46:35.9292940Z [ 10%] Building C object CMakeFiles/jpeg-static.dir/jcapimin.c.o
2026-10-05T08:46:35.9393760Z [ 10%] Building C object CMakeFiles/jpeg-static.dir/jcapistd.c.o
2026-10-05T08:46:35.9497430Z [ 11%] Building C object CMakeFiles/jpeg-static.dir/jccoefct.c.o
2026-10-05T08:46:35.9598570Z [ 11%] Building C object CMakeFiles/jpeg-static.dir/jccolor.c.o
2026-10-05T08:46:35.9699960Z [ 12%] Building C object CMakeFiles/jpeg-static.dir/jcdctmgr.c.o
2026-10-05T08:46:35.9800210Z [ 13%] Building C object CMakeFiles/jpeg-static.dir/jchuff.c.o
2026-10-05T08:46:35.9900730Z [ 13%] Building C object CMakeFiles/jpeg-static.dir/jcext.c.o
2026-10-05T08:46:36.0005870Z [ 14%] Building C object CMakeFiles/jpeg-static.dir/jcicc.c.o
2026-10-05T08:46:36.0111070Z [ 14%] Building C object CMakeFiles/jpeg-static.dir/jcinit.c.o
2026-10-05T08:46:36.0212430Z [ 15%] Building C object CMakeFiles/jpeg-static.dir/jcmainct.c.o
2026-10-05T08:46:36.0314130Z [ 16%] Building C object CMakeFiles/jpeg-static.dir/jcmarker.c.o
2026-10-05T08:46:36.0415180Z [ 16%] Building C object CMakeFiles/jpeg-static.dir/jcmaster.c.o
2026-10-05T08:46:36.0516170Z [ 17%] Building C object CMakeFiles/jpeg-static.dir/jcomapi.c.o
2026-10-05T08:46:36.0617690Z [ 17%] Building C object CMakeFiles/jpeg-static.dir/jcparam.c.o
2026-10-05T08:46:36.0725150Z [ 18%] Building C object CMakeFiles/jpeg-static.dir/jcphuff.c.o
2026-10-05T08:46:36.0829390Z [ 19%] Building C object CMakeFiles/jpeg-static.dir/jcprepct.c.o
2026-10-05T08:46:36.0931040Z [ 19%] Building C object CMakeFiles/jpeg-static.dir/jcsample.c.o
2026-10-05T08:46:36.1032310Z [ 20%] Building C object CMakeFiles/jpeg-static.dir/jctrans.c.o
2026-10-05T08:46:36.1135380Z [ 20%] Building C object CMakeFiles/jpeg-static.dir/jdapimin.c.o
2026-10-05T08:46:36.1237850Z [ 21%] Building C object CMakeFiles/jpeg-static.dir/jdapistd.c.o
2026-10-05T08:46:36.1338750Z [ 21%] Building C object CMakeFiles/jpeg-static.dir/jdatadst.c.o
2026-10-05T08:46:36.1439380Z [ 22%] Building C object CMakeFiles/jpeg-static.dir/jdatasrc.c.o
2026-10-05T08:46:36.1542550Z [ 23%] Building C object CMakeFiles/jpeg-static.dir/jdcoefct.c.o
2026-10-05T08:46:36.1643410Z [ 23%] Building C object CMakeFiles/jpeg-static.dir/jdcolor.c.o
2026-10-05T08:46:36.1744260Z [ 24%] Building C object CMakeFiles/jpeg-static.dir/jddctmgr.c.o
2026-10-05T08:46:36.1846330Z [ 24%] Building C object CMakeFiles/jpeg-static.dir/jdhuff.c.o
2026-10-05T08:46:36.1949250Z [ 25%] Building C object CMakeFiles/jpeg-static.dir/jdicc.c.o
2026-10-05T08:46:36.2051800Z [ 26%] Building C object CMakeFiles/jpeg-static.dir/jdinput.c.o
2026-10-05T08:46:36.2153550Z [ 26%] Building C object CMakeFiles/jpeg-static.dir/jdmainct.c.o
2026-10-05T08:46:36.2254870Z [ 27%] Building C object CMakeFiles/jpeg-static.dir/jdmarker.c.o
2026-10-05T08:46:36.2356360Z [ 27%] Building C object CMakeFiles/jpeg-static.dir/jdmaster.c.o
2026-10-05T08:46:36.2457480Z [ 28%] Building C object CMakeFiles/jpeg-static.dir/jdmerge.c.o
2026-10-05T08:46:36.2558130Z [ 29%] Building C object CMakeFiles/jpeg-static.dir/jdphuff.c.o
2026-10-05T08:46:36.2659620Z [ 29%] Building C object CMakeFiles/jpeg-static.dir/jdpostct.c.o
2026-10-05T08:46:36.2761960Z [ 30%] Building C object CMakeFiles/jpeg-static.dir/jdsample.c.o
2026-10-05T08:46:36.2863320Z [ 30%] Building C object CMakeFiles/jpeg-static.dir/jdtrans.c.o
2026-10-05T08:46:36.2965710Z [ 31%] Building C object CMakeFiles/jpeg-static.dir/jerror.c.o
2026-10-05T08:46:36.3066860Z [ 31%] Building C object CMakeFiles/jpeg-static.dir/jfdctflt.c.o
2026-10-05T08:46:36.3167890Z [ 32%] Building C object CMakeFiles/jpeg-static.dir/jfdctfst.c.o
2026-10-05T08:46:36.3269790Z [ 33%] Building C object CMakeFiles/jpeg-static.dir/jfdctint.c.o
2026-10-05T08:46:36.3370090Z [ 33%] Building C object CMakeFiles/jpeg-static.dir/jidctflt.c.o
2026-10-05T08:46:36.3470390Z [ 34%] Building C object CMakeFiles/jpeg-static.dir/jidctfst.c.o
2026-10-05T08:46:36.3571970Z [ 34%] Building C object CMakeFiles/jpeg-static.dir/jidctint.c.o
2026-10-05T08:46:36.3672250Z [ 35%] Building C object CMakeFiles/jpeg-static.dir/jidctred.c.o
2026-10-05T08:46:36.3773920Z [ 36%] Building C object CMakeFiles/jpeg-static.dir/jquant1.c.o
2026-10-05T08:46:36.3874770Z [ 36%] Building C object CMakeFiles/jpeg-static.dir/jquant2.c.o
2026-10-05T08:46:36.3976000Z [ 37%] Building C object CMakeFiles/jpeg-static.dir/jutils.c.o
2026-10-05T08:46:36.4077720Z [ 37%] Building C object CMakeFiles/jpeg-static.dir/jmemmgr.c.o
2026-10-05T08:46:36.4179060Z [ 38%] Building C object CMakeFiles/jpeg-static.dir/jmemnobs.c.o
2026-10-05T08:46:36.4280550Z [ 39%] Building C object CMakeFiles/jpeg-static.dir/jaricom.c.o
2026-10-05T08:46:36.4383940Z [ 39%] Building C object CMakeFiles/jpeg-static.dir/jcarith.c.o
2026-10-05T08:46:36.4499440Z [ 40%] Building C object CMakeFiles/jpeg-static.dir/jdarith.c.o
2026-10-05T08:46:36.4645220Z [ 40%] Linking C static library libjpeg.a
2026-10-05T08:46:36.4689830Z [ 40%] Built target jpeg-static
2026-10-05T08:46:36.4794730Z [ 41%] Building C object CMakeFiles/turbojpeg-static.dir/jcapimin.c.o
2026-10-05T08:46:36.4902230Z [ 42%] Building C object CMakeFiles/turbojpeg-static.dir/jcapistd.c.o
2026-10-05T08:46:36.5008850Z [ 42%] Building C object CMakeFiles/turbojpeg-static.dir/jccoefct.c.o
2026-10-05T08:46:36.5113610Z [ 43%] Building C object CMakeFiles/turbojpeg-static.dir/jccolor.c.o
2026-10-05T08:46:36.5216370Z [ 43%] Building C object CMakeFiles/turbojpeg-static.dir/jcdctmgr.c.o
2026-10-05T08:46:36.5325770Z [ 44%] Building C object CMakeFiles/turbojpeg-static.dir/jchuff.c.o
2026-10-05T08:46:36.5434150Z [ 45%] Building C object CMakeFiles/turbojpeg-static.dir/jcext.c.o
2026-10-05T08:46:36.5537620Z [ 45%] Building C object CMakeFiles/turbojpeg-static.dir/jcicc.c.o
2026-10-05T08:46:36.5641450Z [ 46%] Building C object CMakeFiles/turbojpeg-static.dir/jcinit.c.o
2026-10-05T08:46:36.5748440Z [ 46%] Building C object CMakeFiles/turbojpeg-static.dir/jcmainct.c.o
2026-10-05T08:46:36.5849960Z [ 47%] Building C object CMakeFiles/turbojpeg-static.dir/jcmarker.c.o
2026-10-05T08:46:36.5962020Z [ 48%] Building C object CMakeFiles/turbojpeg-static.dir/jcmaster.c.o
2026-10-05T08:46:36.6063740Z [ 48%] Building C object CMakeFiles/turbojpeg-static.dir/jcomapi.c.o
2026-10-05T08:46:36.6165570Z [ 49%] Building C object CMakeFiles/turbojpeg-static.dir/jcparam.c.o
2026-10-05T08:46:36.6268080Z [ 49%] Building C object CMakeFiles/turbojpeg-static.dir/jcphuff.c.o
2026-10-05T08:46:36.6382140Z [ 50%] Building C object CMakeFiles/turbojpeg-static.dir/jcprepct.c.o
2026-10-05T08:46:36.6486580Z [ 50%] Building C object CMakeFiles/turbojpeg-static.dir/jcsample.c.o
2026-10-05T08:46:36.6601130Z [ 51%] Building C object CMakeFiles/turbojpeg-static.dir/jctrans.c.o
2026-10-05T08:46:36.6724150Z [ 52%] Building C object CMakeFiles/turbojpeg-static.dir/jdapimin.c.o
2026-10-05T08:46:36.6828690Z [ 52%] Building C object CMakeFiles/turbojpeg-static.dir/jdapistd.c.o
2026-10-05T08:46:36.6933000Z [ 53%] Building C object CMakeFiles/turbojpeg-static.dir/jdatadst.c.o
2026-10-05T08:46:36.7037470Z [ 53%] Building C object CMakeFiles/turbojpeg-static.dir/jdatasrc.c.o
2026-10-05T08:46:36.7139060Z [ 54%] Building C object CMakeFiles/turbojpeg-static.dir/jdcoefct.c.o
2026-10-05T08:46:36.7240520Z [ 55%] Building C object CMakeFiles/turbojpeg-static.dir/jdcolor.c.o
2026-10-05T08:46:36.7342310Z [ 55%] Building C object CMakeFiles/turbojpeg-static.dir/jddctmgr.c.o
2026-10-05T08:46:36.7445180Z [ 56%] Building C object CMakeFiles/turbojpeg-static.dir/jdhuff.c.o
2026-10-05T08:46:36.7547000Z [ 56%] Building C object CMakeFiles/turbojpeg-static.dir/jdicc.c.o
2026-10-05T08:46:36.7649600Z [ 57%] Building C object CMakeFiles/turbojpeg-static.dir/jdinput.c.o
2026-10-05T08:46:36.7692620Z [ 58%] Building C object CMakeFiles/turbojpeg-static.dir/jdmainct.c.o
2026-10-05T08:46:36.7795220Z [ 58%] Building C object CMakeFiles/turbojpeg-static.dir/jdmarker.c.o
2026-10-05T08:46:36.7896990Z [ 59%] Building C object CMakeFiles/turbojpeg-static.dir/jdmaster.c.o
2026-10-05T08:46:36.7998290Z [ 59%] Building C object CMakeFiles/turbojpeg-static.dir/jdmerge.c.o
2026-10-05T08:46:36.8103110Z [ 60%] Building C object CMakeFiles/turbojpeg-static.dir/jdphuff.c.o
2026-10-05T08:46:36.8204390Z [ 60%] Building C object CMakeFiles/turbojpeg-static.dir/jdpostct.c.o
2026-10-05T08:46:36.8306160Z [ 61%] Building C object CMakeFiles/turbojpeg-static.dir/jdsample.c.o
2026-10-05T08:46:36.8420450Z [ 62%] Building C object CMakeFiles/turbojpeg-static.dir/jdtrans.c.o
2026-10-05T08:46:36.8528600Z [ 62%] Building C object CMakeFiles/turbojpeg-static.dir/jerror.c.o
2026-10-05T08:46:36.8629940Z [ 63%] Building C object CMakeFiles/turbojpeg-static.dir/jfdctflt.c.o
2026-10-05T08:46:36.8738890Z [ 63%] Building C object CMakeFiles/turbojpeg-static.dir/jfdctfst.c.o
2026-10-05T08:46:36.8840230Z [ 64%] Building C object CMakeFiles/turbojpeg-static.dir/jfdctint.c.o
2026-10-05T08:46:36.8941860Z [ 65%] Building C object CMakeFiles/turbojpeg-static.dir/jidctflt.c.o
2026-10-05T08:46:36.9043090Z [ 65%] Building C object CMakeFiles/turbojpeg-static.dir/jidctfst.c.o
2026-10-05T08:46:36.9144580Z [ 66%] Building C object CMakeFiles/turbojpeg-static.dir/jidctint.c.o
2026-10-05T08:46:36.9249010Z [ 66%] Building C object CMakeFiles/turbojpeg-static.dir/jidctred.c.o
2026-10-05T08:46:36.9350430Z [ 67%] Building C object CMakeFiles/turbojpeg-static.dir/jquant1.c.o
2026-10-05T08:46:36.9451820Z [ 68%] Building C object CMakeFiles/turbojpeg-static.dir/jquant2.c.o
2026-10-05T08:46:36.9553430Z [ 68%] Building C object CMakeFiles/turbojpeg-static.dir/jutils.c.o
2026-10-05T08:46:36.9656210Z [ 69%] Building C object CMakeFiles/turbojpeg-static.dir/jmemmgr.c.o
2026-10-05T08:46:36.9760340Z [ 69%] Building C object CMakeFiles/turbojpeg-static.dir/jmemnobs.c.o
2026-10-05T08:46:36.9862970Z [ 70%] Building C object CMakeFiles/turbojpeg-static.dir/jaricom.c.o
2026-10-05T08:46:36.9964600Z [ 70%] Building C object CMakeFiles/turbojpeg-static.dir/jcarith.c.o
2026-10-05T08:46:37.0065080Z [ 71%] Building C object CMakeFiles/turbojpeg-static.dir/jdarith.c.o
2026-10-05T08:46:37.0168120Z [ 72%] Building C object CMakeFiles/turbojpeg-static.dir/turbojpeg.c.o
2026-10-05T08:46:37.0269570Z [ 72%] Building C object CMakeFiles/turbojpeg-static.dir/transupp.c.o
2026-10-05T08:46:37.0370860Z [ 73%] Building C object CMakeFiles/turbojpeg-static.dir/jdatadst-tj.c.o
2026-10-05T08:46:37.0471240Z [ 73%] Building C object CMakeFiles/turbojpeg-static.dir/jdatasrc-tj.c.o
2026-10-05T08:46:37.0572910Z [ 74%] Building C object CMakeFiles/turbojpeg-static.dir/rdbmp.c.o
2026-10-05T08:46:37.0675370Z [ 75%] Building C object CMakeFiles/turbojpeg-static.dir/rdppm.c.o
2026-10-05T08:46:37.0780170Z [ 75%] Building C object CMakeFiles/turbojpeg-static.dir/wrbmp.c.o
2026-10-05T08:46:37.0878230Z [ 76%] Building C object CMakeFiles/turbojpeg-static.dir/wrppm.c.o
2026-10-05T08:46:37.0979470Z [ 76%] Linking C static library libturbojpeg.a
2026-10-05T08:46:37.1081340Z [ 76%] Built target turbojpeg-static
2026-10-05T08:46:37.1182810Z [ 76%] Building C object CMakeFiles/tjunittest-static.dir/tjunittest.c.o
2026-10-05T08:46:37.1283300Z [ 77%] Building C object CMakeFiles/tjunittest-static.dir/tjutil.c.o
2026-10-05T08:46:37.1384590Z [ 77%] Building C object CMakeFiles/tjunittest-static.dir/md5/md5.c.o
2026-10-05T08:46:37.1485520Z [ 78%] Building C object CMakeFiles/tjunittest-static.dir/md5/md5hl.c.o
2026-10-05T08:46:37.1586990Z [ 78%] Linking C executable tjunittest-static
2026-10-05T08:46:37.1698660Z [ 78%] Built target tjunittest-static
2026-10-05T08:46:37.1799950Z [ 78%] Building C object CMakeFiles/tjbench-static.dir/tjbench.c.o
2026-10-05T08:46:37.1900730Z [ 79%] Building C object CMakeFiles/tjbench-static.dir/tjutil.c.o
2026-10-05T08:46:37.2002590Z [ 80%] Linking C executable tjbench-static
2026-10-05T08:46:37.2103740Z [ 80%] Built target tjbench-static
2026-10-05T08:46:37.2204820Z [ 80%] Building C object CMakeFiles/cjpeg-static.dir/cjpeg.c.o
2026-10-05T08:46:37.2306610Z [ 81%] Building C object CMakeFiles/cjpeg-static.dir/cdjpeg.c.o
2026-10-05T08:46:37.2407060Z [ 81%] Building C object CMakeFiles/cjpeg-static.dir/rdgif.c.o
2026-10-05T08:46:37.2508880Z [ 82%] Building C object CMakeFiles/cjpeg-static.dir/rdppm.c.o
2026-10-05T08:46:37.2609150Z [ 82%] Building C object CMakeFiles/cjpeg-static.dir/rdjpeg.c.o
2026-10-05T08:46:37.2738430Z [ 83%] Building C object CMakeFiles/cjpeg-static.dir/rdswitch.c.o
2026-10-05T08:46:37.2839910Z [ 84%] Building C object CMakeFiles/cjpeg-static.dir/rdbmp.c.o
2026-10-05T08:46:37.2943880Z [ 84%] Building C object CMakeFiles/cjpeg-static.dir/rdtarga.c.o
2026-10-05T08:46:37.2944440Z [ 85%] Linking C executable cjpeg-static
2026-10-05T08:46:37.3047630Z [ 85%] Built target cjpeg-static
2026-10-05T08:46:37.3148750Z [ 85%] Building C object CMakeFiles/djpeg-static.dir/djpeg.c.o
2026-10-05T08:46:37.3249110Z [ 86%] Building C object CMakeFiles/djpeg-static.dir/cdjpeg.c.o
2026-10-05T08:46:37.3361150Z [ 87%] Building C object CMakeFiles/djpeg-static.dir/rdcolmap.c.o
2026-10-05T08:46:37.3465980Z [ 87%] Building C object CMakeFiles/djpeg-static.dir/rdswitch.c.o
2026-10-05T08:46:37.3567060Z [ 88%] Building C object CMakeFiles/djpeg-static.dir/wrgif.c.o
2026-10-05T08:46:37.3668190Z [ 88%] Building C object CMakeFiles/djpeg-static.dir/wrppm.c.o
2026-10-05T08:46:37.3782410Z [ 89%] Building C object CMakeFiles/djpeg-static.dir/wrbmp.c.o
2026-10-05T08:46:37.3883710Z [ 90%] Building C object CMakeFiles/djpeg-static.dir/wrtarga.c.o
2026-10-05T08:46:37.3986750Z [ 90%] Linking C executable djpeg-static
2026-10-05T08:46:37.4087850Z [ 90%] Built target djpeg-static
2026-10-05T08:46:37.4189150Z [ 91%] Building C object CMakeFiles/jpegtran-static.dir/jpegtran.c.o
2026-10-05T08:46:37.4290590Z [ 91%] Building C object CMakeFiles/jpegtran-static.dir/cdjpeg.c.o
2026-10-05T08:46:37.4391910Z [ 92%] Building C object CMakeFiles/jpegtran-static.dir/rdswitch.c.o
2026-10-05T08:46:37.4492940Z [ 93%] Building C object CMakeFiles/jpegtran-static.dir/transupp.c.o
2026-10-05T08:46:37.4597990Z [ 93%] Linking C executable jpegtran-static
2026-10-05T08:46:37.4700050Z [ 93%] Built target jpegtran-static
2026-10-05T08:46:37.4801090Z [ 93%] Building C object CMakeFiles/rdjpgcom.dir/rdjpgcom.c.o
2026-10-05T08:46:37.4909430Z [ 94%] Linking C executable rdjpgcom
2026-10-05T08:46:37.5010510Z [ 94%] Built target rdjpgcom
2026-10-05T08:46:37.5133040Z [ 95%] Building C object CMakeFiles/wrjpgcom.dir/wrjpgcom.c.o
2026-10-05T08:46:37.5238310Z [ 96%] Linking C executable wrjpgcom
2026-10-05T08:46:37.5339390Z [ 96%] Built target wrjpgcom
2026-10-05T08:46:37.5480280Z [ 96%] Building C object CMakeFiles/strtest.dir/strtest.c.o
2026-10-05T08:46:37.5596440Z [ 97%] Linking C executable strtest
2026-10-05T08:46:37.5702170Z [ 97%] Built target strtest
2026-10-05T08:46:37.5802700Z [ 98%] Building C object md5/CMakeFiles/md5cmp.dir/md5cmp.c.o
2026-10-05T08:46:37.5906960Z [ 98%] Building C object md5/CMakeFiles/md5cmp.dir/md5.c.o
2026-10-05T08:46:37.6012690Z [ 99%] Building C object md5/CMakeFiles/md5cmp.dir/md5hl.c.o
2026-10-05T08:46:37.6127520Z [100%] Linking C executable md5cmp
2026-10-05T08:46:37.6232180Z [100%] Built target md5cmp
2026-10-05T08:46:37.6348110Z INFO: From Compiling Swift module //submodules/TelegramUI/Components/RichTextEditor:RichTextEditorUIKit:
2026-10-05T08:46:37.6457780Z submodules/TelegramUI/Components/RichTextEditor/Sources/RichTextEditorUIKit/Canvas/DocumentCanvasView+UITextInput.swift:720:52: warning: immutable value 'child' was never used; consider replacing with '_' or removing it [#no-usage]
2026-10-05T08:46:37.6558700Z 718 |         // `BlockQuoteBox` container structure.
2026-10-05T08:46:37.6660230Z 719 |         if selFrom == selTo, isInsideBlockQuote(head),
2026-10-05T08:46:37.6769790Z 720 |            let active = activeStack(at: head), let child = active.box as? BlockBox,
2026-10-05T08:46:37.6869960Z     |                                                    `- warning: immutable value 'child' was never used; consider replacing with '_' or removing it [#no-usage]
2026-10-05T08:46:37.6992940Z 721 |            active.local == 0,
2026-10-05T08:46:37.7110670Z 722 |            active.stack.boxes.count == 1 {
2026-10-05T08:46:37.7237970Z [1,463 / 5,748] Executing genrule //third-party/yasm:yasm [for tool]; 13s local, disk-cache ... (3 actions running)
2026-10-05T08:46:47.2787040Z [1,463 / 5,748] Executing genrule //third-party/yasm:yasm [for tool]; 25s local, disk-cache ... (3 actions running)
2026-10-05T08:46:49.1087220Z [1,465 / 5,748] Executing genrule //third-party/yasm:yasm [for tool]; 26s local, disk-cache ... (3 actions running)
2026-10-05T08:46:51.8587380Z INFO: From Executing genrule //third-party/yasm:yasm [for tool]:
2026-10-05T08:46:51.8589590Z ++ nproc
2026-10-05T08:46:51.8688140Z ++ PATH=/usr/bin:/bin:/usr/sbin:/sbin:/usr/sbin
2026-10-05T08:46:51.8789630Z ++ sysctl -n hw.logicalcpu
2026-10-05T08:46:51.8891480Z + core_count=3
2026-10-05T08:46:51.8891960Z + BUILD_DIR=bazel-out/darwin_arm64-opt-exec-ST-d57f47055a04/bin/third-party/yasm/build
2026-10-05T08:46:51.8993230Z + rm -rf bazel-out/darwin_arm64-opt-exec-ST-d57f47055a04/bin/third-party/yasm/build
2026-10-05T08:46:51.9094480Z + mkdir -p bazel-out/darwin_arm64-opt-exec-ST-d57f47055a04/bin/third-party/yasm/build
2026-10-05T08:46:51.9198310Z ++ pwd
2026-10-05T08:46:51.9299720Z + CMAKE_DIR=/private/var/tmp/_bazel_telegram_ios/29e64aec8f64c22cffe1a8ef8cee6a69/execroot/_main/bazel-out/darwin_arm64-opt-exec-ST-d57f47055a04/bin/third-party/yasm/build/cmake
2026-10-05T08:46:51.9402120Z + rm -rf /private/var/tmp/_bazel_telegram_ios/29e64aec8f64c22cffe1a8ef8cee6a69/execroot/_main/bazel-out/darwin_arm64-opt-exec-ST-d57f47055a04/bin/third-party/yasm/build/cmake
2026-10-05T08:46:51.9503870Z + mkdir -p /private/var/tmp/_bazel_telegram_ios/29e64aec8f64c22cffe1a8ef8cee6a69/execroot/_main/bazel-out/darwin_arm64-opt-exec-ST-d57f47055a04/bin/third-party/yasm/build/cmake
2026-10-05T08:46:51.9617460Z + tar -xf external/+_repo_rules+cmake_tar_gz/file/downloaded -C /private/var/tmp/_bazel_telegram_ios/29e64aec8f64c22cffe1a8ef8cee6a69/execroot/_main/bazel-out/darwin_arm64-opt-exec-ST-d57f47055a04/bin/third-party/yasm/build/cmake
2026-10-05T08:46:51.9740650Z + command -v cmake
2026-10-05T08:46:51.9869880Z + '[' -d /private/var/tmp/_bazel_telegram_ios/29e64aec8f64c22cffe1a8ef8cee6a69/execroot/_main/bazel-out/darwin_arm64-opt-exec-ST-d57f47055a04/bin/third-party/yasm/build/cmake/cmake-4.1.2-macos-universal/CMake.app/Contents/bin ']'
2026-10-05T08:46:52.0033030Z + CMAKE_BIN=/private/var/tmp/_bazel_telegram_ios/29e64aec8f64c22cffe1a8ef8cee6a69/execroot/_main/bazel-out/darwin_arm64-opt-exec-ST-d57f47055a04/bin/third-party/yasm/build/cmake/cmake-4.1.2-macos-universal/CMake.app/Contents/bin/cmake
2026-10-05T08:46:52.0210930Z + SOURCE_PATH=third-party/yasm/yasm-1.3.0
2026-10-05T08:46:52.0381740Z + cp -R third-party/yasm/yasm-1.3.0 bazel-out/darwin_arm64-opt-exec-ST-d57f47055a04/bin/third-party/yasm/build/
2026-10-05T08:46:52.0503720Z + pushd bazel-out/darwin_arm64-opt-exec-ST-d57f47055a04/bin/third-party/yasm/build/yasm-1.3.0
2026-10-05T08:46:52.0616420Z + mkdir build
2026-10-05T08:46:52.0728390Z + cd build
2026-10-05T08:46:52.0854130Z ++ which python3
2026-10-05T08:46:52.0957430Z + /private/var/tmp/_bazel_telegram_ios/29e64aec8f64c22cffe1a8ef8cee6a69/execroot/_main/bazel-out/darwin_arm64-opt-exec-ST-d57f47055a04/bin/third-party/yasm/build/cmake/cmake-4.1.2-macos-universal/CMake.app/Contents/bin/cmake .. -DYASM_BUILD_TESTS=OFF -DCMAKE_BUILD_TYPE=Release -DBUILD_SHARED_LIBS=OFF -DPYTHON_EXECUTABLE=/usr/bin/python3 '-DCMAKE_C_FLAGS=-Wno-deprecated-non-prototype -Wno-switch'
2026-10-05T08:46:52.1059950Z CMake Warning (dev) at CMakeLists.txt:1 (PROJECT):
2026-10-05T08:46:52.1162710Z   cmake_minimum_required() should be called prior to this top-level project()
2026-10-05T08:46:52.1267060Z   call.  Please see the cmake-commands(7) manual for usage documentation of
2026-10-05T08:46:52.1338150Z   both commands.
2026-10-05T08:46:52.1440510Z This warning is for project developers.  Use -Wno-dev to suppress it.
2026-10-05T08:46:52.1542010Z 
2026-10-05T08:46:52.1643110Z CMake Deprecation Warning at CMakeLists.txt:2 (CMAKE_MINIMUM_REQUIRED):
2026-10-05T08:46:52.1744390Z   Compatibility with CMake < 3.10 will be removed from a future version of
2026-10-05T08:46:52.1845570Z   CMake.
2026-10-05T08:46:52.1948020Z 
2026-10-05T08:46:52.2049790Z   Update the VERSION argument <min> value.  Or, use the <min>...<max> syntax
2026-10-05T08:46:52.2171040Z   to tell CMake that the project requires at least <min> but has been updated
2026-10-05T08:46:52.2275080Z   to work with policies introduced by <max> or earlier.
2026-10-05T08:46:52.2382200Z 
2026-10-05T08:46:52.2484130Z 
2026-10-05T08:46:52.2593680Z CMake Warning (dev) at ConfigureChecks.cmake:37 (INCLUDE):
2026-10-05T08:46:52.2707150Z   Policy CMP0148 is not set: The FindPythonInterp and FindPythonLibs modules
2026-10-05T08:46:52.2817810Z   are removed.  Run "cmake --help-policy CMP0148" for policy details.  Use
2026-10-05T08:46:52.2919800Z   the cmake_policy command to set the policy and suppress this warning.
2026-10-05T08:46:52.3024370Z 
2026-10-05T08:46:52.3129420Z Call Stack (most recent call first):
2026-10-05T08:46:52.3234160Z   CMakeLists.txt:36 (INCLUDE)
2026-10-05T08:46:52.3338540Z This warning is for project developers.  Use -Wno-dev to suppress it.
2026-10-05T08:46:52.3440450Z 
2026-10-05T08:46:52.3541390Z + make -j 3
2026-10-05T08:46:52.3642600Z fail to map group of size 2 for tab size 512
2026-10-05T08:46:52.3743690Z + popd
2026-10-05T08:46:52.3862260Z + tar -cf bazel-out/darwin_arm64-opt-exec-ST-d57f47055a04/bin/third-party/yasm/yasm.tar -C bazel-out/darwin_arm64-opt-exec-ST-d57f47055a04/bin/third-party/yasm/build/yasm-1.3.0/build .
2026-10-05T08:46:52.3964950Z /private/var/tmp/_bazel_telegram_ios/29e64aec8f64c22cffe1a8ef8cee6a69/execroot/_main/bazel-out/darwin_arm64-opt-exec-ST-d57f47055a04/bin/third-party/yasm/build/yasm-1.3.0 /private/var/tmp/_bazel_telegram_ios/29e64aec8f64c22cffe1a8ef8cee6a69/execroot/_main
2026-10-05T08:46:52.4066770Z -- The C compiler identification is AppleClang 17.0.0.17000603
2026-10-05T08:46:52.4168630Z -- The CXX compiler identification is AppleClang 17.0.0.17000603
2026-10-05T08:46:52.4269260Z -- Detecting C compiler ABI info
2026-10-05T08:46:52.4370470Z -- Detecting C compiler ABI info - done
2026-10-05T08:46:52.4470830Z -- Check for working C compiler: /usr/bin/cc - skipped
2026-10-05T08:46:52.4575860Z -- Detecting C compile features
2026-10-05T08:46:52.4675000Z -- Detecting C compile features - done
2026-10-05T08:46:52.4776140Z -- Detecting CXX compiler ABI info
2026-10-05T08:46:52.4878830Z -- Detecting CXX compiler ABI info - done
2026-10-05T08:46:52.4981450Z -- Check for working CXX compiler: /usr/bin/c++ - skipped
2026-10-05T08:46:52.5086070Z -- Detecting CXX compile features
2026-10-05T08:46:52.5188540Z -- Detecting CXX compile features - done
2026-10-05T08:46:52.5294490Z -- Looking for locale.h
2026-10-05T08:46:52.5405860Z -- Looking for locale.h - found
2026-10-05T08:46:52.5509080Z -- Looking for libgen.h
2026-10-05T08:46:52.5613120Z -- Looking for libgen.h - found
2026-10-05T08:46:52.5725590Z -- Looking for unistd.h
2026-10-05T08:46:52.5826670Z -- Looking for unistd.h - found
2026-10-05T08:46:52.5927940Z -- Looking for direct.h
2026-10-05T08:46:52.6030890Z -- Looking for direct.h - not found
2026-10-05T08:46:52.6132150Z -- Looking for stdint.h
2026-10-05T08:46:52.6232470Z -- Looking for stdint.h - found
2026-10-05T08:46:52.6333690Z -- Looking for abort
2026-10-05T08:46:52.6434770Z -- Looking for abort - found
2026-10-05T08:46:52.6535910Z -- Looking for getcwd
2026-10-05T08:46:52.6637140Z -- Looking for getcwd - found
2026-10-05T08:46:52.6739830Z -- Looking for toascii
2026-10-05T08:46:52.6838710Z -- Looking for toascii - found
2026-10-05T08:46:52.6940060Z -- Looking for dlopen in dl
2026-10-05T08:46:52.7045770Z -- Looking for dlopen in dl - found
2026-10-05T08:46:52.7147140Z -- Found PythonInterp: /usr/bin/python3 (found version "3.9.6")
2026-10-05T08:46:52.7252300Z -- Standard modules: arch_lc3b;arch_x86;listfmt_nasm;parser_gas;parser_nasm;preproc_nasm;preproc_raw;preproc_cpp;preproc_gas;dbgfmt_cv8;dbgfmt_dwarf2;dbgfmt_null;dbgfmt_stabs;objfmt_dbg;objfmt_bin;objfmt_elf;objfmt_elf32;objfmt_elf64;objfmt_elfx32;objfmt_coff;objfmt_win32;objfmt_win64;objfmt_macho;objfmt_macho32;objfmt_macho64;objfmt_rdf;objfmt_xdf
2026-10-05T08:46:52.7361130Z -- Generating standard plugin initialization file
2026-10-05T08:46:52.7467150Z -- Configuring done (10.5s)
2026-10-05T08:46:52.7573250Z -- Generating done (1.1s)
2026-10-05T08:46:52.7678860Z -- Build files have been written to: /private/var/tmp/_bazel_telegram_ios/29e64aec8f64c22cffe1a8ef8cee6a69/execroot/_main/bazel-out/darwin_arm64-opt-exec-ST-d57f47055a04/bin/third-party/yasm/build/yasm-1.3.0/build
2026-10-05T08:46:52.7680120Z [  1%] Building C object tools/genperf/CMakeFiles/genperf.dir/genperf.c.o
2026-10-05T08:46:52.7782880Z [  2%] Building C object tools/re2c/CMakeFiles/re2c.dir/main.c.o
2026-10-05T08:46:52.7896250Z [  2%] Building C object tools/genmacro/CMakeFiles/genmacro.dir/genmacro.c.o
2026-10-05T08:46:52.8001860Z [  3%] Building C object tools/re2c/CMakeFiles/re2c.dir/code.c.o
2026-10-05T08:46:52.8109840Z [  4%] Linking C executable genmacro
2026-10-05T08:46:52.8216740Z [  5%] Building C object tools/genperf/CMakeFiles/genperf.dir/perfect.c.o
2026-10-05T08:46:52.8320830Z [  5%] Built target genmacro
2026-10-05T08:46:52.8433780Z [  5%] Building C object libyasm/CMakeFiles/libyasm.dir/assocdat.c.o
2026-10-05T08:46:52.8539820Z [  6%] Building C object libyasm/CMakeFiles/libyasm.dir/bitvect.c.o
2026-10-05T08:46:52.8646760Z [  7%] Building C object tools/genperf/CMakeFiles/genperf.dir/__/__/libyasm/phash.c.o
2026-10-05T08:46:52.8749940Z [  7%] Building C object tools/re2c/CMakeFiles/re2c.dir/dfa.c.o
2026-10-05T08:46:52.8854150Z [  7%] Building C object tools/genperf/CMakeFiles/genperf.dir/__/__/libyasm/xmalloc.c.o
2026-10-05T08:46:52.8964890Z [  8%] Building C object tools/re2c/CMakeFiles/re2c.dir/parser.c.o
2026-10-05T08:46:52.9069370Z [  9%] Building C object tools/genperf/CMakeFiles/genperf.dir/__/__/libyasm/xstrdup.c.o
2026-10-05T08:46:52.9204160Z [ 10%] Building C object tools/re2c/CMakeFiles/re2c.dir/actions.c.o
2026-10-05T08:46:52.9320050Z [ 11%] Linking C executable genperf
2026-10-05T08:46:52.9426680Z [ 11%] Built target genperf
2026-10-05T08:46:52.9543570Z [ 12%] Building C object modules/CMakeFiles/genversion.dir/preprocs/nasm/genversion.c.o
2026-10-05T08:46:52.9655900Z [ 13%] Building C object tools/re2c/CMakeFiles/re2c.dir/scanner.c.o
2026-10-05T08:46:52.9757290Z [ 14%] Linking C executable genversion
2026-10-05T08:46:52.9858650Z [ 15%] Building C object tools/re2c/CMakeFiles/re2c.dir/mbo_getopt.c.o
2026-10-05T08:46:52.9961530Z [ 15%] Built target genversion
2026-10-05T08:46:53.0073200Z [ 16%] Building C object libyasm/CMakeFiles/libyasm.dir/bc-align.c.o
2026-10-05T08:46:53.0175760Z [ 17%] Building C object tools/re2c/CMakeFiles/re2c.dir/substr.c.o
2026-10-05T08:46:53.0277480Z [ 18%] Building C object libyasm/CMakeFiles/libyasm.dir/bc-data.c.o
2026-10-05T08:46:53.0380020Z [ 18%] Building C object tools/re2c/CMakeFiles/re2c.dir/translate.c.o
2026-10-05T08:46:53.0483020Z [ 19%] Linking C executable re2c
2026-10-05T08:46:53.0585090Z [ 20%] Building C object libyasm/CMakeFiles/libyasm.dir/bc-incbin.c.o
2026-10-05T08:46:53.0690750Z [ 20%] Built target re2c
2026-10-05T08:46:53.0792100Z [ 21%] Building C object libyasm/CMakeFiles/libyasm.dir/bc-org.c.o
2026-10-05T08:46:53.0893470Z [ 21%] Building C object libyasm/CMakeFiles/libyasm.dir/bc-reserve.c.o
2026-10-05T08:46:53.1020820Z [ 22%] Building C object libyasm/CMakeFiles/libyasm.dir/bytecode.c.o
2026-10-05T08:46:53.1149160Z [ 23%] Building C object libyasm/CMakeFiles/libyasm.dir/cmake-module.c.o
2026-10-05T08:46:53.1253570Z [ 24%] Building C object libyasm/CMakeFiles/libyasm.dir/errwarn.c.o
2026-10-05T08:46:53.1371100Z [ 25%] Building C object libyasm/CMakeFiles/libyasm.dir/expr.c.o
2026-10-05T08:46:53.1475950Z [ 25%] Building C object libyasm/CMakeFiles/libyasm.dir/file.c.o
2026-10-05T08:46:53.1598060Z [ 26%] Building C object libyasm/CMakeFiles/libyasm.dir/floatnum.c.o
2026-10-05T08:46:53.1708290Z [ 27%] Building C object libyasm/CMakeFiles/libyasm.dir/hamt.c.o
2026-10-05T08:46:53.1831900Z [ 28%] Building C object libyasm/CMakeFiles/libyasm.dir/insn.c.o
2026-10-05T08:46:53.1944250Z [ 29%] Building C object libyasm/CMakeFiles/libyasm.dir/intnum.c.o
2026-10-05T08:46:53.2052590Z [ 29%] Building C object libyasm/CMakeFiles/libyasm.dir/inttree.c.o
2026-10-05T08:46:53.2170160Z [ 30%] Building C object libyasm/CMakeFiles/libyasm.dir/linemap.c.o
2026-10-05T08:46:53.2280640Z [ 31%] Building C object libyasm/CMakeFiles/libyasm.dir/md5.c.o
2026-10-05T08:46:53.2395060Z [ 32%] Building C object libyasm/CMakeFiles/libyasm.dir/mergesort.c.o
2026-10-05T08:46:53.2512450Z [ 33%] Building C object libyasm/CMakeFiles/libyasm.dir/phash.c.o
2026-10-05T08:46:53.2637200Z [ 34%] Building C object libyasm/CMakeFiles/libyasm.dir/section.c.o
2026-10-05T08:46:53.2744960Z [ 34%] Building C object libyasm/CMakeFiles/libyasm.dir/strcasecmp.c.o
2026-10-05T08:46:53.2856060Z [ 35%] Building C object libyasm/CMakeFiles/libyasm.dir/strsep.c.o
2026-10-05T08:46:53.2972350Z [ 36%] Building C object libyasm/CMakeFiles/libyasm.dir/symrec.c.o
2026-10-05T08:46:53.3085150Z [ 37%] Building C object libyasm/CMakeFiles/libyasm.dir/valparam.c.o
2026-10-05T08:46:53.3219620Z [ 38%] Building C object libyasm/CMakeFiles/libyasm.dir/value.c.o
2026-10-05T08:46:53.3330550Z [ 39%] Building C object libyasm/CMakeFiles/libyasm.dir/xstrdup.c.o
2026-10-05T08:46:53.3433020Z [ 39%] Building C object libyasm/CMakeFiles/libyasm.dir/xmalloc.c.o
2026-10-05T08:46:53.3562800Z [ 40%] Linking C static library ../liblibyasm.a
2026-10-05T08:46:53.3672860Z [ 40%] Built target libyasm
2026-10-05T08:46:53.3782060Z [ 40%] Generating gas-token.c
2026-10-05T08:46:53.3922620Z [ 41%] Generating x86regtmod.c
2026-10-05T08:46:53.4046070Z [ 41%] Generating lc3bid.c
2026-10-05T08:46:53.4187730Z [ 42%] Generating nasm-macros.c
2026-10-05T08:46:53.4321230Z [ 44%] Generating version.mac
2026-10-05T08:46:53.4422430Z [ 44%] Generating nasm-token.c
2026-10-05T08:46:53.4564050Z [ 44%] Generating win64-gas.c
2026-10-05T08:46:53.4666110Z [ 45%] Generating win64-nasm.c
2026-10-05T08:46:53.4767700Z [ 46%] Generating x86cpu.c
2026-10-05T08:46:53.4871330Z [ 47%] Generating x86insns.c, x86insn_gas.gperf, x86insn_nasm.gperf
2026-10-05T08:46:53.4972520Z [ 48%] Generating nasm-version.c
2026-10-05T08:46:53.5074510Z [ 49%] Generating x86insn_gas.c
2026-10-05T08:46:53.5176380Z [ 50%] Generating x86insn_nasm.c
2026-10-05T08:46:53.5276850Z [ 51%] Building C object modules/CMakeFiles/yasmstd.dir/init_plugin.c.o
2026-10-05T08:46:53.5392490Z [ 52%] Building C object modules/CMakeFiles/yasmstd.dir/arch/lc3b/lc3bbc.c.o
2026-10-05T08:46:53.5492760Z [ 53%] Building C object modules/CMakeFiles/yasmstd.dir/arch/lc3b/lc3barch.c.o
2026-10-05T08:46:53.5597010Z [ 53%] Building C object modules/CMakeFiles/yasmstd.dir/lc3bid.c.o
2026-10-05T08:46:53.5694460Z [ 54%] Building C object modules/CMakeFiles/yasmstd.dir/arch/x86/x86arch.c.o
2026-10-05T08:46:53.5795780Z [ 55%] Building C object modules/CMakeFiles/yasmstd.dir/arch/x86/x86bc.c.o
2026-10-05T08:46:53.5897210Z [ 56%] Building C object modules/CMakeFiles/yasmstd.dir/arch/x86/x86expr.c.o
2026-10-05T08:46:53.5997650Z [ 57%] Building C object modules/CMakeFiles/yasmstd.dir/arch/x86/x86id.c.o
2026-10-05T08:46:53.6032070Z [ 58%] Building C object modules/CMakeFiles/yasmstd.dir/x86cpu.c.o
2026-10-05T08:46:53.6134450Z [ 58%] Building C object modules/CMakeFiles/yasmstd.dir/x86regtmod.c.o
2026-10-05T08:46:53.6237940Z [ 59%] Building C object modules/CMakeFiles/yasmstd.dir/listfmts/nasm/nasm-listfmt.c.o
2026-10-05T08:46:53.6339650Z [ 60%] Building C object modules/CMakeFiles/yasmstd.dir/parsers/gas/gas-parser.c.o
2026-10-05T08:46:53.6441950Z [ 61%] Building C object modules/CMakeFiles/yasmstd.dir/parsers/gas/gas-parse.c.o
2026-10-05T08:46:53.6543930Z [ 62%] Building C object modules/CMakeFiles/yasmstd.dir/parsers/gas/gas-parse-intel.c.o
2026-10-05T08:46:53.6645310Z [ 62%] Building C object modules/CMakeFiles/yasmstd.dir/gas-token.c.o
2026-10-05T08:46:53.6746490Z [ 63%] Building C object modules/CMakeFiles/yasmstd.dir/parsers/nasm/nasm-parser.c.o
2026-10-05T08:46:53.6868900Z [ 64%] Building C object modules/CMakeFiles/yasmstd.dir/parsers/nasm/nasm-parse.c.o
2026-10-05T08:46:53.6970380Z [ 65%] Building C object modules/CMakeFiles/yasmstd.dir/nasm-token.c.o
2026-10-05T08:46:53.7073530Z [ 66%] Building C object modules/CMakeFiles/yasmstd.dir/preprocs/nasm/nasm-preproc.c.o
2026-10-05T08:46:53.7184810Z [ 66%] Building C object modules/CMakeFiles/yasmstd.dir/preprocs/nasm/nasm-pp.c.o
2026-10-05T08:46:53.7287420Z [ 67%] Building C object modules/CMakeFiles/yasmstd.dir/preprocs/nasm/nasmlib.c.o
2026-10-05T08:46:53.7388790Z [ 68%] Building C object modules/CMakeFiles/yasmstd.dir/preprocs/nasm/nasm-eval.c.o
2026-10-05T08:46:53.7490200Z [ 69%] Building C object modules/CMakeFiles/yasmstd.dir/preprocs/raw/raw-preproc.c.o
2026-10-05T08:46:53.7592620Z [ 70%] Building C object modules/CMakeFiles/yasmstd.dir/preprocs/cpp/cpp-preproc.c.o
2026-10-05T08:46:53.7695800Z [ 71%] Building C object modules/CMakeFiles/yasmstd.dir/preprocs/gas/gas-preproc.c.o
2026-10-05T08:46:53.7808290Z [ 71%] Building C object modules/CMakeFiles/yasmstd.dir/preprocs/gas/gas-eval.c.o
2026-10-05T08:46:53.7912650Z [ 72%] Building C object modules/CMakeFiles/yasmstd.dir/dbgfmts/codeview/cv-dbgfmt.c.o
2026-10-05T08:46:53.8016220Z [ 73%] Building C object modules/CMakeFiles/yasmstd.dir/dbgfmts/codeview/cv-symline.c.o
2026-10-05T08:46:53.8129510Z [ 74%] Building C object modules/CMakeFiles/yasmstd.dir/dbgfmts/codeview/cv-type.c.o
2026-10-05T08:46:53.8238080Z [ 75%] Building C object modules/CMakeFiles/yasmstd.dir/dbgfmts/dwarf2/dwarf2-dbgfmt.c.o
2026-10-05T08:46:53.8365080Z [ 75%] Building C object modules/CMakeFiles/yasmstd.dir/dbgfmts/dwarf2/dwarf2-line.c.o
2026-10-05T08:46:53.8468490Z [ 76%] Building C object modules/CMakeFiles/yasmstd.dir/dbgfmts/dwarf2/dwarf2-aranges.c.o
2026-10-05T08:46:53.8573400Z [ 77%] Building C object modules/CMakeFiles/yasmstd.dir/dbgfmts/dwarf2/dwarf2-info.c.o
2026-10-05T08:46:53.8697060Z [ 78%] Building C object modules/CMakeFiles/yasmstd.dir/dbgfmts/null/null-dbgfmt.c.o
2026-10-05T08:46:53.8810660Z [ 79%] Building C object modules/CMakeFiles/yasmstd.dir/dbgfmts/stabs/stabs-dbgfmt.c.o
2026-10-05T08:46:53.8943990Z [ 79%] Building C object modules/CMakeFiles/yasmstd.dir/objfmts/dbg/dbg-objfmt.c.o
2026-10-05T08:46:53.9052000Z [ 80%] Building C object modules/CMakeFiles/yasmstd.dir/objfmts/bin/bin-objfmt.c.o
2026-10-05T08:46:53.9066800Z [ 81%] Building C object modules/CMakeFiles/yasmstd.dir/objfmts/elf/elf.c.o
2026-10-05T08:46:53.9196890Z [ 82%] Building C object modules/CMakeFiles/yasmstd.dir/objfmts/elf/elf-objfmt.c.o
2026-10-05T08:46:53.9312000Z [ 83%] Building C object modules/CMakeFiles/yasmstd.dir/objfmts/elf/elf-x86-x86.c.o
2026-10-05T08:46:53.9426180Z [ 84%] Building C object modules/CMakeFiles/yasmstd.dir/objfmts/elf/elf-x86-amd64.c.o
2026-10-05T08:46:53.9563320Z [ 84%] Building C object modules/CMakeFiles/yasmstd.dir/objfmts/elf/elf-x86-x32.c.o
2026-10-05T08:46:53.9668830Z [ 85%] Building C object modules/CMakeFiles/yasmstd.dir/objfmts/coff/coff-objfmt.c.o
2026-10-05T08:46:53.9770210Z [ 86%] Building C object modules/CMakeFiles/yasmstd.dir/objfmts/coff/win64-except.c.o
2026-10-05T08:46:53.9871720Z [ 87%] Building C object modules/CMakeFiles/yasmstd.dir/objfmts/macho/macho-objfmt.c.o
2026-10-05T08:46:53.9973010Z [ 88%] Building C object modules/CMakeFiles/yasmstd.dir/objfmts/rdf/rdf-objfmt.c.o
2026-10-05T08:46:54.0075360Z [ 88%] Building C object modules/CMakeFiles/yasmstd.dir/objfmts/xdf/xdf-objfmt.c.o
2026-10-05T08:46:54.0178640Z [ 89%] Linking C static library ../libyasmstd.a
2026-10-05T08:46:54.0280790Z [ 89%] Built target yasmstd
2026-10-05T08:46:54.0381890Z [ 91%] Generating license.c
2026-10-05T08:46:54.0482570Z [ 91%] Generating license.c
2026-10-05T08:46:54.0584150Z [ 92%] Generating license.c
2026-10-05T08:46:54.0685080Z [ 93%] Building C object frontends/vsyasm/CMakeFiles/vsyasm.dir/vsyasm.c.o
2026-10-05T08:46:54.0789530Z [ 94%] Building C object frontends/yasm/CMakeFiles/yasm.dir/yasm.c.o
2026-10-05T08:46:54.0892010Z [ 95%] Building C object frontends/tasm/CMakeFiles/ytasm.dir/tasm.c.o
2026-10-05T08:46:54.0998880Z [ 96%] Building C object frontends/tasm/CMakeFiles/ytasm.dir/tasm-options.c.o
2026-10-05T08:46:54.1102010Z [ 97%] Linking C executable ../../ytasm
2026-10-05T08:46:54.1224020Z [ 98%] Building C object frontends/yasm/CMakeFiles/yasm.dir/yasm-options.c.o
2026-10-05T08:46:54.1276950Z [ 98%] Built target ytasm
2026-10-05T08:46:54.1401880Z [ 99%] Building C object frontends/vsyasm/CMakeFiles/vsyasm.dir/__/yasm/yasm-options.c.o
2026-10-05T08:46:54.1508660Z [100%] Linking C executable ../../yasm
2026-10-05T08:46:54.1632910Z [100%] Built target yasm
2026-10-05T08:46:54.1738670Z [100%] Linking C executable ../../vsyasm
2026-10-05T08:46:54.1848690Z [100%] Built target vsyasm
2026-10-05T08:46:54.1961920Z /private/var/tmp/_bazel_telegram_ios/29e64aec8f64c22cffe1a8ef8cee6a69/execroot/_main
2026-10-05T08:46:54.2083990Z [1,466 / 5,748] AssetCatalogCompile Telegram/Telegram-intermediates/xcassets; 16s local, disk-cache ... (3 actions, 2 running)
2026-10-05T08:46:54.2185350Z [1,466 / 5,748] AssetCatalogCompile Telegram/Telegram-intermediates/xcassets; 17s local, disk-cache ... (3 actions running)
2026-10-05T08:47:01.0088600Z [1,467 / 5,748] AssetCatalogCompile Telegram/Telegram-intermediates/xcassets; 25s local, disk-cache ... (3 actions, 2 running)
2026-10-05T08:47:02.5998200Z [1,468 / 5,748] AssetCatalogCompile Telegram/Telegram-intermediates/xcassets; 27s local, disk-cache ... (3 actions running)
2026-10-05T08:47:13.2236650Z [1,468 / 5,748] AssetCatalogCompile Telegram/Telegram-intermediates/xcassets; 37s local, disk-cache ... (3 actions running)
2026-10-05T08:47:17.4354840Z [1,469 / 5,748] Executing genrule //third-party/libvpx:libvpx_build; 25s local, disk-cache ... (3 actions, 2 running)
2026-10-05T08:47:18.4676250Z [1,479 / 5,748] Executing genrule //third-party/libvpx:libvpx_build; 26s local, disk-cache ... (3 actions, 2 running)
2026-10-05T08:47:19.7386020Z [1,480 / 5,748] Executing genrule //third-party/libvpx:libvpx_build; 27s local, disk-cache ... (3 actions, 2 running)
2026-10-05T08:47:21.1944210Z [1,481 / 5,748] Executing genrule //third-party/libvpx:libvpx_build; 29s local, disk-cache ... (3 actions, 2 running)
2026-10-05T08:47:22.3704270Z [1,492 / 5,748] Executing genrule //third-party/libvpx:libvpx_build; 30s local, disk-cache ... (3 actions running)
2026-10-05T08:47:22.9300490Z INFO: From Compiling submodules/MonotonicTime/Sources/DeviceUptime.m:
2026-10-05T08:47:22.9415460Z submodules/MonotonicTime/Sources/DeviceUptime.m:17:34: warning: implicit conversion loses integer precision: '__darwin_time_t' (aka 'long') to 'int32_t' (aka 'int') [-Wshorten-64-to-32]
2026-10-05T08:47:22.9536410Z    17 |             *bootTime = boottime.tv_sec;
2026-10-05T08:47:22.9644210Z       |                       ~ ~~~~~~~~~^~~~~~
2026-10-05T08:47:22.9770910Z submodules/MonotonicTime/Sources/DeviceUptime.m:21:12: warning: implicit conversion loses integer precision: 'time_t' (aka 'long') to 'int32_t' (aka 'int') [-Wshorten-64-to-32]
2026-10-05T08:47:22.9895050Z    21 |     return uptime;
2026-10-05T08:47:23.0023070Z       |     ~~~~~~ ^~~~~~
2026-10-05T08:47:23.0176640Z 2 warnings generated.
2026-10-05T08:47:23.3898990Z [1,518 / 5,748] Executing genrule //third-party/libvpx:libvpx_build; 31s local, disk-cache ... (3 actions running)
2026-10-05T08:47:24.3817310Z [1,526 / 5,748] Executing genrule //third-party/libvpx:libvpx_build; 32s local, disk-cache ... (3 actions, 2 running)
2026-10-05T08:47:25.4380170Z [1,526 / 5,748] Executing genrule //third-party/libvpx:libvpx_build; 33s local, disk-cache ... (3 actions running)
2026-10-05T08:47:26.4643040Z [1,527 / 5,748] Executing genrule //third-party/libvpx:libvpx_build; 34s local, disk-cache ... (3 actions running)
2026-10-05T08:47:27.4773170Z [1,528 / 5,748] Executing genrule //third-party/libvpx:libvpx_build; 35s local, disk-cache ... (3 actions running)
2026-10-05T08:47:28.9288090Z [1,529 / 5,748] Executing genrule //third-party/libvpx:libvpx_build; 37s local, disk-cache ... (3 actions, 2 running)
2026-10-05T08:47:29.9324190Z [1,567 / 5,748] Executing genrule //third-party/libvpx:libvpx_build; 38s local, disk-cache ... (3 actions, 2 running)
2026-10-05T08:47:30.9349000Z [1,675 / 5,748] Executing genrule //third-party/libvpx:libvpx_build; 39s local, disk-cache ... (3 actions, 2 running)
2026-10-05T08:47:32.2803650Z [1,726 / 5,748] Executing genrule //third-party/libvpx:libvpx_build; 40s local, disk-cache ... (3 actions, 2 running)
2026-10-05T08:47:33.3415070Z [1,734 / 5,748] Executing genrule //third-party/libvpx:libvpx_build; 41s local, disk-cache ... (3 actions, 2 running)
2026-10-05T08:47:34.3331680Z [1,804 / 5,748] Executing genrule //third-party/libvpx:libvpx_build; 42s local, disk-cache ... (3 actions, 2 running)
2026-10-05T08:47:35.3550960Z [1,965 / 5,748] Executing genrule //third-party/libvpx:libvpx_build; 43s local, disk-cache ... (3 actions, 2 running)
2026-10-05T08:47:36.3426020Z [2,206 / 5,748] Executing genrule //third-party/libvpx:libvpx_build; 44s local, disk-cache ... (3 actions, 2 running)
2026-10-05T08:47:37.1880340Z INFO: From Executing genrule //third-party/td:td_build:
2026-10-05T08:47:37.1981710Z + '[' ios_arm64 == ios_arm64 ']'
2026-10-05T08:47:37.2082960Z + BUILD_ARCH=arm64
2026-10-05T08:47:37.2184020Z + BUILD_DIR=bazel-out/ios_arm64-opt-ios-arm64-min13.0-ST-57b073d392e5/bin/third-party/td/build_arm64
2026-10-05T08:47:37.2285340Z + rm -rf bazel-out/ios_arm64-opt-ios-arm64-min13.0-ST-57b073d392e5/bin/third-party/td/build_arm64
2026-10-05T08:47:37.2386850Z + mkdir -p bazel-out/ios_arm64-opt-ios-arm64-min13.0-ST-57b073d392e5/bin/third-party/td/build_arm64
2026-10-05T08:47:37.2487410Z ++ pwd
2026-10-05T08:47:37.2590250Z + CMAKE_DIR=/private/var/tmp/_bazel_telegram_ios/29e64aec8f64c22cffe1a8ef8cee6a69/execroot/_main/bazel-out/ios_arm64-opt-ios-arm64-min13.0-ST-57b073d392e5/bin/third-party/td/build_arm64/cmake
2026-10-05T08:47:37.2689600Z + rm -rf /private/var/tmp/_bazel_telegram_ios/29e64aec8f64c22cffe1a8ef8cee6a69/execroot/_main/bazel-out/ios_arm64-opt-ios-arm64-min13.0-ST-57b073d392e5/bin/third-party/td/build_arm64/cmake
2026-10-05T08:47:37.2791580Z + mkdir -p /private/var/tmp/_bazel_telegram_ios/29e64aec8f64c22cffe1a8ef8cee6a69/execroot/_main/bazel-out/ios_arm64-opt-ios-arm64-min13.0-ST-57b073d392e5/bin/third-party/td/build_arm64/cmake
2026-10-05T08:47:37.2893860Z + tar -xzf external/+_repo_rules+cmake_tar_gz/file/downloaded -C /private/var/tmp/_bazel_telegram_ios/29e64aec8f64c22cffe1a8ef8cee6a69/execroot/_main/bazel-out/ios_arm64-opt-ios-arm64-min13.0-ST-57b073d392e5/bin/third-party/td/build_arm64/cmake
2026-10-05T08:47:37.2993790Z ++ pwd
2026-10-05T08:47:37.3095290Z + OPENSSL_BASE_DIR=/private/var/tmp/_bazel_telegram_ios/29e64aec8f64c22cffe1a8ef8cee6a69/execroot/_main/bazel-out/ios_arm64-opt-ios-arm64-min13.0-ST-57b073d392e5/bin/third-party/td/build_arm64
2026-10-05T08:47:37.3197390Z + OPENSSL_DIR=/private/var/tmp/_bazel_telegram_ios/29e64aec8f64c22cffe1a8ef8cee6a69/execroot/_main/bazel-out/ios_arm64-opt-ios-arm64-min13.0-ST-57b073d392e5/bin/third-party/td/build_arm64/openssl
2026-10-05T08:47:37.3299370Z + rm -rf /private/var/tmp/_bazel_telegram_ios/29e64aec8f64c22cffe1a8ef8cee6a69/execroot/_main/bazel-out/ios_arm64-opt-ios-arm64-min13.0-ST-57b073d392e5/bin/third-party/td/build_arm64/openssl
2026-10-05T08:47:37.3423860Z + mkdir -p /private/var/tmp/_bazel_telegram_ios/29e64aec8f64c22cffe1a8ef8cee6a69/execroot/_main/bazel-out/ios_arm64-opt-ios-arm64-min13.0-ST-57b073d392e5/bin/third-party/td/build_arm64/openssl
2026-10-05T08:47:37.3538930Z + mkdir -p /private/var/tmp/_bazel_telegram_ios/29e64aec8f64c22cffe1a8ef8cee6a69/execroot/_main/bazel-out/ios_arm64-opt-ios-arm64-min13.0-ST-57b073d392e5/bin/third-party/td/build_arm64/openssl/lib
2026-10-05T08:47:37.3642510Z + mkdir -p /private/var/tmp/_bazel_telegram_ios/29e64aec8f64c22cffe1a8ef8cee6a69/execroot/_main/bazel-out/ios_arm64-opt-ios-arm64-min13.0-ST-57b073d392e5/bin/third-party/td/build_arm64/openssl/src/include/openssl
2026-10-05T08:47:37.3759690Z + mkdir -p /private/var/tmp/_bazel_telegram_ios/29e64aec8f64c22cffe1a8ef8cee6a69/execroot/_main/bazel-out/ios_arm64-opt-ios-arm64-min13.0-ST-57b073d392e5/bin/third-party/td/build_arm64/openssl/src/include/openssl/experimental
2026-10-05T08:47:37.3863850Z + cp -R bazel-out/ios_arm64-opt-ios-arm64-min13.0-ST-57b073d392e5/bin/third-party/boringssl/libcrypto.a /private/var/tmp/_bazel_telegram_ios/29e64aec8f64c22cffe1a8ef8cee6a69/execroot/_main/bazel-out/ios_arm64-opt-ios-arm64-min13.0-ST-57b073d392e5/bin/third-party/td/build_arm64/openssl/lib/libcrypto.a
2026-10-05T08:47:37.3985820Z + cp -f third-party/boringssl/src/include/openssl/aead.h /private/var/tmp/_bazel_telegram_ios/29e64aec8f64c22cffe1a8ef8cee6a69/execroot/_main/bazel-out/ios_arm64-opt-ios-arm64-min13.0-ST-57b073d392e5/bin/third-party/td/build_arm64/openssl/src/include/openssl/aead.h
2026-10-05T08:47:37.4086770Z + cp -f third-party/boringssl/src/include/openssl/aes.h /private/var/tmp/_bazel_telegram_ios/29e64aec8f64c22cffe1a8ef8cee6a69/execroot/_main/bazel-out/ios_arm64-opt-ios-arm64-min13.0-ST-57b073d392e5/bin/third-party/td/build_arm64/openssl/src/include/openssl/aes.h
2026-10-05T08:47:37.4189730Z + cp -f third-party/boringssl/src/include/openssl/arm_arch.h /private/var/tmp/_bazel_telegram_ios/29e64aec8f64c22cffe1a8ef8cee6a69/execroot/_main/bazel-out/ios_arm64-opt-ios-arm64-min13.0-ST-57b073d392e5/bin/third-party/td/build_arm64/openssl/src/include/openssl/arm_arch.h
2026-10-05T08:47:37.4313750Z + cp -f third-party/boringssl/src/include/openssl/asm_base.h /private/var/tmp/_bazel_telegram_ios/29e64aec8f64c22cffe1a8ef8cee6a69/execroot/_main/bazel-out/ios_arm64-opt-ios-arm64-min13.0-ST-57b073d392e5/bin/third-party/td/build_arm64/openssl/src/include/openssl/asm_base.h
2026-10-05T08:47:37.4416300Z + cp -f third-party/boringssl/src/include/openssl/asn1.h /private/var/tmp/_bazel_telegram_ios/29e64aec8f64c22cffe1a8ef8cee6a69/execroot/_main/bazel-out/ios_arm64-opt-ios-arm64-min13.0-ST-57b073d392e5/bin/third-party/td/build_arm64/openssl/src/include/openssl/asn1.h
2026-10-05T08:47:37.4520760Z + cp -f third-party/boringssl/src/include/openssl/asn1_mac.h /private/var/tmp/_bazel_telegram_ios/29e64aec8f64c22cffe1a8ef8cee6a69/execroot/_main/bazel-out/ios_arm64-opt-ios-arm64-min13.0-ST-57b073d392e5/bin/third-party/td/build_arm64/openssl/src/include/openssl/asn1_mac.h
2026-10-05T08:47:37.4622770Z + cp -f third-party/boringssl/src/include/openssl/asn1t.h /private/var/tmp/_bazel_telegram_ios/29e64aec8f64c22cffe1a8ef8cee6a69/execroot/_main/bazel-out/ios_arm64-opt-ios-arm64-min13.0-ST-57b073d392e5/bin/third-party/td/build_arm64/openssl/src/include/openssl/asn1t.h
2026-10-05T08:47:37.4723520Z + cp -f third-party/boringssl/src/include/openssl/base.h /private/var/tmp/_bazel_telegram_ios/29e64aec8f64c22cffe1a8ef8cee6a69/execroot/_main/bazel-out/ios_arm64-opt-ios-arm64-min13.0-ST-57b073d392e5/bin/third-party/td/build_arm64/openssl/src/include/openssl/base.h
2026-10-05T08:47:37.4826390Z + cp -f third-party/boringssl/src/include/openssl/base64.h /private/var/tmp/_bazel_telegram_ios/29e64aec8f64c22cffe1a8ef8cee6a69/execroot/_main/bazel-out/ios_arm64-opt-ios-arm64-min13.0-ST-57b073d392e5/bin/third-party/td/build_arm64/openssl/src/include/openssl/base64.h
2026-10-05T08:47:37.4927670Z + cp -f third-party/boringssl/src/include/openssl/bio.h /private/var/tmp/_bazel_telegram_ios/29e64aec8f64c22cffe1a8ef8cee6a69/execroot/_main/bazel-out/ios_arm64-opt-ios-arm64-min13.0-ST-57b073d392e5/bin/third-party/td/build_arm64/openssl/src/include/openssl/bio.h
2026-10-05T08:47:37.5028110Z + cp -f third-party/boringssl/src/include/openssl/blake2.h /private/var/tmp/_bazel_telegram_ios/29e64aec8f64c22cffe1a8ef8cee6a69/execroot/_main/bazel-out/ios_arm64-opt-ios-arm64-min13.0-ST-57b073d392e5/bin/third-party/td/build_arm64/openssl/src/include/openssl/blake2.h
2026-10-05T08:47:37.5128850Z + cp -f third-party/boringssl/src/include/openssl/blowfish.h /private/var/tmp/_bazel_telegram_ios/29e64aec8f64c22cffe1a8ef8cee6a69/execroot/_main/bazel-out/ios_arm64-opt-ios-arm64-min13.0-ST-57b073d392e5/bin/third-party/td/build_arm64/openssl/src/include/openssl/blowfish.h
2026-10-05T08:47:37.5230330Z + cp -f third-party/boringssl/src/include/openssl/bn.h /private/var/tmp/_bazel_telegram_ios/29e64aec8f64c22cffe1a8ef8cee6a69/execroot/_main/bazel-out/ios_arm64-opt-ios-arm64-min13.0-ST-57b073d392e5/bin/third-party/td/build_arm64/openssl/src/include/openssl/bn.h
2026-10-05T08:47:37.5331200Z + cp -f third-party/boringssl/src/include/openssl/buf.h /private/var/tmp/_bazel_telegram_ios/29e64aec8f64c22cffe1a8ef8cee6a69/execroot/_main/bazel-out/ios_arm64-opt-ios-arm64-min13.0-ST-57b073d392e5/bin/third-party/td/build_arm64/openssl/src/include/openssl/buf.h
2026-10-05T08:47:37.5434380Z + cp -f third-party/boringssl/src/include/openssl/buffer.h /private/var/tmp/_bazel_telegram_ios/29e64aec8f64c22cffe1a8ef8cee6a69/execroot/_main/bazel-out/ios_arm64-opt-ios-arm64-min13.0-ST-57b073d392e5/bin/third-party/td/build_arm64/openssl/src/include/openssl/buffer.h
2026-10-05T08:47:37.5436240Z + cp -f third-party/boringssl/src/include/openssl/bytestring.h /private/var/tmp/_bazel_telegram_ios/29e64aec8f64c22cffe1a8ef8cee6a69/execroot/_main/bazel-out/ios_arm64-opt-ios-arm64-min13.0-ST-57b073d392e5/bin/third-party/td/build_arm64/openssl/src/include/openssl/bytestring.h
2026-10-05T08:47:37.5540870Z + cp -f third-party/boringssl/src/include/openssl/cast.h /private/var/tmp/_bazel_telegram_ios/29e64aec8f64c22cffe1a8ef8cee6a69/execroot/_main/bazel-out/ios_arm64-opt-ios-arm64-min13.0-ST-57b073d392e5/bin/third-party/td/build_arm64/openssl/src/include/openssl/cast.h
2026-10-05T08:47:37.5645390Z + cp -f third-party/boringssl/src/include/openssl/chacha.h /private/var/tmp/_bazel_telegram_ios/29e64aec8f64c22cffe1a8ef8cee6a69/execroot/_main/bazel-out/ios_arm64-opt-ios-arm64-min13.0-ST-57b073d392e5/bin/third-party/td/build_arm64/openssl/src/include/openssl/chacha.h
2026-10-05T08:47:37.5751380Z + cp -f third-party/boringssl/src/include/openssl/cipher.h /private/var/tmp/_bazel_telegram_ios/29e64aec8f64c22cffe1a8ef8cee6a69/execroot/_main/bazel-out/ios_arm64-opt-ios-arm64-min13.0-ST-57b073d392e5/bin/third-party/td/build_arm64/openssl/src/include/openssl/cipher.h
2026-10-05T08:47:37.5861150Z + cp -f third-party/boringssl/src/include/openssl/cmac.h /private/var/tmp/_bazel_telegram_ios/29e64aec8f64c22cffe1a8ef8cee6a69/execroot/_main/bazel-out/ios_arm64-opt-ios-arm64-min13.0-ST-57b073d392e5/bin/third-party/td/build_arm64/openssl/src/include/openssl/cmac.h
2026-10-05T08:47:37.5963890Z + cp -f third-party/boringssl/src/include/openssl/conf.h /private/var/tmp/_bazel_telegram_ios/29e64aec8f64c22cffe1a8ef8cee6a69/execroot/_main/bazel-out/ios_arm64-opt-ios-arm64-min13.0-ST-57b073d392e5/bin/third-party/td/build_arm64/openssl/src/include/openssl/conf.h
2026-10-05T08:47:37.6066630Z + cp -f third-party/boringssl/src/include/openssl/cpu.h /private/var/tmp/_bazel_telegram_ios/29e64aec8f64c22cffe1a8ef8cee6a69/execroot/_main/bazel-out/ios_arm64-opt-ios-arm64-min13.0-ST-57b073d392e5/bin/third-party/td/build_arm64/openssl/src/include/openssl/cpu.h
2026-10-05T08:47:37.6169910Z + cp -f third-party/boringssl/src/include/openssl/crypto.h /private/var/tmp/_bazel_telegram_ios/29e64aec8f64c22cffe1a8ef8cee6a69/execroot/_main/bazel-out/ios_arm64-opt-ios-arm64-min13.0-ST-57b073d392e5/bin/third-party/td/build_arm64/openssl/src/include/openssl/crypto.h
2026-10-05T08:47:37.6274520Z + cp -f third-party/boringssl/src/include/openssl/ctrdrbg.h /private/var/tmp/_bazel_telegram_ios/29e64aec8f64c22cffe1a8ef8cee6a69/execroot/_main/bazel-out/ios_arm64-opt-ios-arm64-min13.0-ST-57b073d392e5/bin/third-party/td/build_arm64/openssl/src/include/openssl/ctrdrbg.h
2026-10-05T08:47:37.6377580Z + cp -f third-party/boringssl/src/include/openssl/curve25519.h /private/var/tmp/_bazel_telegram_ios/29e64aec8f64c22cffe1a8ef8cee6a69/execroot/_main/bazel-out/ios_arm64-opt-ios-arm64-min13.0-ST-57b073d392e5/bin/third-party/td/build_arm64/openssl/src/include/openssl/curve25519.h
2026-10-05T08:47:37.6481170Z + cp -f third-party/boringssl/src/include/openssl/des.h /private/var/tmp/_bazel_telegram_ios/29e64aec8f64c22cffe1a8ef8cee6a69/execroot/_main/bazel-out/ios_arm64-opt-ios-arm64-min13.0-ST-57b073d392e5/bin/third-party/td/build_arm64/openssl/src/include/openssl/des.h
2026-10-05T08:47:37.6584030Z + cp -f third-party/boringssl/src/include/openssl/dh.h /private/var/tmp/_bazel_telegram_ios/29e64aec8f64c22cffe1a8ef8cee6a69/execroot/_main/bazel-out/ios_arm64-opt-ios-arm64-min13.0-ST-57b073d392e5/bin/third-party/td/build_arm64/openssl/src/include/openssl/dh.h
2026-10-05T08:47:37.6686810Z + cp -f third-party/boringssl/src/include/openssl/digest.h /private/var/tmp/_bazel_telegram_ios/29e64aec8f64c22cffe1a8ef8cee6a69/execroot/_main/bazel-out/ios_arm64-opt-ios-arm64-min13.0-ST-57b073d392e5/bin/third-party/td/build_arm64/openssl/src/include/openssl/digest.h
2026-10-05T08:47:37.6789620Z + cp -f third-party/boringssl/src/include/openssl/dsa.h /private/var/tmp/_bazel_telegram_ios/29e64aec8f64c22cffe1a8ef8cee6a69/execroot/_main/bazel-out/ios_arm64-opt-ios-arm64-min13.0-ST-57b073d392e5/bin/third-party/td/build_arm64/openssl/src/include/openssl/dsa.h
2026-10-05T08:47:37.6892630Z + cp -f third-party/boringssl/src/include/openssl/e_os2.h /private/var/tmp/_bazel_telegram_ios/29e64aec8f64c22cffe1a8ef8cee6a69/execroot/_main/bazel-out/ios_arm64-opt-ios-arm64-min13.0-ST-57b073d392e5/bin/third-party/td/build_arm64/openssl/src/include/openssl/e_os2.h
2026-10-05T08:47:37.6995110Z + cp -f third-party/boringssl/src/include/openssl/ec.h /private/var/tmp/_bazel_telegram_ios/29e64aec8f64c22cffe1a8ef8cee6a69/execroot/_main/bazel-out/ios_arm64-opt-ios-arm64-min13.0-ST-57b073d392e5/bin/third-party/td/build_arm64/openssl/src/include/openssl/ec.h
2026-10-05T08:47:37.7097860Z + cp -f third-party/boringssl/src/include/openssl/ec_key.h /private/var/tmp/_bazel_telegram_ios/29e64aec8f64c22cffe1a8ef8cee6a69/execroot/_main/bazel-out/ios_arm64-opt-ios-arm64-min13.0-ST-57b073d392e5/bin/third-party/td/build_arm64/openssl/src/include/openssl/ec_key.h
2026-10-05T08:47:37.7201220Z + cp -f third-party/boringssl/src/include/openssl/ecdh.h /private/var/tmp/_bazel_telegram_ios/29e64aec8f64c22cffe1a8ef8cee6a69/execroot/_main/bazel-out/ios_arm64-opt-ios-arm64-min13.0-ST-57b073d392e5/bin/third-party/td/build_arm64/openssl/src/include/openssl/ecdh.h
2026-10-05T08:47:37.7304190Z + cp -f third-party/boringssl/src/include/openssl/ecdsa.h /private/var/tmp/_bazel_telegram_ios/29e64aec8f64c22cffe1a8ef8cee6a69/execroot/_main/bazel-out/ios_arm64-opt-ios-arm64-min13.0-ST-57b073d392e5/bin/third-party/td/build_arm64/openssl/src/include/openssl/ecdsa.h
2026-10-05T08:47:37.7407340Z + cp -f third-party/boringssl/src/include/openssl/engine.h /private/var/tmp/_bazel_telegram_ios/29e64aec8f64c22cffe1a8ef8cee6a69/execroot/_main/bazel-out/ios_arm64-opt-ios-arm64-min13.0-ST-57b073d392e5/bin/third-party/td/build_arm64/openssl/src/include/openssl/engine.h
2026-10-05T08:47:37.7513190Z + cp -f third-party/boringssl/src/include/openssl/err.h /private/var/tmp/_bazel_telegram_ios/29e64aec8f64c22cffe1a8ef8cee6a69/execroot/_main/bazel-out/ios_arm64-opt-ios-arm64-min13.0-ST-57b073d392e5/bin/third-party/td/build_arm64/openssl/src/include/openssl/err.h
2026-10-05T08:47:37.7621430Z + cp -f third-party/boringssl/src/include/openssl/evp.h /private/var/tmp/_bazel_telegram_ios/29e64aec8f64c22cffe1a8ef8cee6a69/execroot/_main/bazel-out/ios_arm64-opt-ios-arm64-min13.0-ST-57b073d392e5/bin/third-party/td/build_arm64/openssl/src/include/openssl/evp.h
2026-10-05T08:47:37.7731730Z + cp -f third-party/boringssl/src/include/openssl/evp_errors.h /private/var/tmp/_bazel_telegram_ios/29e64aec8f64c22cffe1a8ef8cee6a69/execroot/_main/bazel-out/ios_arm64-opt-ios-arm64-min13.0-ST-57b073d392e5/bin/third-party/td/build_arm64/openssl/src/include/openssl/evp_errors.h
2026-10-05T08:47:37.7836250Z + cp -f third-party/boringssl/src/include/openssl/ex_data.h /private/var/tmp/_bazel_telegram_ios/29e64aec8f64c22cffe1a8ef8cee6a69/execroot/_main/bazel-out/ios_arm64-opt-ios-arm64-min13.0-ST-57b073d392e5/bin/third-party/td/build_arm64/openssl/src/include/openssl/ex_data.h
2026-10-05T08:47:37.7944240Z + cp -f third-party/boringssl/src/include/openssl/experimental/dilithium.h /private/var/tmp/_bazel_telegram_ios/29e64aec8f64c22cffe1a8ef8cee6a69/execroot/_main/bazel-out/ios_arm64-opt-ios-arm64-min13.0-ST-57b073d392e5/bin/third-party/td/build_arm64/openssl/src/include/openssl/experimental/dilithium.h
2026-10-05T08:47:37.8051300Z + cp -f third-party/boringssl/src/include/openssl/experimental/kyber.h /private/var/tmp/_bazel_telegram_ios/29e64aec8f64c22cffe1a8ef8cee6a69/execroot/_main/bazel-out/ios_arm64-opt-ios-arm64-min13.0-ST-57b073d392e5/bin/third-party/td/build_arm64/openssl/src/include/openssl/experimental/kyber.h
2026-10-05T08:47:37.8166950Z + cp -f third-party/boringssl/src/include/openssl/experimental/spx.h /private/var/tmp/_bazel_telegram_ios/29e64aec8f64c22cffe1a8ef8cee6a69/execroot/_main/bazel-out/ios_arm64-opt-ios-arm64-min13.0-ST-57b073d392e5/bin/third-party/td/build_arm64/openssl/src/include/openssl/experimental/spx.h
2026-10-05T08:47:37.8172450Z + cp -f third-party/boringssl/src/include/openssl/hkdf.h /private/var/tmp/_bazel_telegram_ios/29e64aec8f64c22cffe1a8ef8cee6a69/execroot/_main/bazel-out/ios_arm64-opt-ios-arm64-min13.0-ST-57b073d392e5/bin/third-party/td/build_arm64/openssl/src/include/openssl/hkdf.h
2026-10-05T08:47:37.8281470Z + cp -f third-party/boringssl/src/include/openssl/hmac.h /private/var/tmp/_bazel_telegram_ios/29e64aec8f64c22cffe1a8ef8cee6a69/execroot/_main/bazel-out/ios_arm64-opt-ios-arm64-min13.0-ST-57b073d392e5/bin/third-party/td/build_arm64/openssl/src/include/openssl/hmac.h
2026-10-05T08:47:37.8389790Z + cp -f third-party/boringssl/src/include/openssl/hpke.h /private/var/tmp/_bazel_telegram_ios/29e64aec8f64c22cffe1a8ef8cee6a69/execroot/_main/bazel-out/ios_arm64-opt-ios-arm64-min13.0-ST-57b073d392e5/bin/third-party/td/build_arm64/openssl/src/include/openssl/hpke.h
2026-10-05T08:47:37.8498350Z + cp -f third-party/boringssl/src/include/openssl/hrss.h /private/var/tmp/_bazel_telegram_ios/29e64aec8f64c22cffe1a8ef8cee6a69/execroot/_main/bazel-out/ios_arm64-opt-ios-arm64-min13.0-ST-57b073d392e5/bin/third-party/td/build_arm64/openssl/src/include/openssl/hrss.h
2026-10-05T08:47:37.8601490Z + cp -f third-party/boringssl/src/include/openssl/is_boringssl.h /private/var/tmp/_bazel_telegram_ios/29e64aec8f64c22cffe1a8ef8cee6a69/execroot/_main/bazel-out/ios_arm64-opt-ios-arm64-min13.0-ST-57b073d392e5/bin/third-party/td/build_arm64/openssl/src/include/openssl/is_boringssl.h
2026-10-05T08:47:37.8704260Z + cp -f third-party/boringssl/src/include/openssl/kdf.h /private/var/tmp/_bazel_telegram_ios/29e64aec8f64c22cffe1a8ef8cee6a69/execroot/_main/bazel-out/ios_arm64-opt-ios-arm64-min13.0-ST-57b073d392e5/bin/third-party/td/build_arm64/openssl/src/include/openssl/kdf.h
2026-10-05T08:47:37.8811390Z + cp -f third-party/boringssl/src/include/openssl/lhash.h /private/var/tmp/_bazel_telegram_ios/29e64aec8f64c22cffe1a8ef8cee6a69/execroot/_main/bazel-out/ios_arm64-opt-ios-arm64-min13.0-ST-57b073d392e5/bin/third-party/td/build_arm64/openssl/src/include/openssl/lhash.h
2026-10-05T08:47:37.8931280Z + cp -f third-party/boringssl/src/include/openssl/md4.h /private/var/tmp/_bazel_telegram_ios/29e64aec8f64c22cffe1a8ef8cee6a69/execroot/_main/bazel-out/ios_arm64-opt-ios-arm64-min13.0-ST-57b073d392e5/bin/third-party/td/build_arm64/openssl/src/include/openssl/md4.h
2026-10-05T08:47:37.9033740Z + cp -f third-party/boringssl/src/include/openssl/md5.h /private/var/tmp/_bazel_telegram_ios/29e64aec8f64c22cffe1a8ef8cee6a69/execroot/_main/bazel-out/ios_arm64-opt-ios-arm64-min13.0-ST-57b073d392e5/bin/third-party/td/build_arm64/openssl/src/include/openssl/md5.h
2026-10-05T08:47:37.9136620Z + cp -f third-party/boringssl/src/include/openssl/mem.h /private/var/tmp/_bazel_telegram_ios/29e64aec8f64c22cffe1a8ef8cee6a69/execroot/_main/bazel-out/ios_arm64-opt-ios-arm64-min13.0-ST-57b073d392e5/bin/third-party/td/build_arm64/openssl/src/include/openssl/mem.h
2026-10-05T08:47:37.9239140Z + cp -f third-party/boringssl/src/include/openssl/nid.h /private/var/tmp/_bazel_telegram_ios/29e64aec8f64c22cffe1a8ef8cee6a69/execroot/_main/bazel-out/ios_arm64-opt-ios-arm64-min13.0-ST-57b073d392e5/bin/third-party/td/build_arm64/openssl/src/include/openssl/nid.h
2026-10-05T08:47:37.9358470Z + cp -f third-party/boringssl/src/include/openssl/obj.h /private/var/tmp/_bazel_telegram_ios/29e64aec8f64c22cffe1a8ef8cee6a69/execroot/_main/bazel-out/ios_arm64-opt-ios-arm64-min13.0-ST-57b073d392e5/bin/third-party/td/build_arm64/openssl/src/include/openssl/obj.h
2026-10-05T08:47:37.9478110Z + cp -f third-party/boringssl/src/include/openssl/obj_mac.h /private/var/tmp/_bazel_telegram_ios/29e64aec8f64c22cffe1a8ef8cee6a69/execroot/_main/bazel-out/ios_arm64-opt-ios-arm64-min13.0-ST-57b073d392e5/bin/third-party/td/build_arm64/openssl/src/include/openssl/obj_mac.h
2026-10-05T08:47:37.9584610Z + cp -f third-party/boringssl/src/include/openssl/objects.h /private/var/tmp/_bazel_telegram_ios/29e64aec8f64c22cffe1a8ef8cee6a69/execroot/_main/bazel-out/ios_arm64-opt-ios-arm64-min13.0-ST-57b073d392e5/bin/third-party/td/build_arm64/openssl/src/include/openssl/objects.h
2026-10-05T08:47:37.9687930Z + cp -f third-party/boringssl/src/include/openssl/opensslconf.h /private/var/tmp/_bazel_telegram_ios/29e64aec8f64c22cffe1a8ef8cee6a69/execroot/_main/bazel-out/ios_arm64-opt-ios-arm64-min13.0-ST-57b073d392e5/bin/third-party/td/build_arm64/openssl/src/include/openssl/opensslconf.h
2026-10-05T08:47:37.9793070Z + cp -f third-party/boringssl/src/include/openssl/opensslv.h /private/var/tmp/_bazel_telegram_ios/29e64aec8f64c22cffe1a8ef8cee6a69/execroot/_main/bazel-out/ios_arm64-opt-ios-arm64-min13.0-ST-57b073d392e5/bin/third-party/td/build_arm64/openssl/src/include/openssl/opensslv.h
2026-10-05T08:47:37.9920570Z + cp -f third-party/boringssl/src/include/openssl/ossl_typ.h /private/var/tmp/_bazel_telegram_ios/29e64aec8f64c22cffe1a8ef8cee6a69/execroot/_main/bazel-out/ios_arm64-opt-ios-arm64-min13.0-ST-57b073d392e5/bin/third-party/td/build_arm64/openssl/src/include/openssl/ossl_typ.h
2026-10-05T08:47:38.0024340Z + cp -f third-party/boringssl/src/include/openssl/pem.h /private/var/tmp/_bazel_telegram_ios/29e64aec8f64c22cffe1a8ef8cee6a69/execroot/_main/bazel-out/ios_arm64-opt-ios-arm64-min13.0-ST-57b073d392e5/bin/third-party/td/build_arm64/openssl/src/include/openssl/pem.h
2026-10-05T08:47:38.0127430Z + cp -f third-party/boringssl/src/include/openssl/pkcs12.h /private/var/tmp/_bazel_telegram_ios/29e64aec8f64c22cffe1a8ef8cee6a69/execroot/_main/bazel-out/ios_arm64-opt-ios-arm64-min13.0-ST-57b073d392e5/bin/third-party/td/build_arm64/openssl/src/include/openssl/pkcs12.h
2026-10-05T08:47:38.0228970Z + cp -f third-party/boringssl/src/include/openssl/pkcs7.h /private/var/tmp/_bazel_telegram_ios/29e64aec8f64c22cffe1a8ef8cee6a69/execroot/_main/bazel-out/ios_arm64-opt-ios-arm64-min13.0-ST-57b073d392e5/bin/third-party/td/build_arm64/openssl/src/include/openssl/pkcs7.h
2026-10-05T08:47:38.0343400Z + cp -f third-party/boringssl/src/include/openssl/pkcs8.h /private/var/tmp/_bazel_telegram_ios/29e64aec8f64c22cffe1a8ef8cee6a69/execroot/_main/bazel-out/ios_arm64-opt-ios-arm64-min13.0-ST-57b073d392e5/bin/third-party/td/build_arm64/openssl/src/include/openssl/pkcs8.h
2026-10-05T08:47:38.0447400Z + cp -f third-party/boringssl/src/include/openssl/poly1305.h /private/var/tmp/_bazel_telegram_ios/29e64aec8f64c22cffe1a8ef8cee6a69/execroot/_main/bazel-out/ios_arm64-opt-ios-arm64-min13.0-ST-57b073d392e5/bin/third-party/td/build_arm64/openssl/src/include/openssl/poly1305.h
2026-10-05T08:47:38.0449610Z + cp -f third-party/boringssl/src/include/openssl/pool.h /private/var/tmp/_bazel_telegram_ios/29e64aec8f64c22cffe1a8ef8cee6a69/execroot/_main/bazel-out/ios_arm64-opt-ios-arm64-min13.0-ST-57b073d392e5/bin/third-party/td/build_arm64/openssl/src/include/openssl/pool.h
2026-10-05T08:47:38.0551940Z + cp -f third-party/boringssl/src/include/openssl/posix_time.h /private/var/tmp/_bazel_telegram_ios/29e64aec8f64c22cffe1a8ef8cee6a69/execroot/_main/bazel-out/ios_arm64-opt-ios-arm64-min13.0-ST-57b073d392e5/bin/third-party/td/build_arm64/openssl/src/include/openssl/posix_time.h
2026-10-05T08:47:38.0656300Z + cp -f third-party/boringssl/src/include/openssl/rand.h /private/var/tmp/_bazel_telegram_ios/29e64aec8f64c22cffe1a8ef8cee6a69/execroot/_main/bazel-out/ios_arm64-opt-ios-arm64-min13.0-ST-57b073d392e5/bin/third-party/td/build_arm64/openssl/src/include/openssl/rand.h
2026-10-05T08:47:38.0758650Z + cp -f third-party/boringssl/src/include/openssl/rc4.h /private/var/tmp/_bazel_telegram_ios/29e64aec8f64c22cffe1a8ef8cee6a69/execroot/_main/bazel-out/ios_arm64-opt-ios-arm64-min13.0-ST-57b073d392e5/bin/third-party/td/build_arm64/openssl/src/include/openssl/rc4.h
2026-10-05T08:47:38.0872870Z + cp -f third-party/boringssl/src/include/openssl/ripemd.h /private/var/tmp/_bazel_telegram_ios/29e64aec8f64c22cffe1a8ef8cee6a69/execroot/_main/bazel-out/ios_arm64-opt-ios-arm64-min13.0-ST-57b073d392e5/bin/third-party/td/build_arm64/openssl/src/include/openssl/ripemd.h
2026-10-05T08:47:38.0975550Z + cp -f third-party/boringssl/src/include/openssl/rsa.h /private/var/tmp/_bazel_telegram_ios/29e64aec8f64c22cffe1a8ef8cee6a69/execroot/_main/bazel-out/ios_arm64-opt-ios-arm64-min13.0-ST-57b073d392e5/bin/third-party/td/build_arm64/openssl/src/include/openssl/rsa.h
2026-10-05T08:47:38.1081590Z + cp -f third-party/boringssl/src/include/openssl/safestack.h /private/var/tmp/_bazel_telegram_ios/29e64aec8f64c22cffe1a8ef8cee6a69/execroot/_main/bazel-out/ios_arm64-opt-ios-arm64-min13.0-ST-57b073d392e5/bin/third-party/td/build_arm64/openssl/src/include/openssl/safestack.h
2026-10-05T08:47:38.1184670Z + cp -f third-party/boringssl/src/include/openssl/service_indicator.h /private/var/tmp/_bazel_telegram_ios/29e64aec8f64c22cffe1a8ef8cee6a69/execroot/_main/bazel-out/ios_arm64-opt-ios-arm64-min13.0-ST-57b073d392e5/bin/third-party/td/build_arm64/openssl/src/include/openssl/service_indicator.h
2026-10-05T08:47:38.1289390Z + cp -f third-party/boringssl/src/include/openssl/sha.h /private/var/tmp/_bazel_telegram_ios/29e64aec8f64c22cffe1a8ef8cee6a69/execroot/_main/bazel-out/ios_arm64-opt-ios-arm64-min13.0-ST-57b073d392e5/bin/third-party/td/build_arm64/openssl/src/include/openssl/sha.h
2026-10-05T08:47:38.1393990Z + cp -f third-party/boringssl/src/include/openssl/siphash.h /private/var/tmp/_bazel_telegram_ios/29e64aec8f64c22cffe1a8ef8cee6a69/execroot/_main/bazel-out/ios_arm64-opt-ios-arm64-min13.0-ST-57b073d392e5/bin/third-party/td/build_arm64/openssl/src/include/openssl/siphash.h
2026-10-05T08:47:38.1480580Z + cp -f third-party/boringssl/src/include/openssl/span.h /private/var/tmp/_bazel_telegram_ios/29e64aec8f64c22cffe1a8ef8cee6a69/execroot/_main/bazel-out/ios_arm64-opt-ios-arm64-min13.0-ST-57b073d392e5/bin/third-party/td/build_arm64/openssl/src/include/openssl/span.h
2026-10-05T08:47:38.1597220Z + cp -f third-party/boringssl/src/include/openssl/stack.h /private/var/tmp/_bazel_telegram_ios/29e64aec8f64c22cffe1a8ef8cee6a69/execroot/_main/bazel-out/ios_arm64-opt-ios-arm64-min13.0-ST-57b073d392e5/bin/third-party/td/build_arm64/openssl/src/include/openssl/stack.h
2026-10-05T08:47:38.1701950Z + cp -f third-party/boringssl/src/include/openssl/target.h /private/var/tmp/_bazel_telegram_ios/29e64aec8f64c22cffe1a8ef8cee6a69/execroot/_main/bazel-out/ios_arm64-opt-ios-arm64-min13.0-ST-57b073d392e5/bin/third-party/td/build_arm64/openssl/src/include/openssl/target.h
2026-10-05T08:47:38.1802700Z + cp -f third-party/boringssl/src/include/openssl/thread.h /private/var/tmp/_bazel_telegram_ios/29e64aec8f64c22cffe1a8ef8cee6a69/execroot/_main/bazel-out/ios_arm64-opt-ios-arm64-min13.0-ST-57b073d392e5/bin/third-party/td/build_arm64/openssl/src/include/openssl/thread.h
2026-10-05T08:47:38.1910900Z + cp -f third-party/boringssl/src/include/openssl/time.h /private/var/tmp/_bazel_telegram_ios/29e64aec8f64c22cffe1a8ef8cee6a69/execroot/_main/bazel-out/ios_arm64-opt-ios-arm64-min13.0-ST-57b073d392e5/bin/third-party/td/build_arm64/openssl/src/include/openssl/time.h
2026-10-05T08:47:38.2014670Z + cp -f third-party/boringssl/src/include/openssl/trust_token.h /private/var/tmp/_bazel_telegram_ios/29e64aec8f64c22cffe1a8ef8cee6a69/execroot/_main/bazel-out/ios_arm64-opt-ios-arm64-min13.0-ST-57b073d392e5/bin/third-party/td/build_arm64/openssl/src/include/openssl/trust_token.h
2026-10-05T08:47:38.2119020Z + cp -f third-party/boringssl/src/include/openssl/type_check.h /private/var/tmp/_bazel_telegram_ios/29e64aec8f64c22cffe1a8ef8cee6a69/execroot/_main/bazel-out/ios_arm64-opt-ios-arm64-min13.0-ST-57b073d392e5/bin/third-party/td/build_arm64/openssl/src/include/openssl/type_check.h
2026-10-05T08:47:38.2226820Z + cp -f third-party/boringssl/src/include/openssl/x509.h /private/var/tmp/_bazel_telegram_ios/29e64aec8f64c22cffe1a8ef8cee6a69/execroot/_main/bazel-out/ios_arm64-opt-ios-arm64-min13.0-ST-57b073d392e5/bin/third-party/td/build_arm64/openssl/src/include/openssl/x509.h
2026-10-05T08:47:38.2336130Z + cp -f third-party/boringssl/src/include/openssl/x509_vfy.h /private/var/tmp/_bazel_telegram_ios/29e64aec8f64c22cffe1a8ef8cee6a69/execroot/_main/bazel-out/ios_arm64-opt-ios-arm64-min13.0-ST-57b073d392e5/bin/third-party/td/build_arm64/openssl/src/include/openssl/x509_vfy.h
2026-10-05T08:47:38.2440280Z + cp -f third-party/boringssl/src/include/openssl/x509v3.h /private/var/tmp/_bazel_telegram_ios/29e64aec8f64c22cffe1a8ef8cee6a69/execroot/_main/bazel-out/ios_arm64-opt-ios-arm64-min13.0-ST-57b073d392e5/bin/third-party/td/build_arm64/openssl/src/include/openssl/x509v3.h
2026-10-05T08:47:38.2550480Z + cp -f third-party/boringssl/src/include/openssl/x509v3_errors.h /private/var/tmp/_bazel_telegram_ios/29e64aec8f64c22cffe1a8ef8cee6a69/execroot/_main/bazel-out/ios_arm64-opt-ios-arm64-min13.0-ST-57b073d392e5/bin/third-party/td/build_arm64/openssl/src/include/openssl/x509v3_errors.h
2026-10-05T08:47:38.2652810Z + cp third-party/td/build-td-bazel.sh bazel-out/ios_arm64-opt-ios-arm64-min13.0-ST-57b073d392e5/bin/third-party/td/build_arm64/
2026-10-05T08:47:38.2754410Z + SOURCE_PATH=third-party/td/td
2026-10-05T08:47:38.2855950Z + cp -R third-party/td/td bazel-out/ios_arm64-opt-ios-arm64-min13.0-ST-57b073d392e5/bin/third-party/td/build_arm64/
2026-10-05T08:47:38.2967930Z + mkdir -p bazel-out/ios_arm64-opt-ios-arm64-min13.0-ST-57b073d392e5/bin/third-party/td/build_arm64/Public/td
2026-10-05T08:47:38.3077430Z + PATH=/private/var/tmp/_bazel_telegram_ios/29e64aec8f64c22cffe1a8ef8cee6a69/execroot/_main/bazel-out/ios_arm64-opt-ios-arm64-min13.0-ST-57b073d392e5/bin/third-party/td/build_arm64/cmake/cmake-4.1.2-macos-universal/CMake.app/Contents/bin:/usr/bin:/bin:/usr/sbin:/sbin
2026-10-05T08:47:38.3201060Z + sh bazel-out/ios_arm64-opt-ios-arm64-min13.0-ST-57b073d392e5/bin/third-party/td/build_arm64/build-td-bazel.sh arm64 bazel-out/ios_arm64-opt-ios-arm64-min13.0-ST-57b073d392e5/bin/third-party/td/build_arm64/td bazel-out/ios_arm64-opt-ios-arm64-min13.0-ST-57b073d392e5/bin/third-party/td/build_arm64 /private/var/tmp/_bazel_telegram_ios/29e64aec8f64c22cffe1a8ef8cee6a69/execroot/_main/bazel-out/ios_arm64-opt-ios-arm64-min13.0-ST-57b073d392e5/bin/third-party/td/build_arm64/openssl
2026-10-05T08:47:38.3303940Z + ARCH=arm64
2026-10-05T08:47:38.3407380Z + SOURCE_DIR=bazel-out/ios_arm64-opt-ios-arm64-min13.0-ST-57b073d392e5/bin/third-party/td/build_arm64/td
2026-10-05T08:47:38.3508800Z ++++ dirname bazel-out/ios_arm64-opt-ios-arm64-min13.0-ST-57b073d392e5/bin/third-party/td/build_arm64
2026-10-05T08:47:38.3612170Z +++ cd bazel-out/ios_arm64-opt-ios-arm64-min13.0-ST-57b073d392e5/bin/third-party/td
2026-10-05T08:47:38.3713040Z +++ pwd -P
2026-10-05T08:47:38.3823250Z +++ basename bazel-out/ios_arm64-opt-ios-arm64-min13.0-ST-57b073d392e5/bin/third-party/td/build_arm64
2026-10-05T08:47:38.3946760Z ++ echo /private/var/tmp/_bazel_telegram_ios/29e64aec8f64c22cffe1a8ef8cee6a69/execroot/_main/bazel-out/ios_arm64-opt-ios-arm64-min13.0-ST-57b073d392e5/bin/third-party/td/build_arm64
2026-10-05T08:47:38.4066220Z + BUILD_DIR=/private/var/tmp/_bazel_telegram_ios/29e64aec8f64c22cffe1a8ef8cee6a69/execroot/_main/bazel-out/ios_arm64-opt-ios-arm64-min13.0-ST-57b073d392e5/bin/third-party/td/build_arm64
2026-10-05T08:47:38.4169620Z + OPENSSL_DIR=/private/var/tmp/_bazel_telegram_ios/29e64aec8f64c22cffe1a8ef8cee6a69/execroot/_main/bazel-out/ios_arm64-opt-ios-arm64-min13.0-ST-57b073d392e5/bin/third-party/td/build_arm64/openssl
2026-10-05T08:47:38.4294060Z + openssl_crypto_library=/private/var/tmp/_bazel_telegram_ios/29e64aec8f64c22cffe1a8ef8cee6a69/execroot/_main/bazel-out/ios_arm64-opt-ios-arm64-min13.0-ST-57b073d392e5/bin/third-party/td/build_arm64/openssl/lib/libcrypto.a
2026-10-05T08:47:38.4397080Z + options=
2026-10-05T08:47:38.4498890Z + options=' -DOPENSSL_FOUND=1'
2026-10-05T08:47:38.4600320Z + options=' -DOPENSSL_FOUND=1 -DOPENSSL_CRYPTO_LIBRARY=/private/var/tmp/_bazel_telegram_ios/29e64aec8f64c22cffe1a8ef8cee6a69/execroot/_main/bazel-out/ios_arm64-opt-ios-arm64-min13.0-ST-57b073d392e5/bin/third-party/td/build_arm64/openssl/lib/libcrypto.a'
2026-10-05T08:47:38.4708100Z + options=' -DOPENSSL_FOUND=1 -DOPENSSL_CRYPTO_LIBRARY=/private/var/tmp/_bazel_telegram_ios/29e64aec8f64c22cffe1a8ef8cee6a69/execroot/_main/bazel-out/ios_arm64-opt-ios-arm64-min13.0-ST-57b073d392e5/bin/third-party/td/build_arm64/openssl/lib/libcrypto.a -DOPENSSL_INCLUDE_DIR=/private/var/tmp/_bazel_telegram_ios/29e64aec8f64c22cffe1a8ef8cee6a69/execroot/_main/bazel-out/ios_arm64-opt-ios-arm64-min13.0-ST-57b073d392e5/bin/third-party/td/build_arm64/openssl/src/include'
2026-10-05T08:47:38.4815250Z + options=' -DOPENSSL_FOUND=1 -DOPENSSL_CRYPTO_LIBRARY=/private/var/tmp/_bazel_telegram_ios/29e64aec8f64c22cffe1a8ef8cee6a69/execroot/_main/bazel-out/ios_arm64-opt-ios-arm64-min13.0-ST-57b073d392e5/bin/third-party/td/build_arm64/openssl/lib/libcrypto.a -DOPENSSL_INCLUDE_DIR=/private/var/tmp/_bazel_telegram_ios/29e64aec8f64c22cffe1a8ef8cee6a69/execroot/_main/bazel-out/ios_arm64-opt-ios-arm64-min13.0-ST-57b073d392e5/bin/third-party/td/build_arm64/openssl/src/include -DCMAKE_BUILD_TYPE=Release'
2026-10-05T08:47:38.4924510Z + options=' -DOPENSSL_FOUND=1 -DOPENSSL_CRYPTO_LIBRARY=/private/var/tmp/_bazel_telegram_ios/29e64aec8f64c22cffe1a8ef8cee6a69/execroot/_main/bazel-out/ios_arm64-opt-ios-arm64-min13.0-ST-57b073d392e5/bin/third-party/td/build_arm64/openssl/lib/libcrypto.a -DOPENSSL_INCLUDE_DIR=/private/var/tmp/_bazel_telegram_ios/29e64aec8f64c22cffe1a8ef8cee6a69/execroot/_main/bazel-out/ios_arm64-opt-ios-arm64-min13.0-ST-57b073d392e5/bin/third-party/td/build_arm64/openssl/src/include -DCMAKE_BUILD_TYPE=Release -DIOS_DEPLOYMENT_TARGET=13.0'
2026-10-05T08:47:38.5030670Z + cd /private/var/tmp/_bazel_telegram_ios/29e64aec8f64c22cffe1a8ef8cee6a69/execroot/_main/bazel-out/ios_arm64-opt-ios-arm64-min13.0-ST-57b073d392e5/bin/third-party/td/build_arm64
2026-10-05T08:47:38.5132400Z + mkdir native-build
2026-10-05T08:47:38.5233780Z + cd native-build
2026-10-05T08:47:38.5334850Z + cmake -DTD_GENERATE_SOURCE_FILES=ON ../td
2026-10-05T08:47:38.5438610Z ++ sysctl -n hw.ncpu
2026-10-05T08:47:38.5542190Z + cmake --build . -- -j3
2026-10-05T08:47:38.5646090Z Extension "wmz" matches more than one type
2026-10-05T08:47:38.5754020Z Extension "sub" matches more than one type
2026-10-05T08:47:38.5855580Z ld: warning: ignoring duplicate libraries: '../../tdtl/libtdtl.a'
2026-10-05T08:47:38.5957350Z ld: warning: ignoring duplicate libraries: '../../tdtl/libtdtl.a'
2026-10-05T08:47:38.6187920Z Write file td/mtproto/mtproto_api.cpp
2026-10-05T08:47:38.6244780Z Write file td/mtproto/mtproto_api.h
2026-10-05T08:47:38.6346740Z Write file td/mtproto/mtproto_api.hpp
2026-10-05T08:47:38.6448550Z Write file td/telegram/telegram_api.cpp
2026-10-05T08:47:38.6561140Z Write file td/telegram/telegram_api.h
2026-10-05T08:47:38.6672340Z Write file td/telegram/telegram_api.hpp
2026-10-05T08:47:38.6773510Z Write file td/telegram/secret_api.cpp
2026-10-05T08:47:38.6905290Z Write file td/telegram/secret_api.h
2026-10-05T08:47:38.7023750Z Write file td/telegram/secret_api.hpp
2026-10-05T08:47:38.7124870Z Write file td/telegram/e2e_api.cpp
2026-10-05T08:47:38.7226090Z Write file td/telegram/e2e_api.h
2026-10-05T08:47:38.7327120Z Write file td/telegram/e2e_api.hpp
2026-10-05T08:47:38.7428450Z Write file td/telegram/td_api.cpp
2026-10-05T08:47:38.7533790Z Write file td/telegram/td_api.h
2026-10-05T08:47:38.7637480Z Write file td/telegram/td_api.hpp
2026-10-05T08:47:38.7746260Z + cd ..
2026-10-05T08:47:38.7879900Z + '[' arm64 = arm64 ']'
2026-10-05T08:47:38.7983520Z ++ xcode-select -p
2026-10-05T08:47:38.8084920Z + IOS_PLATFORMDIR=/Applications/Xcode_26.2.app/Contents/Developer/Platforms/iPhoneOS.platform
2026-10-05T08:47:38.8188160Z + IOS_SYSROOT=($IOS_PLATFORMDIR/Developer/SDKs/iPhoneOS*.sdk)
2026-10-05T08:47:38.8302750Z + export 'CFLAGS=-arch arm64 --target=arm64-apple-ios13.0 -miphoneos-version-min=13.0 -w'
2026-10-05T08:47:38.8406910Z + CFLAGS='-arch arm64 --target=arm64-apple-ios13.0 -miphoneos-version-min=13.0 -w'
2026-10-05T08:47:38.8509440Z + export 'CXXFLAGS=-arch arm64 --target=arm64-apple-ios13.0 -miphoneos-version-min=13.0 -w'
2026-10-05T08:47:38.8610350Z + CXXFLAGS='-arch arm64 --target=arm64-apple-ios13.0 -miphoneos-version-min=13.0 -w'
2026-10-05T08:47:38.8721280Z + mkdir build
2026-10-05T08:47:38.8824660Z + cd build
2026-10-05T08:47:38.8930130Z + touch toolchain.cmake
2026-10-05T08:47:38.9031810Z + echo 'set(CMAKE_SYSTEM_NAME Darwin)'
2026-10-05T08:47:38.9135470Z + echo 'set(CMAKE_SYSTEM_PROCESSOR aarch64)'
2026-10-05T08:47:38.9236510Z ++ xcode-select -p
2026-10-05T08:47:38.9338410Z + echo 'set(CMAKE_C_COMPILER /Applications/Xcode_26.2.app/Contents/Developer/Toolchains/XcodeDefault.xctoolchain/usr/bin/clang)'
2026-10-05T08:47:38.9442020Z + cmake '-GUnix Makefiles' -DCMAKE_TOOLCHAIN_FILE=toolchain.cmake -DCMAKE_OSX_SYSROOT=/Applications/Xcode_26.2.app/Contents/Developer/Platforms/iPhoneOS.platform/Developer/SDKs/iPhoneOS.sdk ../td -DOPENSSL_FOUND=1 -DOPENSSL_CRYPTO_LIBRARY=/private/var/tmp/_bazel_telegram_ios/29e64aec8f64c22cffe1a8ef8cee6a69/execroot/_main/bazel-out/ios_arm64-opt-ios-arm64-min13.0-ST-57b073d392e5/bin/third-party/td/build_arm64/openssl/lib/libcrypto.a -DOPENSSL_INCLUDE_DIR=/private/var/tmp/_bazel_telegram_ios/29e64aec8f64c22cffe1a8ef8cee6a69/execroot/_main/bazel-out/ios_arm64-opt-ios-arm64-min13.0-ST-57b073d392e5/bin/third-party/td/build_arm64/openssl/src/include -DCMAKE_BUILD_TYPE=Release -DIOS_DEPLOYMENT_TARGET=13.0
2026-10-05T08:47:38.9545020Z CMake Warning:
2026-10-05T08:47:38.9650310Z   Manually-specified variables were not used by the project:
2026-10-05T08:47:38.9753090Z 
2026-10-05T08:47:38.9854140Z     IOS_DEPLOYMENT_TARGET
2026-10-05T08:47:38.9955200Z 
2026-10-05T08:47:39.0056020Z 
2026-10-05T08:47:39.0158720Z ++ sysctl -n hw.ncpu
2026-10-05T08:47:39.0268770Z + make tde2e -j3
2026-10-05T08:47:39.0370820Z + cp -f bazel-out/ios_arm64-opt-ios-arm64-min13.0-ST-57b073d392e5/bin/third-party/td/build_arm64/td/tde2e/td/e2e/e2e_api.h bazel-out/ios_arm64-opt-ios-arm64-min13.0-ST-57b073d392e5/bin/third-party/td/Public/td/td/e2e/e2e_api.h
2026-10-05T08:47:39.0473530Z + cp -f bazel-out/ios_arm64-opt-ios-arm64-min13.0-ST-57b073d392e5/bin/third-party/td/build_arm64/td/tde2e/td/e2e/e2e_errors.h bazel-out/ios_arm64-opt-ios-arm64-min13.0-ST-57b073d392e5/bin/third-party/td/Public/td/td/e2e/e2e_errors.h
2026-10-05T08:47:39.0575760Z + cp -f bazel-out/ios_arm64-opt-ios-arm64-min13.0-ST-57b073d392e5/bin/third-party/td/build_arm64/build/tde2e/libtde2e.a bazel-out/ios_arm64-opt-ios-arm64-min13.0-ST-57b073d392e5/bin/third-party/td/Public/td/lib/libtde2e.a
2026-10-05T08:47:39.0679880Z + cp -f bazel-out/ios_arm64-opt-ios-arm64-min13.0-ST-57b073d392e5/bin/third-party/td/build_arm64/build/tdutils/libtdutils.a bazel-out/ios_arm64-opt-ios-arm64-min13.0-ST-57b073d392e5/bin/third-party/td/Public/td/lib/libtdutils.a
2026-10-05T08:47:39.0781530Z -- The CXX compiler identification is AppleClang 17.0.0.17000603
2026-10-05T08:47:39.0882980Z -- The C compiler identification is AppleClang 17.0.0.17000603
2026-10-05T08:47:39.0985060Z -- Detecting CXX compiler ABI info
2026-10-05T08:47:39.1087180Z -- Detecting CXX compiler ABI info - done
2026-10-05T08:47:39.1193730Z -- Check for working CXX compiler: /usr/bin/c++ - skipped
2026-10-05T08:47:39.1296530Z -- Detecting CXX compile features
2026-10-05T08:47:39.1398190Z -- Detecting CXX compile features - done
2026-10-05T08:47:39.1499580Z -- Detecting C compiler ABI info
2026-10-05T08:47:39.1600760Z -- Detecting C compiler ABI info - done
2026-10-05T08:47:39.1702330Z -- Check for working C compiler: /usr/bin/cc - skipped
2026-10-05T08:47:39.1804080Z -- Detecting C compile features
2026-10-05T08:47:39.1906890Z -- Detecting C compile features - done
2026-10-05T08:47:39.2009300Z -- Could NOT find ccache (this is NOT an error)
2026-10-05T08:47:39.2110760Z -- Performing Test CMAKE_HAVE_LIBC_PTHREAD
2026-10-05T08:47:39.2212850Z -- Performing Test CMAKE_HAVE_LIBC_PTHREAD - Success
2026-10-05T08:47:39.2319500Z -- Found Threads: TRUE
2026-10-05T08:47:39.2422540Z -- Performing Test HAVE_STD17
2026-10-05T08:47:39.2524040Z -- Performing Test HAVE_STD17 - Success
2026-10-05T08:47:39.2627030Z -- Performing Test HAVE_CXX_FLAG_WALL
2026-10-05T08:47:39.2729480Z -- Performing Test HAVE_CXX_FLAG_WALL - Success
2026-10-05T08:47:39.2831040Z -- Performing Test HAVE_CXX_FLAG_WEXTRA
2026-10-05T08:47:39.2933650Z -- Performing Test HAVE_CXX_FLAG_WEXTRA - Success
2026-10-05T08:47:39.3034730Z -- Performing Test HAVE_CXX_FLAG_WIMPLICIT_FALLTHROUGH_2
2026-10-05T08:47:39.3136350Z -- Performing Test HAVE_CXX_FLAG_WIMPLICIT_FALLTHROUGH_2 - Failed
2026-10-05T08:47:39.3238180Z -- Performing Test HAVE_CXX_FLAG_WPOINTER_ARITH
2026-10-05T08:47:39.3340070Z -- Performing Test HAVE_CXX_FLAG_WPOINTER_ARITH - Success
2026-10-05T08:47:39.3441060Z -- Performing Test HAVE_CXX_FLAG_WCAST_QUAL
2026-10-05T08:47:39.3543020Z -- Performing Test HAVE_CXX_FLAG_WCAST_QUAL - Success
2026-10-05T08:47:39.3644190Z -- Performing Test HAVE_CXX_FLAG_WSIGN_COMPARE
2026-10-05T08:47:39.3762320Z -- Performing Test HAVE_CXX_FLAG_WSIGN_COMPARE - Success
2026-10-05T08:47:39.3866560Z -- Performing Test HAVE_CXX_FLAG_WDUPLICATED_BRANCHES
2026-10-05T08:47:39.3968030Z -- Performing Test HAVE_CXX_FLAG_WDUPLICATED_BRANCHES - Failed
2026-10-05T08:47:39.4069390Z -- Performing Test HAVE_CXX_FLAG_WDUPLICATED_COND
2026-10-05T08:47:39.4173380Z -- Performing Test HAVE_CXX_FLAG_WDUPLICATED_COND - Failed
2026-10-05T08:47:39.4276960Z -- Performing Test HAVE_CXX_FLAG_WALLOC_ZERO
2026-10-05T08:47:39.4390480Z -- Performing Test HAVE_CXX_FLAG_WALLOC_ZERO - Failed
2026-10-05T08:47:39.4495030Z -- Performing Test HAVE_CXX_FLAG_WLOGICAL_OP
2026-10-05T08:47:39.4605680Z -- Performing Test HAVE_CXX_FLAG_WLOGICAL_OP - Failed
2026-10-05T08:47:39.4706920Z -- Performing Test HAVE_CXX_FLAG_WTAUTOLOGICAL_COMPARE
2026-10-05T08:47:39.4808140Z -- Performing Test HAVE_CXX_FLAG_WTAUTOLOGICAL_COMPARE - Success
2026-10-05T08:47:39.4909250Z -- Performing Test HAVE_CXX_FLAG_WVLA
2026-10-05T08:47:39.5011530Z -- Performing Test HAVE_CXX_FLAG_WVLA - Success
2026-10-05T08:47:39.5114630Z -- Performing Test HAVE_CXX_FLAG_WNON_VIRTUAL_DTOR
2026-10-05T08:47:39.5215890Z -- Performing Test HAVE_CXX_FLAG_WNON_VIRTUAL_DTOR - Success
2026-10-05T08:47:39.5330210Z -- Performing Test HAVE_CXX_FLAG_WUNUSED_PARAMETER
2026-10-05T08:47:39.5432950Z -- Performing Test HAVE_CXX_FLAG_WUNUSED_PARAMETER - Success
2026-10-05T08:47:39.5533860Z -- Performing Test HAVE_CXX_FLAG_WCONVERSION
2026-10-05T08:47:39.5634360Z -- Performing Test HAVE_CXX_FLAG_WCONVERSION - Success
2026-10-05T08:47:39.5734550Z -- Performing Test HAVE_CXX_FLAG_WSIGN_CONVERSION
2026-10-05T08:47:39.5835560Z -- Performing Test HAVE_CXX_FLAG_WSIGN_CONVERSION - Success
2026-10-05T08:47:39.5937540Z -- Performing Test HAVE_CXX_FLAG_WCXX17_COMPAT_PEDANTIC
2026-10-05T08:47:39.6041050Z -- Performing Test HAVE_CXX_FLAG_WCXX17_COMPAT_PEDANTIC - Success
2026-10-05T08:47:39.6143210Z -- Performing Test HAVE_CXX_FLAG_WDEPRECATED
2026-10-05T08:47:39.6243710Z -- Performing Test HAVE_CXX_FLAG_WDEPRECATED - Success
2026-10-05T08:47:39.6344040Z -- Performing Test HAVE_CXX_FLAG_WUNUSED_COMMAND_LINE_ARGUMENT
2026-10-05T08:47:39.6444430Z -- Performing Test HAVE_CXX_FLAG_WUNUSED_COMMAND_LINE_ARGUMENT - Success
2026-10-05T08:47:39.6545910Z -- Performing Test HAVE_CXX_FLAG_QUNUSED_ARGUMENTS
2026-10-05T08:47:39.6647380Z -- Performing Test HAVE_CXX_FLAG_QUNUSED_ARGUMENTS - Success
2026-10-05T08:47:39.6749630Z -- Performing Test HAVE_CXX_FLAG_WUNKNOWN_WARNING_OPTION
2026-10-05T08:47:39.6852920Z -- Performing Test HAVE_CXX_FLAG_WUNKNOWN_WARNING_OPTION - Success
2026-10-05T08:47:39.6955070Z -- Performing Test HAVE_CXX_FLAG_WODR
2026-10-05T08:47:39.7057220Z -- Performing Test HAVE_CXX_FLAG_WODR - Success
2026-10-05T08:47:39.7158840Z -- Performing Test HAVE_CXX_FLAG_FLTO_ODR_TYPE_MERGING
2026-10-05T08:47:39.7259500Z -- Performing Test HAVE_CXX_FLAG_FLTO_ODR_TYPE_MERGING - Failed
2026-10-05T08:47:39.7361570Z -- Performing Test HAVE_CXX_FLAG_WPSABI
2026-10-05T08:47:39.7464990Z -- Performing Test HAVE_CXX_FLAG_WPSABI - Success
2026-10-05T08:47:39.7571180Z -- Performing Test HAVE_CXX_FLAG_WUNUSED_MEMBER_FUNCTION
2026-10-05T08:47:39.7671990Z -- Performing Test HAVE_CXX_FLAG_WUNUSED_MEMBER_FUNCTION - Success
2026-10-05T08:47:39.7774280Z -- Performing Test HAVE_CXX_FLAG_WUNUSED_PRIVATE_FIELD
2026-10-05T08:47:39.7875000Z -- Performing Test HAVE_CXX_FLAG_WUNUSED_PRIVATE_FIELD - Success
2026-10-05T08:47:39.7976350Z -- Git state: 
2026-10-05T08:47:39.8076770Z -- Performing Test ATOMICS_FOUND
2026-10-05T08:47:39.8177730Z -- Performing Test ATOMICS_FOUND - Success
2026-10-05T08:47:39.8310870Z -- Configuring done (10.5s)
2026-10-05T08:47:39.8414110Z -- Generating done (0.2s)
2026-10-05T08:47:39.8516620Z -- Build files have been written to: /private/var/tmp/_bazel_telegram_ios/29e64aec8f64c22cffe1a8ef8cee6a69/execroot/_main/bazel-out/ios_arm64-opt-ios-arm64-min13.0-ST-57b073d392e5/bin/third-party/td/build_arm64/native-build
2026-10-05T08:47:39.8626550Z [  1%] Building CXX object tdtl/CMakeFiles/tdtl.dir/td/tl/tl_config.cpp.o
2026-10-05T08:47:39.8727120Z [  2%] Building CXX object tdutils/generate/CMakeFiles/generate_mime_types_gperf.dir/generate_mime_types_gperf.cpp.o
2026-10-05T08:47:39.8828620Z [  3%] Building C object td/generate/tl-parser/CMakeFiles/tl-parser.dir/crc32.c.o
2026-10-05T08:47:39.8930030Z [  4%] Building C object td/generate/tl-parser/CMakeFiles/tl-parser.dir/tlc.c.o
2026-10-05T08:47:39.9032080Z [  5%] Building C object td/generate/tl-parser/CMakeFiles/tl-parser.dir/tl-parser.c.o
2026-10-05T08:47:39.9134530Z [  6%] Linking C executable tl-parser
2026-10-05T08:47:39.9235810Z [  6%] Built target tl-parser
2026-10-05T08:47:39.9338010Z [  7%] Building CXX object tdtl/CMakeFiles/tdtl.dir/td/tl/tl_core.cpp.o
2026-10-05T08:47:39.9441260Z [  8%] Building CXX object tdtl/CMakeFiles/tdtl.dir/td/tl/tl_file_outputer.cpp.o
2026-10-05T08:47:39.9548070Z [  9%] Linking CXX executable generate_mime_types_gperf
2026-10-05T08:47:39.9648300Z [  9%] Built target generate_mime_types_gperf
2026-10-05T08:47:39.9753340Z [  9%] Building CXX object tdtl/CMakeFiles/tdtl.dir/td/tl/tl_file_utils.cpp.o
2026-10-05T08:47:39.9854800Z [ 10%] Building CXX object tdtl/CMakeFiles/tdtl.dir/td/tl/tl_generate.cpp.o
2026-10-05T08:47:39.9958740Z [ 11%] Building CXX object tdtl/CMakeFiles/tdtl.dir/td/tl/tl_outputer.cpp.o
2026-10-05T08:47:40.0063400Z [ 12%] Building CXX object tdtl/CMakeFiles/tdtl.dir/td/tl/tl_string_outputer.cpp.o
2026-10-05T08:47:40.0165000Z [ 13%] Building CXX object tdtl/CMakeFiles/tdtl.dir/td/tl/tl_writer.cpp.o
2026-10-05T08:47:40.0266340Z [ 14%] Generate TLO files
2026-10-05T08:47:40.0367770Z [ 14%] Built target tl_generate_tlo
2026-10-05T08:47:40.0473410Z [ 15%] Generating /private/var/tmp/_bazel_telegram_ios/29e64aec8f64c22cffe1a8ef8cee6a69/execroot/_main/bazel-out/ios_arm64-opt-ios-arm64-min13.0-ST-57b073d392e5/bin/third-party/td/build_arm64/td/tdutils/generate/auto/mime_type_to_extension.gperf, /private/var/tmp/_bazel_telegram_ios/29e64aec8f64c22cffe1a8ef8cee6a69/execroot/_main/bazel-out/ios_arm64-opt-ios-arm64-min13.0-ST-57b073d392e5/bin/third-party/td/build_arm64/td/tdutils/generate/auto/extension_to_mime_type.gperf
2026-10-05T08:47:40.0578530Z [ 16%] Generating /private/var/tmp/_bazel_telegram_ios/29e64aec8f64c22cffe1a8ef8cee6a69/execroot/_main/bazel-out/ios_arm64-opt-ios-arm64-min13.0-ST-57b073d392e5/bin/third-party/td/build_arm64/td/tdutils/generate/auto/mime_type_to_extension.cpp
2026-10-05T08:47:40.0683510Z [ 16%] Generating /private/var/tmp/_bazel_telegram_ios/29e64aec8f64c22cffe1a8ef8cee6a69/execroot/_main/bazel-out/ios_arm64-opt-ios-arm64-min13.0-ST-57b073d392e5/bin/third-party/td/build_arm64/td/tdutils/generate/auto/extension_to_mime_type.cpp
2026-10-05T08:47:40.0784720Z [ 16%] Linking CXX static library libtdtl.a
2026-10-05T08:47:40.0902780Z [ 16%] Built target tdtl
2026-10-05T08:47:40.1005680Z [ 17%] Building CXX object td/generate/CMakeFiles/tl_writer_cpp.dir/tl_writer_cpp.cpp.o
2026-10-05T08:47:40.1107740Z [ 17%] Building CXX object td/generate/CMakeFiles/tl_writer_cpp.dir/tl_writer_h.cpp.o
2026-10-05T08:47:40.1215760Z [ 18%] Building CXX object td/generate/CMakeFiles/tl_writer_cpp.dir/tl_writer_hpp.cpp.o
2026-10-05T08:47:40.1327700Z [ 19%] Building CXX object td/generate/CMakeFiles/tl_writer_cpp.dir/tl_writer_jni_cpp.cpp.o
2026-10-05T08:47:40.1428020Z [ 20%] Building CXX object td/generate/CMakeFiles/tl_writer_cpp.dir/tl_writer_jni_h.cpp.o
2026-10-05T08:47:40.1530490Z [ 21%] Building CXX object td/generate/CMakeFiles/tl_writer_cpp.dir/tl_writer_td.cpp.o
2026-10-05T08:47:40.1633150Z [ 22%] Linking CXX static library libtl_writer_cpp.a
2026-10-05T08:47:40.1738400Z [ 22%] Built target tl_writer_cpp
2026-10-05T08:47:40.1849110Z [ 22%] Building CXX object td/generate/CMakeFiles/generate_c.dir/generate_c.cpp.o
2026-10-05T08:47:40.1951020Z [ 23%] Linking CXX executable generate_c
2026-10-05T08:47:40.2055350Z [ 23%] Built target generate_c
2026-10-05T08:47:40.2158260Z [ 24%] Building CXX object td/generate/CMakeFiles/td_generate_java_api.dir/generate_java.cpp.o
2026-10-05T08:47:40.2159790Z [ 25%] Building CXX object td/generate/CMakeFiles/td_generate_java_api.dir/tl_writer_java.cpp.o
2026-10-05T08:47:40.2261360Z [ 26%] Linking CXX executable td_generate_java_api
2026-10-05T08:47:40.2362470Z [ 26%] Built target td_generate_java_api
2026-10-05T08:47:40.2464590Z [ 26%] Building CXX object td/generate/CMakeFiles/remove_documentation.dir/remove_documentation.cpp.o
2026-10-05T08:47:40.2565770Z [ 27%] Linking CXX executable remove_documentation
2026-10-05T08:47:40.2666780Z [ 27%] Built target remove_documentation
2026-10-05T08:47:40.2767870Z [ 28%] Building CXX object td/generate/CMakeFiles/generate_mtproto.dir/generate_mtproto.cpp.o
2026-10-05T08:47:40.2869090Z [ 29%] Linking CXX executable generate_mtproto
2026-10-05T08:47:40.2970580Z [ 29%] Built target generate_mtproto
2026-10-05T08:47:40.3064980Z [ 30%] Building CXX object td/generate/CMakeFiles/generate_common.dir/generate_common.cpp.o
2026-10-05T08:47:40.3166960Z [ 31%] Linking CXX executable generate_common
2026-10-05T08:47:40.3268040Z [ 31%] Built target generate_common
2026-10-05T08:47:40.3382250Z [ 32%] Generate MTProto API source files
2026-10-05T08:47:40.3484310Z [ 32%] Built target tl_generate_mtproto
2026-10-05T08:47:40.3624310Z [ 33%] Generate common TL source files
2026-10-05T08:47:40.3726130Z [ 33%] Built target tl_generate_common
2026-10-05T08:47:40.3826850Z [ 33%] Built target tdmime_auto
2026-10-05T08:47:40.3928890Z [ 35%] Building CXX object tdutils/CMakeFiles/tdutils.dir/td/utils/port/FileFd.cpp.o
2026-10-05T08:47:40.4033750Z [ 35%] Building CXX object tdutils/CMakeFiles/tdutils.dir/td/utils/port/Clocks.cpp.o
2026-10-05T08:47:40.4144950Z [ 36%] Building CXX object tdutils/CMakeFiles/tdutils.dir/td/utils/port/IPAddress.cpp.o
2026-10-05T08:47:40.4286040Z [ 37%] Building CXX object tdutils/CMakeFiles/tdutils.dir/td/utils/port/MemoryMapping.cpp.o
2026-10-05T08:47:40.4402980Z [ 38%] Building CXX object tdutils/CMakeFiles/tdutils.dir/td/utils/port/path.cpp.o
2026-10-05T08:47:40.4505300Z [ 38%] Building CXX object tdutils/CMakeFiles/tdutils.dir/td/utils/port/platform.cpp.o
2026-10-05T08:47:40.4619890Z [ 39%] Building CXX object tdutils/CMakeFiles/tdutils.dir/td/utils/port/PollFlags.cpp.o
2026-10-05T08:47:40.4729070Z [ 40%] Building CXX object tdutils/CMakeFiles/tdutils.dir/td/utils/port/rlimit.cpp.o
2026-10-05T08:47:40.4853210Z [ 41%] Building CXX object tdutils/CMakeFiles/tdutils.dir/td/utils/port/ServerSocketFd.cpp.o
2026-10-05T08:47:40.4956500Z [ 42%] Building CXX object tdutils/CMakeFiles/tdutils.dir/td/utils/port/signals.cpp.o
2026-10-05T08:47:40.5058750Z [ 42%] Building CXX object tdutils/CMakeFiles/tdutils.dir/td/utils/port/sleep.cpp.o
2026-10-05T08:47:40.5160570Z [ 43%] Building CXX object tdutils/CMakeFiles/tdutils.dir/td/utils/port/SocketFd.cpp.o
2026-10-05T08:47:40.5261290Z [ 44%] Building CXX object tdutils/CMakeFiles/tdutils.dir/td/utils/port/stacktrace.cpp.o
2026-10-05T08:47:40.5365930Z [ 45%] Building CXX object tdutils/CMakeFiles/tdutils.dir/td/utils/port/Stat.cpp.o
2026-10-05T08:47:40.5471160Z [ 46%] Building CXX object tdutils/CMakeFiles/tdutils.dir/td/utils/port/StdStreams.cpp.o
2026-10-05T08:47:40.5573030Z [ 47%] Building CXX object tdutils/CMakeFiles/tdutils.dir/td/utils/port/thread_local.cpp.o
2026-10-05T08:47:40.5674600Z [ 47%] Building CXX object tdutils/CMakeFiles/tdutils.dir/td/utils/port/UdpSocketFd.cpp.o
2026-10-05T08:47:40.5779980Z [ 48%] Building CXX object tdutils/CMakeFiles/tdutils.dir/td/utils/port/uname.cpp.o
2026-10-05T08:47:40.5881880Z [ 49%] Building CXX object tdutils/CMakeFiles/tdutils.dir/td/utils/port/user.cpp.o
2026-10-05T08:47:40.5983570Z [ 50%] Building CXX object tdutils/CMakeFiles/tdutils.dir/td/utils/port/wstring_convert.cpp.o
2026-10-05T08:47:40.6086000Z [ 51%] Building CXX object tdutils/CMakeFiles/tdutils.dir/td/utils/port/detail/Epoll.cpp.o
2026-10-05T08:47:40.6187930Z [ 51%] Building CXX object tdutils/CMakeFiles/tdutils.dir/td/utils/port/detail/EventFdBsd.cpp.o
2026-10-05T08:47:40.6289630Z [ 52%] Building CXX object tdutils/CMakeFiles/tdutils.dir/td/utils/port/detail/EventFdLinux.cpp.o
2026-10-05T08:47:40.6391230Z [ 53%] Building CXX object tdutils/CMakeFiles/tdutils.dir/td/utils/port/detail/EventFdWindows.cpp.o
2026-10-05T08:47:40.6492990Z [ 54%] Building CXX object tdutils/CMakeFiles/tdutils.dir/td/utils/port/detail/Iocp.cpp.o
2026-10-05T08:47:40.6594460Z [ 55%] Building CXX object tdutils/CMakeFiles/tdutils.dir/td/utils/port/detail/KQueue.cpp.o
2026-10-05T08:47:40.6695900Z [ 56%] Building CXX object tdutils/CMakeFiles/tdutils.dir/td/utils/port/detail/NativeFd.cpp.o
2026-10-05T08:47:40.6797260Z [ 56%] Building CXX object tdutils/CMakeFiles/tdutils.dir/td/utils/port/detail/Poll.cpp.o
2026-10-05T08:47:40.6899170Z [ 57%] Building CXX object tdutils/CMakeFiles/tdutils.dir/td/utils/port/detail/Select.cpp.o
2026-10-05T08:47:40.7000650Z [ 58%] Building CXX object tdutils/CMakeFiles/tdutils.dir/td/utils/port/detail/ThreadIdGuard.cpp.o
2026-10-05T08:47:40.7103050Z [ 59%] Building CXX object tdutils/CMakeFiles/tdutils.dir/td/utils/port/detail/ThreadPthread.cpp.o
2026-10-05T08:47:40.7205130Z [ 60%] Building CXX object tdutils/CMakeFiles/tdutils.dir/td/utils/port/detail/WineventPoll.cpp.o
2026-10-05T08:47:40.7307560Z [ 61%] Building CXX object tdutils/CMakeFiles/tdutils.dir/generate/auto/mime_type_to_extension.cpp.o
2026-10-05T08:47:40.7413310Z [ 61%] Building CXX object tdutils/CMakeFiles/tdutils.dir/generate/auto/extension_to_mime_type.cpp.o
2026-10-05T08:47:40.7513890Z [ 62%] Building CXX object tdutils/CMakeFiles/tdutils.dir/td/utils/AsyncFileLog.cpp.o
2026-10-05T08:47:40.7615980Z [ 63%] Building CXX object tdutils/CMakeFiles/tdutils.dir/td/utils/base64.cpp.o
2026-10-05T08:47:40.7717910Z [ 64%] Building CXX object tdutils/CMakeFiles/tdutils.dir/td/utils/BigNum.cpp.o
2026-10-05T08:47:40.7820600Z [ 65%] Building CXX object tdutils/CMakeFiles/tdutils.dir/td/utils/buffer.cpp.o
2026-10-05T08:47:40.7921860Z [ 65%] Building CXX object tdutils/CMakeFiles/tdutils.dir/td/utils/BufferedUdp.cpp.o
2026-10-05T08:47:40.8023820Z [ 66%] Building CXX object tdutils/CMakeFiles/tdutils.dir/td/utils/check.cpp.o
2026-10-05T08:47:40.8125710Z [ 67%] Building CXX object tdutils/CMakeFiles/tdutils.dir/td/utils/crypto.cpp.o
2026-10-05T08:47:40.8229800Z [ 68%] Building CXX object tdutils/CMakeFiles/tdutils.dir/td/utils/Ed25519.cpp.o
2026-10-05T08:47:40.8333350Z [ 69%] Building CXX object tdutils/CMakeFiles/tdutils.dir/td/utils/emoji.cpp.o
2026-10-05T08:47:40.8455470Z [ 70%] Building CXX object tdutils/CMakeFiles/tdutils.dir/td/utils/ExitGuard.cpp.o
2026-10-05T08:47:40.8563950Z [ 70%] Building CXX object tdutils/CMakeFiles/tdutils.dir/td/utils/FileLog.cpp.o
2026-10-05T08:47:40.8666030Z [ 71%] Building CXX object tdutils/CMakeFiles/tdutils.dir/td/utils/filesystem.cpp.o
2026-10-05T08:47:40.8769780Z [ 72%] Building CXX object tdutils/CMakeFiles/tdutils.dir/td/utils/find_boundary.cpp.o
2026-10-05T08:47:40.8873440Z [ 73%] Building CXX object tdutils/CMakeFiles/tdutils.dir/td/utils/FlatHashTable.cpp.o
2026-10-05T08:47:40.8901450Z [ 74%] Building CXX object tdutils/CMakeFiles/tdutils.dir/td/utils/FloodControlGlobal.cpp.o
2026-10-05T08:47:40.9027910Z [ 74%] Building CXX object tdutils/CMakeFiles/tdutils.dir/td/utils/Gzip.cpp.o
2026-10-05T08:47:40.9129480Z [ 75%] Building CXX object tdutils/CMakeFiles/tdutils.dir/td/utils/GzipByteFlow.cpp.o
2026-10-05T08:47:40.9232460Z [ 76%] Building CXX object tdutils/CMakeFiles/tdutils.dir/td/utils/Hints.cpp.o
2026-10-05T08:47:40.9313900Z [ 77%] Building CXX object tdutils/CMakeFiles/tdutils.dir/td/utils/HttpDate.cpp.o
2026-10-05T08:47:40.9420320Z [ 78%] Building CXX object tdutils/CMakeFiles/tdutils.dir/td/utils/HttpUrl.cpp.o
2026-10-05T08:47:40.9524160Z [ 79%] Building CXX object tdutils/CMakeFiles/tdutils.dir/td/utils/JsonBuilder.cpp.o
2026-10-05T08:47:40.9629970Z [ 79%] Building CXX object tdutils/CMakeFiles/tdutils.dir/td/utils/logging.cpp.o
2026-10-05T08:47:40.9735780Z [ 80%] Building CXX object tdutils/CMakeFiles/tdutils.dir/td/utils/misc.cpp.o
2026-10-05T08:47:40.9837670Z [ 81%] Building CXX object tdutils/CMakeFiles/tdutils.dir/td/utils/MpmcQueue.cpp.o
2026-10-05T08:47:40.9940940Z [ 82%] Building CXX object tdutils/CMakeFiles/tdutils.dir/td/utils/OptionParser.cpp.o
2026-10-05T08:47:41.0051370Z [ 83%] Building CXX object tdutils/CMakeFiles/tdutils.dir/td/utils/PathView.cpp.o
2026-10-05T08:47:41.0145920Z [ 83%] Building CXX object tdutils/CMakeFiles/tdutils.dir/td/utils/Random.cpp.o
2026-10-05T08:47:41.0248530Z [ 84%] Building CXX object tdutils/CMakeFiles/tdutils.dir/td/utils/SharedSlice.cpp.o
2026-10-05T08:47:41.0349390Z [ 85%] Building CXX object tdutils/CMakeFiles/tdutils.dir/td/utils/Slice.cpp.o
2026-10-05T08:47:41.0451570Z [ 86%] Building CXX object tdutils/CMakeFiles/tdutils.dir/td/utils/StackAllocator.cpp.o
2026-10-05T08:47:41.0556590Z [ 87%] Building CXX object tdutils/CMakeFiles/tdutils.dir/td/utils/Status.cpp.o
2026-10-05T08:47:41.0658990Z [ 88%] Building CXX object tdutils/CMakeFiles/tdutils.dir/td/utils/StringBuilder.cpp.o
2026-10-05T08:47:41.0761030Z [ 88%] Building CXX object tdutils/CMakeFiles/tdutils.dir/td/utils/tests.cpp.o
2026-10-05T08:47:41.0863220Z [ 89%] Building CXX object tdutils/CMakeFiles/tdutils.dir/td/utils/Time.cpp.o
2026-10-05T08:47:41.0964110Z [ 90%] Building CXX object tdutils/CMakeFiles/tdutils.dir/td/utils/Timer.cpp.o
2026-10-05T08:47:41.1069520Z [ 91%] Building CXX object tdutils/CMakeFiles/tdutils.dir/td/utils/tl_parsers.cpp.o
2026-10-05T08:47:41.1173350Z [ 92%] Building CXX object tdutils/CMakeFiles/tdutils.dir/td/utils/translit.cpp.o
2026-10-05T08:47:41.1275090Z [ 92%] Building CXX object tdutils/CMakeFiles/tdutils.dir/td/utils/TsCerr.cpp.o
2026-10-05T08:47:41.1379460Z [ 93%] Building CXX object tdutils/CMakeFiles/tdutils.dir/td/utils/TsFileLog.cpp.o
2026-10-05T08:47:41.1481860Z [ 94%] Building CXX object tdutils/CMakeFiles/tdutils.dir/td/utils/TsLog.cpp.o
2026-10-05T08:47:41.1583580Z [ 95%] Building CXX object tdutils/CMakeFiles/tdutils.dir/td/utils/unicode.cpp.o
2026-10-05T08:47:41.1712210Z [ 96%] Building CXX object tdutils/CMakeFiles/tdutils.dir/td/utils/utf8.cpp.o
2026-10-05T08:47:41.1815870Z [ 97%] Building CXX object tdutils/CMakeFiles/tdutils.dir/td/utils/MimeType.cpp.o
2026-10-05T08:47:41.1921060Z [ 97%] Linking CXX static library libtdutils.a
2026-10-05T08:47:41.2022770Z [ 97%] Built target tdutils
2026-10-05T08:47:41.2124730Z [ 98%] Building CXX object td/generate/CMakeFiles/generate_json.dir/tl_json_converter.cpp.o
2026-10-05T08:47:41.2227350Z [ 98%] Building CXX object td/generate/CMakeFiles/generate_json.dir/generate_json.cpp.o
2026-10-05T08:47:41.2329860Z [ 99%] Linking CXX executable generate_json
2026-10-05T08:47:41.2432050Z [ 99%] Built target generate_json
2026-10-05T08:47:41.2534330Z [100%] Generate JSON TL source files
2026-10-05T08:47:41.2635430Z [100%] Built target tl_generate_json
2026-10-05T08:47:41.2735700Z [100%] Built target prepare_cross_compiling
2026-10-05T08:47:41.2837800Z -- The CXX compiler identification is AppleClang 17.0.0.17000603
2026-10-05T08:47:41.2941590Z -- The C compiler identification is AppleClang 17.0.0.17000603
2026-10-05T08:47:41.3042790Z -- Detecting CXX compiler ABI info
2026-10-05T08:47:41.3144940Z -- Detecting CXX compiler ABI info - done
2026-10-05T08:47:41.3246620Z -- Check for working CXX compiler: /usr/bin/c++ - skipped
2026-10-05T08:47:41.3348370Z -- Detecting CXX compile features
2026-10-05T08:47:41.3454160Z -- Detecting CXX compile features - done
2026-10-05T08:47:41.3557520Z -- Detecting C compiler ABI info
2026-10-05T08:47:41.3659390Z -- Detecting C compiler ABI info - done
2026-10-05T08:47:41.3770670Z -- Check for working C compiler: /Applications/Xcode_26.2.app/Contents/Developer/Toolchains/XcodeDefault.xctoolchain/usr/bin/clang - skipped
2026-10-05T08:47:41.3874140Z -- Detecting C compile features
2026-10-05T08:47:41.3976050Z -- Detecting C compile features - done
2026-10-05T08:47:41.4077630Z -- Could NOT find ccache (this is NOT an error)
2026-10-05T08:47:41.4185540Z -- Found OpenSSL: /private/var/tmp/_bazel_telegram_ios/29e64aec8f64c22cffe1a8ef8cee6a69/execroot/_main/bazel-out/ios_arm64-opt-ios-arm64-min13.0-ST-57b073d392e5/bin/third-party/td/build_arm64/openssl/src/include 
2026-10-05T08:47:41.4294380Z -- Performing Test CMAKE_HAVE_LIBC_PTHREAD
2026-10-05T08:47:41.4396030Z -- Performing Test CMAKE_HAVE_LIBC_PTHREAD - Success
2026-10-05T08:47:41.4497340Z -- Found Threads: TRUE
2026-10-05T08:47:41.4610050Z -- Performing Test HAVE_STD17
2026-10-05T08:47:41.4755630Z -- Performing Test HAVE_STD17 - Success
2026-10-05T08:47:41.4783570Z -- Performing Test HAVE_CXX_FLAG_WALL
2026-10-05T08:47:41.4930610Z -- Performing Test HAVE_CXX_FLAG_WALL - Success
2026-10-05T08:47:41.5051570Z -- Performing Test HAVE_CXX_FLAG_WEXTRA
2026-10-05T08:47:41.5165940Z -- Performing Test HAVE_CXX_FLAG_WEXTRA - Success
2026-10-05T08:47:41.5272830Z -- Performing Test HAVE_CXX_FLAG_WIMPLICIT_FALLTHROUGH_2
2026-10-05T08:47:41.5373300Z -- Performing Test HAVE_CXX_FLAG_WIMPLICIT_FALLTHROUGH_2 - Success
2026-10-05T08:47:41.5478760Z -- Performing Test HAVE_CXX_FLAG_WPOINTER_ARITH
2026-10-05T08:47:41.5580300Z -- Performing Test HAVE_CXX_FLAG_WPOINTER_ARITH - Success
2026-10-05T08:47:41.5681990Z -- Performing Test HAVE_CXX_FLAG_WCAST_QUAL
2026-10-05T08:47:41.5783850Z -- Performing Test HAVE_CXX_FLAG_WCAST_QUAL - Success
2026-10-05T08:47:41.5885880Z -- Performing Test HAVE_CXX_FLAG_WSIGN_COMPARE
2026-10-05T08:47:41.5988180Z -- Performing Test HAVE_CXX_FLAG_WSIGN_COMPARE - Success
2026-10-05T08:47:41.6089400Z -- Performing Test HAVE_CXX_FLAG_WDUPLICATED_BRANCHES
2026-10-05T08:47:41.6191280Z -- Performing Test HAVE_CXX_FLAG_WDUPLICATED_BRANCHES - Success
2026-10-05T08:47:41.6298720Z -- Performing Test HAVE_CXX_FLAG_WDUPLICATED_COND
2026-10-05T08:47:41.6399990Z -- Performing Test HAVE_CXX_FLAG_WDUPLICATED_COND - Success
2026-10-05T08:47:41.6501850Z -- Performing Test HAVE_CXX_FLAG_WALLOC_ZERO
2026-10-05T08:47:41.6603560Z -- Performing Test HAVE_CXX_FLAG_WALLOC_ZERO - Success
2026-10-05T08:47:41.6704070Z -- Performing Test HAVE_CXX_FLAG_WLOGICAL_OP
2026-10-05T08:47:41.6805390Z -- Performing Test HAVE_CXX_FLAG_WLOGICAL_OP - Success
2026-10-05T08:47:41.6908160Z -- Performing Test HAVE_CXX_FLAG_WTAUTOLOGICAL_COMPARE
2026-10-05T08:47:41.7008760Z -- Performing Test HAVE_CXX_FLAG_WTAUTOLOGICAL_COMPARE - Success
2026-10-05T08:47:41.7137410Z -- Performing Test HAVE_CXX_FLAG_WVLA
2026-10-05T08:47:41.7137770Z -- Performing Test HAVE_CXX_FLAG_WVLA - Success
2026-10-05T08:47:41.7239000Z -- Performing Test HAVE_CXX_FLAG_WNON_VIRTUAL_DTOR
2026-10-05T08:47:41.7347860Z -- Performing Test HAVE_CXX_FLAG_WNON_VIRTUAL_DTOR - Success
2026-10-05T08:47:41.7459880Z -- Performing Test HAVE_CXX_FLAG_WUNUSED_PARAMETER
2026-10-05T08:47:41.7561370Z -- Performing Test HAVE_CXX_FLAG_WUNUSED_PARAMETER - Success
2026-10-05T08:47:41.7674530Z -- Performing Test HAVE_CXX_FLAG_WCONVERSION
2026-10-05T08:47:41.7776040Z -- Performing Test HAVE_CXX_FLAG_WCONVERSION - Success
2026-10-05T08:47:41.7878150Z -- Performing Test HAVE_CXX_FLAG_WSIGN_CONVERSION
2026-10-05T08:47:41.7980200Z -- Performing Test HAVE_CXX_FLAG_WSIGN_CONVERSION - Success
2026-10-05T08:47:41.8082640Z -- Performing Test HAVE_CXX_FLAG_WCXX17_COMPAT_PEDANTIC
2026-10-05T08:47:41.8184840Z -- Performing Test HAVE_CXX_FLAG_WCXX17_COMPAT_PEDANTIC - Success
2026-10-05T08:47:41.8287530Z -- Performing Test HAVE_CXX_FLAG_WDEPRECATED
2026-10-05T08:47:41.8393640Z -- Performing Test HAVE_CXX_FLAG_WDEPRECATED - Success
2026-10-05T08:47:41.8496850Z -- Performing Test HAVE_CXX_FLAG_WUNUSED_COMMAND_LINE_ARGUMENT
2026-10-05T08:47:41.8599020Z -- Performing Test HAVE_CXX_FLAG_WUNUSED_COMMAND_LINE_ARGUMENT - Success
2026-10-05T08:47:41.8700990Z -- Performing Test HAVE_CXX_FLAG_QUNUSED_ARGUMENTS
2026-10-05T08:47:41.8803130Z -- Performing Test HAVE_CXX_FLAG_QUNUSED_ARGUMENTS - Success
2026-10-05T08:47:41.8905390Z -- Performing Test HAVE_CXX_FLAG_WUNKNOWN_WARNING_OPTION
2026-10-05T08:47:41.9006380Z -- Performing Test HAVE_CXX_FLAG_WUNKNOWN_WARNING_OPTION - Success
2026-10-05T08:47:41.9108760Z -- Performing Test HAVE_CXX_FLAG_WODR
2026-10-05T08:47:41.9210520Z -- Performing Test HAVE_CXX_FLAG_WODR - Success
2026-10-05T08:47:41.9312160Z -- Performing Test HAVE_CXX_FLAG_FLTO_ODR_TYPE_MERGING
2026-10-05T08:47:41.9415400Z -- Performing Test HAVE_CXX_FLAG_FLTO_ODR_TYPE_MERGING - Failed
2026-10-05T08:47:41.9518170Z -- Performing Test HAVE_CXX_FLAG_WPSABI
2026-10-05T08:47:41.9619410Z -- Performing Test HAVE_CXX_FLAG_WPSABI - Success
2026-10-05T08:47:41.9727630Z -- Performing Test HAVE_CXX_FLAG_WUNUSED_MEMBER_FUNCTION
2026-10-05T08:47:41.9830310Z -- Performing Test HAVE_CXX_FLAG_WUNUSED_MEMBER_FUNCTION - Success
2026-10-05T08:47:41.9939340Z -- Performing Test HAVE_CXX_FLAG_WUNUSED_PRIVATE_FIELD
2026-10-05T08:47:42.0045780Z -- Performing Test HAVE_CXX_FLAG_WUNUSED_PRIVATE_FIELD - Success
2026-10-05T08:47:42.0147290Z -- Git state: 
2026-10-05T08:47:42.0267740Z -- Found ZLIB: /Applications/Xcode_26.2.app/Contents/Developer/Platforms/iPhoneOS.platform/Developer/SDKs/iPhoneOS.sdk/usr/lib/libz.tbd (found version "1.2.12")
2026-10-05T08:47:42.0371770Z -- Found ZLIB: /Applications/Xcode_26.2.app/Contents/Developer/Platforms/iPhoneOS.platform/Developer/SDKs/iPhoneOS.sdk/usr/include /Applications/Xcode_26.2.app/Contents/Developer/Platforms/iPhoneOS.platform/Developer/SDKs/iPhoneOS.sdk/usr/lib/libz.tbd
2026-10-05T08:47:42.0473800Z -- Performing Test ATOMICS_FOUND
2026-10-05T08:47:42.0575790Z -- Performing Test ATOMICS_FOUND - Success
2026-10-05T08:47:42.0677390Z -- Performing Test COMPILER_HAS_HIDDEN_VISIBILITY
2026-10-05T08:47:42.0778940Z -- Performing Test COMPILER_HAS_HIDDEN_VISIBILITY - Success
2026-10-05T08:47:42.0880100Z -- Performing Test COMPILER_HAS_HIDDEN_INLINE_VISIBILITY
2026-10-05T08:47:42.0982090Z -- Performing Test COMPILER_HAS_HIDDEN_INLINE_VISIBILITY - Success
2026-10-05T08:47:42.1084210Z -- Performing Test COMPILER_HAS_DEPRECATED_ATTR
2026-10-05T08:47:42.1186540Z -- Performing Test COMPILER_HAS_DEPRECATED_ATTR - Success
2026-10-05T08:47:42.1301410Z -- Configuring done (10.6s)
2026-10-05T08:47:42.1403000Z -- Generating done (0.5s)
2026-10-05T08:47:42.1474630Z -- Build files have been written to: /private/var/tmp/_bazel_telegram_ios/29e64aec8f64c22cffe1a8ef8cee6a69/execroot/_main/bazel-out/ios_arm64-opt-ios-arm64-min13.0-ST-57b073d392e5/bin/third-party/td/build_arm64/build
2026-10-05T08:47:42.1576650Z [  0%] Building CXX object tdutils/CMakeFiles/tdutils.dir/td/utils/port/FileFd.cpp.o
2026-10-05T08:47:42.1678760Z [  0%] Building CXX object tdutils/CMakeFiles/tdutils.dir/td/utils/port/Clocks.cpp.o
2026-10-05T08:47:42.1780380Z [  0%] Building CXX object tdutils/CMakeFiles/tdutils.dir/td/utils/port/IPAddress.cpp.o
2026-10-05T08:47:42.1882750Z [  5%] Building CXX object tdutils/CMakeFiles/tdutils.dir/td/utils/port/MemoryMapping.cpp.o
2026-10-05T08:47:42.1984990Z [  5%] Building CXX object tdutils/CMakeFiles/tdutils.dir/td/utils/port/path.cpp.o
2026-10-05T08:47:42.2089060Z [  5%] Building CXX object tdutils/CMakeFiles/tdutils.dir/td/utils/port/platform.cpp.o
2026-10-05T08:47:42.2191050Z [  5%] Building CXX object tdutils/CMakeFiles/tdutils.dir/td/utils/port/PollFlags.cpp.o
2026-10-05T08:47:42.2292340Z [  5%] Building CXX object tdutils/CMakeFiles/tdutils.dir/td/utils/port/rlimit.cpp.o
2026-10-05T08:47:42.2393810Z [ 11%] Building CXX object tdutils/CMakeFiles/tdutils.dir/td/utils/port/ServerSocketFd.cpp.o
2026-10-05T08:47:42.2495340Z [ 11%] Building CXX object tdutils/CMakeFiles/tdutils.dir/td/utils/port/signals.cpp.o
2026-10-05T08:47:42.2596680Z [ 11%] Building CXX object tdutils/CMakeFiles/tdutils.dir/td/utils/port/sleep.cpp.o
2026-10-05T08:47:42.2697920Z [ 11%] Building CXX object tdutils/CMakeFiles/tdutils.dir/td/utils/port/SocketFd.cpp.o
2026-10-05T08:47:42.2799650Z [ 11%] Building CXX object tdutils/CMakeFiles/tdutils.dir/td/utils/port/stacktrace.cpp.o
2026-10-05T08:47:42.2901200Z [ 16%] Building CXX object tdutils/CMakeFiles/tdutils.dir/td/utils/port/Stat.cpp.o
2026-10-05T08:47:42.3003270Z [ 16%] Building CXX object tdutils/CMakeFiles/tdutils.dir/td/utils/port/StdStreams.cpp.o
2026-10-05T08:47:42.3104950Z [ 16%] Building CXX object tdutils/CMakeFiles/tdutils.dir/td/utils/port/thread_local.cpp.o
2026-10-05T08:47:42.3206520Z [ 16%] Building CXX object tdutils/CMakeFiles/tdutils.dir/td/utils/port/UdpSocketFd.cpp.o
2026-10-05T08:47:42.3307940Z [ 16%] Building CXX object tdutils/CMakeFiles/tdutils.dir/td/utils/port/uname.cpp.o
2026-10-05T08:47:42.3410530Z [ 22%] Building CXX object tdutils/CMakeFiles/tdutils.dir/td/utils/port/user.cpp.o
2026-10-05T08:47:42.3538030Z [ 22%] Building CXX object tdutils/CMakeFiles/tdutils.dir/td/utils/port/wstring_convert.cpp.o
2026-10-05T08:47:42.3642700Z [ 22%] Building CXX object tdutils/CMakeFiles/tdutils.dir/td/utils/port/detail/Epoll.cpp.o
2026-10-05T08:47:42.3745100Z [ 22%] Building CXX object tdutils/CMakeFiles/tdutils.dir/td/utils/port/detail/EventFdBsd.cpp.o
2026-10-05T08:47:42.3847820Z [ 22%] Building CXX object tdutils/CMakeFiles/tdutils.dir/td/utils/port/detail/EventFdLinux.cpp.o
2026-10-05T08:47:42.3960970Z [ 27%] Building CXX object tdutils/CMakeFiles/tdutils.dir/td/utils/port/detail/EventFdWindows.cpp.o
2026-10-05T08:47:42.4069330Z [ 27%] Building CXX object tdutils/CMakeFiles/tdutils.dir/td/utils/port/detail/Iocp.cpp.o
2026-10-05T08:47:42.4189530Z [ 27%] Building CXX object tdutils/CMakeFiles/tdutils.dir/td/utils/port/detail/KQueue.cpp.o
2026-10-05T08:47:42.4294890Z [ 27%] Building CXX object tdutils/CMakeFiles/tdutils.dir/td/utils/port/detail/NativeFd.cpp.o
2026-10-05T08:47:42.4419690Z [ 27%] Building CXX object tdutils/CMakeFiles/tdutils.dir/td/utils/port/detail/Poll.cpp.o
2026-10-05T08:47:42.4529830Z [ 33%] Building CXX object tdutils/CMakeFiles/tdutils.dir/td/utils/port/detail/Select.cpp.o
2026-10-05T08:47:42.4632130Z [ 33%] Building CXX object tdutils/CMakeFiles/tdutils.dir/td/utils/port/detail/ThreadIdGuard.cpp.o
2026-10-05T08:47:42.4734100Z [ 33%] Building CXX object tdutils/CMakeFiles/tdutils.dir/td/utils/port/detail/ThreadPthread.cpp.o
2026-10-05T08:47:42.4835220Z [ 33%] Building CXX object tdutils/CMakeFiles/tdutils.dir/td/utils/port/detail/WineventPoll.cpp.o
2026-10-05T08:47:42.4936890Z [ 33%] Building CXX object tdutils/CMakeFiles/tdutils.dir/generate/auto/mime_type_to_extension.cpp.o
2026-10-05T08:47:42.5037750Z [ 38%] Building CXX object tdutils/CMakeFiles/tdutils.dir/generate/auto/extension_to_mime_type.cpp.o
2026-10-05T08:47:42.5139040Z [ 38%] Building CXX object tdutils/CMakeFiles/tdutils.dir/td/utils/AsyncFileLog.cpp.o
2026-10-05T08:47:42.5239490Z [ 38%] Building CXX object tdutils/CMakeFiles/tdutils.dir/td/utils/base64.cpp.o
2026-10-05T08:47:42.5341260Z [ 38%] Building CXX object tdutils/CMakeFiles/tdutils.dir/td/utils/BigNum.cpp.o
2026-10-05T08:47:42.5443270Z [ 38%] Building CXX object tdutils/CMakeFiles/tdutils.dir/td/utils/buffer.cpp.o
2026-10-05T08:47:42.5545120Z [ 44%] Building CXX object tdutils/CMakeFiles/tdutils.dir/td/utils/BufferedUdp.cpp.o
2026-10-05T08:47:42.5645580Z [ 44%] Building CXX object tdutils/CMakeFiles/tdutils.dir/td/utils/check.cpp.o
2026-10-05T08:47:42.5747030Z [ 44%] Building CXX object tdutils/CMakeFiles/tdutils.dir/td/utils/crypto.cpp.o
2026-10-05T08:47:42.5848200Z [ 44%] Building CXX object tdutils/CMakeFiles/tdutils.dir/td/utils/Ed25519.cpp.o
2026-10-05T08:47:42.5984490Z [ 44%] Building CXX object tdutils/CMakeFiles/tdutils.dir/td/utils/emoji.cpp.o
2026-10-05T08:47:42.6085950Z [ 50%] Building CXX object tdutils/CMakeFiles/tdutils.dir/td/utils/ExitGuard.cpp.o
2026-10-05T08:47:42.6198380Z [ 50%] Building CXX object tdutils/CMakeFiles/tdutils.dir/td/utils/FileLog.cpp.o
2026-10-05T08:47:42.6318820Z [ 50%] Building CXX object tdutils/CMakeFiles/tdutils.dir/td/utils/filesystem.cpp.o
2026-10-05T08:47:42.6448680Z [ 50%] Building CXX object tdutils/CMakeFiles/tdutils.dir/td/utils/find_boundary.cpp.o
2026-10-05T08:47:42.6552700Z [ 50%] Building CXX object tdutils/CMakeFiles/tdutils.dir/td/utils/FlatHashTable.cpp.o
2026-10-05T08:47:42.6553600Z [ 55%] Building CXX object tdutils/CMakeFiles/tdutils.dir/td/utils/FloodControlGlobal.cpp.o
2026-10-05T08:47:42.6661480Z [ 55%] Building CXX object tdutils/CMakeFiles/tdutils.dir/td/utils/Gzip.cpp.o
2026-10-05T08:47:42.6764480Z [ 55%] Building CXX object tdutils/CMakeFiles/tdutils.dir/td/utils/GzipByteFlow.cpp.o
2026-10-05T08:47:42.6887780Z [ 55%] Building CXX object tdutils/CMakeFiles/tdutils.dir/td/utils/Hints.cpp.o
2026-10-05T08:47:42.6995320Z [ 55%] Building CXX object tdutils/CMakeFiles/tdutils.dir/td/utils/HttpDate.cpp.o
2026-10-05T08:47:42.7097500Z [ 61%] Building CXX object tdutils/CMakeFiles/tdutils.dir/td/utils/HttpUrl.cpp.o
2026-10-05T08:47:42.7198240Z [ 61%] Building CXX object tdutils/CMakeFiles/tdutils.dir/td/utils/JsonBuilder.cpp.o
2026-10-05T08:47:42.7299350Z [ 61%] Building CXX object tdutils/CMakeFiles/tdutils.dir/td/utils/logging.cpp.o
2026-10-05T08:47:42.7400760Z [ 61%] Building CXX object tdutils/CMakeFiles/tdutils.dir/td/utils/misc.cpp.o
2026-10-05T08:47:42.7502310Z [ 61%] Building CXX object tdutils/CMakeFiles/tdutils.dir/td/utils/MpmcQueue.cpp.o
2026-10-05T08:47:42.7604820Z [ 66%] Building CXX object tdutils/CMakeFiles/tdutils.dir/td/utils/OptionParser.cpp.o
2026-10-05T08:47:42.7705230Z [ 66%] Building CXX object tdutils/CMakeFiles/tdutils.dir/td/utils/PathView.cpp.o
2026-10-05T08:47:42.7806860Z [ 66%] Building CXX object tdutils/CMakeFiles/tdutils.dir/td/utils/Random.cpp.o
2026-10-05T08:47:42.7908020Z [ 66%] Building CXX object tdutils/CMakeFiles/tdutils.dir/td/utils/SharedSlice.cpp.o
2026-10-05T08:47:42.8009080Z [ 66%] Building CXX object tdutils/CMakeFiles/tdutils.dir/td/utils/Slice.cpp.o
2026-10-05T08:47:42.8111350Z [ 72%] Building CXX object tdutils/CMakeFiles/tdutils.dir/td/utils/StackAllocator.cpp.o
2026-10-05T08:47:42.8210890Z [ 72%] Building CXX object tdutils/CMakeFiles/tdutils.dir/td/utils/Status.cpp.o
2026-10-05T08:47:42.8312570Z [ 72%] Building CXX object tdutils/CMakeFiles/tdutils.dir/td/utils/StringBuilder.cpp.o
2026-10-05T08:47:42.8415590Z [ 72%] Building CXX object tdutils/CMakeFiles/tdutils.dir/td/utils/tests.cpp.o
2026-10-05T08:47:42.8521330Z [ 72%] Building CXX object tdutils/CMakeFiles/tdutils.dir/td/utils/Time.cpp.o
2026-10-05T08:47:42.8630390Z [ 77%] Building CXX object tdutils/CMakeFiles/tdutils.dir/td/utils/Timer.cpp.o
2026-10-05T08:47:42.8731170Z [ 77%] Building CXX object tdutils/CMakeFiles/tdutils.dir/td/utils/tl_parsers.cpp.o
2026-10-05T08:47:42.8833490Z [ 77%] Building CXX object tdutils/CMakeFiles/tdutils.dir/td/utils/translit.cpp.o
2026-10-05T08:47:42.8936760Z [ 77%] Building CXX object tdutils/CMakeFiles/tdutils.dir/td/utils/TsCerr.cpp.o
2026-10-05T08:47:42.9043720Z [ 77%] Building CXX object tdutils/CMakeFiles/tdutils.dir/td/utils/TsFileLog.cpp.o
2026-10-05T08:47:42.9145780Z [ 83%] Building CXX object tdutils/CMakeFiles/tdutils.dir/td/utils/TsLog.cpp.o
2026-10-05T08:47:42.9248770Z [ 83%] Building CXX object tdutils/CMakeFiles/tdutils.dir/td/utils/unicode.cpp.o
2026-10-05T08:47:42.9375760Z [ 83%] Building CXX object tdutils/CMakeFiles/tdutils.dir/td/utils/utf8.cpp.o
2026-10-05T08:47:42.9506980Z [ 83%] Building CXX object tdutils/CMakeFiles/tdutils.dir/td/utils/MimeType.cpp.o
2026-10-05T08:47:42.9625710Z [ 83%] Linking CXX static library libtdutils.a
2026-10-05T08:47:42.9731610Z [ 83%] Built target tdutils
2026-10-05T08:47:42.9835340Z [ 88%] Building CXX object tde2e/CMakeFiles/tde2e.dir/td/e2e/BitString.cpp.o
2026-10-05T08:47:42.9939180Z [ 88%] Building CXX object tde2e/CMakeFiles/tde2e.dir/td/e2e/bip39.cpp.o
2026-10-05T08:47:43.0041750Z [ 88%] Building CXX object tde2e/CMakeFiles/tde2e.dir/td/e2e/Blockchain.cpp.o
2026-10-05T08:47:43.0162810Z [ 88%] Building CXX object tde2e/CMakeFiles/tde2e.dir/td/e2e/Call.cpp.o
2026-10-05T08:47:43.0266990Z [ 88%] Building CXX object tde2e/CMakeFiles/tde2e.dir/td/e2e/CheckSharedSecret.cpp.o
2026-10-05T08:47:43.0376290Z [ 88%] Building CXX object tde2e/CMakeFiles/tde2e.dir/td/e2e/DecryptedKey.cpp.o
2026-10-05T08:47:43.0481900Z [ 94%] Building CXX object tde2e/CMakeFiles/tde2e.dir/td/e2e/e2e_api.cpp.o
2026-10-05T08:47:43.0593440Z [ 94%] Building CXX object tde2e/CMakeFiles/tde2e.dir/td/e2e/EncryptedKey.cpp.o
2026-10-05T08:47:43.0694640Z [ 94%] Building CXX object tde2e/CMakeFiles/tde2e.dir/td/e2e/EncryptedStorage.cpp.o
2026-10-05T08:47:43.0802470Z [ 94%] Building CXX object tde2e/CMakeFiles/tde2e.dir/td/e2e/Keys.cpp.o
2026-10-05T08:47:43.0903610Z [ 94%] Building CXX object tde2e/CMakeFiles/tde2e.dir/td/e2e/MessageEncryption.cpp.o
2026-10-05T08:47:43.1004480Z [100%] Building CXX object tde2e/CMakeFiles/tde2e.dir/td/e2e/Mnemonic.cpp.o
2026-10-05T08:47:43.1105560Z [100%] Building CXX object tde2e/CMakeFiles/tde2e.dir/td/e2e/QRHandshake.cpp.o
2026-10-05T08:47:43.1207080Z [100%] Building CXX object tde2e/CMakeFiles/tde2e.dir/td/e2e/Trie.cpp.o
2026-10-05T08:47:43.1329320Z [100%] Building CXX object tde2e/CMakeFiles/tde2e.dir/__/td/generate/auto/td/telegram/e2e_api.cpp.o
2026-10-05T08:47:43.1431310Z [100%] Linking CXX static library libtde2e.a
2026-10-05T08:47:43.1531820Z [100%] Built target tde2e
2026-10-05T08:47:43.1635470Z INFO: From Compiling submodules/MozjpegBinding/Sources/MozjpegBinding.mm:
2026-10-05T08:47:43.1736970Z submodules/MozjpegBinding/Sources/MozjpegBinding.mm:25:21: warning: unused function 'JXLGetDistance' [-Wunused-function]
2026-10-05T08:47:43.1837360Z    25 | static inline float JXLGetDistance(int32_t quality) {
2026-10-05T08:47:43.1938470Z       |                     ^~~~~~~~~~~~~~
2026-10-05T08:47:43.2039090Z 1 warning generated.
2026-10-05T08:47:43.2168210Z [2,451 / 5,748] Executing genrule //third-party/libvpx:libvpx_build; 45s local, disk-cache ... (3 actions, 2 running)
2026-10-05T08:47:43.2276790Z [2,476 / 5,748] Executing genrule //third-party/libvpx:libvpx_build; 46s local, disk-cache ... (3 actions, 2 running)
2026-10-05T08:47:43.2383160Z [2,481 / 5,748] Executing genrule //third-party/libvpx:libvpx_build; 47s local, disk-cache ... (3 actions, 2 running)
2026-10-05T08:47:43.2504870Z [2,482 / 5,748] Executing genrule //third-party/libvpx:libvpx_build; 48s local, disk-cache ... (3 actions, 2 running)
2026-10-05T08:47:43.2626360Z [2,486 / 5,748] Executing genrule //third-party/libvpx:libvpx_build; 50s local, disk-cache ... (3 actions, 2 running)
2026-10-05T08:47:43.3274820Z [2,490 / 5,748] Executing genrule //third-party/libvpx:libvpx_build; 51s local, disk-cache ... (3 actions, 2 running)
2026-10-05T08:47:44.3365770Z [2,493 / 5,748] Executing genrule //third-party/libvpx:libvpx_build; 52s local, disk-cache ... (3 actions, 2 running)
2026-10-05T08:47:45.4364970Z [2,497 / 5,748] Executing genrule //third-party/libvpx:libvpx_build; 53s local, disk-cache ... (3 actions, 2 running)
2026-10-05T08:47:46.4847590Z [2,501 / 5,748] Executing genrule //third-party/libvpx:libvpx_build; 54s local, disk-cache ... (3 actions, 2 running)
2026-10-05T08:47:47.6222890Z [2,505 / 5,748] Executing genrule //third-party/libvpx:libvpx_build; 55s local, disk-cache ... (3 actions running)
2026-10-05T08:47:48.7174240Z [2,508 / 5,748] Executing genrule //third-party/libvpx:libvpx_build; 56s local, disk-cache ... (3 actions running)
2026-10-05T08:47:49.8465170Z [2,509 / 5,748] Executing genrule //third-party/libvpx:libvpx_build; 57s local, disk-cache ... (3 actions running)
2026-10-05T08:47:50.9230340Z [2,513 / 5,748] Executing genrule //third-party/libvpx:libvpx_build; 59s local, disk-cache ... (3 actions, 2 running)
2026-10-05T08:47:52.0953250Z [2,516 / 5,748] Executing genrule //third-party/libvpx:libvpx_build; 60s local, disk-cache ... (3 actions running)
2026-10-05T08:47:53.1448900Z [2,520 / 5,748] Executing genrule //third-party/libvpx:libvpx_build; 61s local, disk-cache ... (3 actions running)
2026-10-05T08:47:54.2027150Z [2,524 / 5,748] Executing genrule //third-party/libvpx:libvpx_build; 62s local, disk-cache ... (3 actions, 2 running)
2026-10-05T08:47:55.3147080Z [2,527 / 5,748] Executing genrule //third-party/libvpx:libvpx_build; 63s local, disk-cache ... (3 actions, 2 running)
2026-10-05T08:47:56.3840650Z [2,530 / 5,748] Executing genrule //third-party/libvpx:libvpx_build; 64s local, disk-cache ... (3 actions running)
2026-10-05T08:47:57.4559700Z [2,534 / 5,748] Executing genrule //third-party/libvpx:libvpx_build; 65s local, disk-cache ... (3 actions running)
2026-10-05T08:47:58.6071880Z [2,538 / 5,748] Executing genrule //third-party/libvpx:libvpx_build; 66s local, disk-cache ... (3 actions running)
2026-10-05T08:47:59.6120540Z [2,540 / 5,748] Executing genrule //third-party/libvpx:libvpx_build; 67s local, disk-cache ... (3 actions running)
2026-10-05T08:48:00.6342440Z [2,543 / 5,748] Executing genrule //third-party/libvpx:libvpx_build; 68s local, disk-cache ... (3 actions running)
2026-10-05T08:48:01.6291540Z [2,548 / 5,748] Executing genrule //third-party/libvpx:libvpx_build; 69s local, disk-cache ... (3 actions, 2 running)
2026-10-05T08:48:02.8408420Z [2,549 / 5,748] Executing genrule //third-party/libvpx:libvpx_build; 70s local, disk-cache ... (3 actions running)
2026-10-05T08:48:03.8821230Z [2,550 / 5,748] Executing genrule //third-party/libvpx:libvpx_build; 71s local, disk-cache ... (3 actions running)
2026-10-05T08:48:04.9487210Z [2,551 / 5,748] Executing genrule //third-party/libvpx:libvpx_build; 73s local, disk-cache ... (3 actions running)
2026-10-05T08:48:06.0846680Z [2,552 / 5,748] Executing genrule //third-party/libvpx:libvpx_build; 74s local, disk-cache ... (3 actions running)
2026-10-05T08:48:07.0912600Z [2,553 / 5,748] Executing genrule //third-party/libvpx:libvpx_build; 75s local, disk-cache ... (3 actions running)
2026-10-05T08:48:07.8372630Z INFO: From Executing genrule //third-party/libvpx:libvpx_build:
2026-10-05T08:48:07.8478700Z + '[' ios_arm64 == ios_armv7 ']'
2026-10-05T08:48:07.8607220Z + '[' ios_arm64 == ios_arm64 ']'
2026-10-05T08:48:07.8713180Z + BUILD_ARCH=arm64
2026-10-05T08:48:07.8834030Z + PLATFORM_HEADER_DIR=arm64-darwin-gcc
2026-10-05T08:48:07.8935370Z + BUILD_DIR=bazel-out/ios_arm64-opt-ios-arm64-min13.0-ST-57b073d392e5/bin/third-party/libvpx/build_arm64
2026-10-05T08:48:07.9036990Z + rm -rf bazel-out/ios_arm64-opt-ios-arm64-min13.0-ST-57b073d392e5/bin/third-party/libvpx/build_arm64
2026-10-05T08:48:07.9157400Z + mkdir -p bazel-out/ios_arm64-opt-ios-arm64-min13.0-ST-57b073d392e5/bin/third-party/libvpx/build_arm64
2026-10-05T08:48:07.9260570Z + YASM_DIR=bazel-out/ios_arm64-opt-ios-arm64-min13.0-ST-57b073d392e5/bin/third-party/libvpx/build_arm64/yasm
2026-10-05T08:48:07.9271100Z + rm -rf bazel-out/ios_arm64-opt-ios-arm64-min13.0-ST-57b073d392e5/bin/third-party/libvpx/build_arm64/yasm
2026-10-05T08:48:07.9374220Z + mkdir -p bazel-out/ios_arm64-opt-ios-arm64-min13.0-ST-57b073d392e5/bin/third-party/libvpx/build_arm64/yasm
2026-10-05T08:48:07.9481970Z + tar -xf bazel-out/darwin_arm64-opt-exec-ST-d57f47055a04/bin/third-party/yasm/yasm.tar -C bazel-out/ios_arm64-opt-ios-arm64-min13.0-ST-57b073d392e5/bin/third-party/libvpx/build_arm64/yasm
2026-10-05T08:48:07.9584560Z ++ pwd
2026-10-05T08:48:07.9687950Z ++ dirname bazel-out/ios_arm64-opt-ios-arm64-min13.0-ST-57b073d392e5/bin/third-party/libvpx/build_arm64/yasm
2026-10-05T08:48:07.9793570Z ++ basename bazel-out/ios_arm64-opt-ios-arm64-min13.0-ST-57b073d392e5/bin/third-party/libvpx/build_arm64/yasm
2026-10-05T08:48:07.9899580Z + ABS_YASM_DIR=/private/var/tmp/_bazel_telegram_ios/29e64aec8f64c22cffe1a8ef8cee6a69/execroot/_main/bazel-out/ios_arm64-opt-ios-arm64-min13.0-ST-57b073d392e5/bin/third-party/libvpx/build_arm64/yasm
2026-10-05T08:48:08.0007390Z + cp third-party/libvpx/build-libvpx-bazel.sh bazel-out/ios_arm64-opt-ios-arm64-min13.0-ST-57b073d392e5/bin/third-party/libvpx/build_arm64/
2026-10-05T08:48:08.0118620Z + cp third-party/libvpx/0001-Support-arm64-simulator.patch bazel-out/ios_arm64-opt-ios-arm64-min13.0-ST-57b073d392e5/bin/third-party/libvpx/build_arm64/
2026-10-05T08:48:08.0240050Z + SOURCE_PATH=third-party/libvpx/libvpx
2026-10-05T08:48:08.0365920Z + cp -R third-party/libvpx/libvpx bazel-out/ios_arm64-opt-ios-arm64-min13.0-ST-57b073d392e5/bin/third-party/libvpx/build_arm64/
2026-10-05T08:48:08.0516670Z + pushd bazel-out/ios_arm64-opt-ios-arm64-min13.0-ST-57b073d392e5/bin/third-party/libvpx/build_arm64/libvpx
2026-10-05T08:48:08.0622420Z + patch -p1
2026-10-05T08:48:08.0747560Z + popd
2026-10-05T08:48:08.0851970Z + mkdir -p bazel-out/ios_arm64-opt-ios-arm64-min13.0-ST-57b073d392e5/bin/third-party/libvpx/build_arm64/Public/libvpx
2026-10-05T08:48:08.0989470Z + PATH=/usr/bin:/bin:/usr/sbin:/sbin:/private/var/tmp/_bazel_telegram_ios/29e64aec8f64c22cffe1a8ef8cee6a69/execroot/_main/bazel-out/ios_arm64-opt-ios-arm64-min13.0-ST-57b073d392e5/bin/third-party/libvpx/build_arm64/yasm
2026-10-05T08:48:08.1093450Z + bash bazel-out/ios_arm64-opt-ios-arm64-min13.0-ST-57b073d392e5/bin/third-party/libvpx/build_arm64/build-libvpx-bazel.sh arm64 bazel-out/ios_arm64-opt-ios-arm64-min13.0-ST-57b073d392e5/bin/third-party/libvpx/build_arm64/libvpx bazel-out/ios_arm64-opt-ios-arm64-min13.0-ST-57b073d392e5/bin/third-party/libvpx/build_arm64
2026-10-05T08:48:08.1202690Z + ARCH=arm64
2026-10-05T08:48:08.1319950Z ++++ dirname bazel-out/ios_arm64-opt-ios-arm64-min13.0-ST-57b073d392e5/bin/third-party/libvpx/build_arm64/libvpx
2026-10-05T08:48:08.1427680Z +++ cd bazel-out/ios_arm64-opt-ios-arm64-min13.0-ST-57b073d392e5/bin/third-party/libvpx/build_arm64
2026-10-05T08:48:08.1529280Z +++ pwd -P
2026-10-05T08:48:08.1631220Z +++ basename bazel-out/ios_arm64-opt-ios-arm64-min13.0-ST-57b073d392e5/bin/third-party/libvpx/build_arm64/libvpx
2026-10-05T08:48:08.1733270Z ++ echo /private/var/tmp/_bazel_telegram_ios/29e64aec8f64c22cffe1a8ef8cee6a69/execroot/_main/bazel-out/ios_arm64-opt-ios-arm64-min13.0-ST-57b073d392e5/bin/third-party/libvpx/build_arm64/libvpx
2026-10-05T08:48:08.1835290Z + SOURCE_DIR=/private/var/tmp/_bazel_telegram_ios/29e64aec8f64c22cffe1a8ef8cee6a69/execroot/_main/bazel-out/ios_arm64-opt-ios-arm64-min13.0-ST-57b073d392e5/bin/third-party/libvpx/build_arm64/libvpx
2026-10-05T08:48:08.1937150Z ++++ dirname bazel-out/ios_arm64-opt-ios-arm64-min13.0-ST-57b073d392e5/bin/third-party/libvpx/build_arm64
2026-10-05T08:48:08.2039340Z +++ cd bazel-out/ios_arm64-opt-ios-arm64-min13.0-ST-57b073d392e5/bin/third-party/libvpx
2026-10-05T08:48:08.2140800Z +++ pwd -P
2026-10-05T08:48:08.2242190Z +++ basename bazel-out/ios_arm64-opt-ios-arm64-min13.0-ST-57b073d392e5/bin/third-party/libvpx/build_arm64
2026-10-05T08:48:08.2346480Z ++ echo /private/var/tmp/_bazel_telegram_ios/29e64aec8f64c22cffe1a8ef8cee6a69/execroot/_main/bazel-out/ios_arm64-opt-ios-arm64-min13.0-ST-57b073d392e5/bin/third-party/libvpx/build_arm64
2026-10-05T08:48:08.2449290Z + BUILD_DIR=/private/var/tmp/_bazel_telegram_ios/29e64aec8f64c22cffe1a8ef8cee6a69/execroot/_main/bazel-out/ios_arm64-opt-ios-arm64-min13.0-ST-57b073d392e5/bin/third-party/libvpx/build_arm64
2026-10-05T08:48:08.2551880Z + pushd /private/var/tmp/_bazel_telegram_ios/29e64aec8f64c22cffe1a8ef8cee6a69/execroot/_main/bazel-out/ios_arm64-opt-ios-arm64-min13.0-ST-57b073d392e5/bin/third-party/libvpx/build_arm64
2026-10-05T08:48:08.2652960Z + set -e
2026-10-05T08:48:08.2776900Z + devnull='> /dev/null 2>&1'
2026-10-05T08:48:08.2918420Z + BUILD_ROOT=_iosbuild
2026-10-05T08:48:08.3042770Z + CONFIGURE_ARGS='--disable-docs
2026-10-05T08:48:08.3184550Z                 --disable-examples
2026-10-05T08:48:08.3337100Z                 --disable-postproc
2026-10-05T08:48:08.3448980Z                 --disable-webm-io
2026-10-05T08:48:08.3553840Z                 --disable-vp9-highbitdepth
2026-10-05T08:48:08.3685990Z                 --disable-vp9-postproc
2026-10-05T08:48:08.3686540Z                 --disable-vp9-temporal-denoising
2026-10-05T08:48:08.3787820Z                 --disable-unit-tests
2026-10-05T08:48:08.3918000Z                 --enable-realtime-only
2026-10-05T08:48:08.4166050Z                 --enable-multi-res-encoding
2026-10-05T08:48:08.4281650Z                 --size-limit=8192x8192'
2026-10-05T08:48:08.4382730Z + DIST_DIR=_dist
2026-10-05T08:48:08.4485200Z + FRAMEWORK_DIR=VPX.framework
2026-10-05T08:48:08.4487250Z + FRAMEWORK_LIB=VPX.framework/VPX
2026-10-05T08:48:08.4589640Z + HEADER_DIR=VPX.framework/Headers/vpx
2026-10-05T08:48:08.4702490Z + SCRIPT_DIR=/private/var/tmp/_bazel_telegram_ios/29e64aec8f64c22cffe1a8ef8cee6a69/execroot/_main/bazel-out/ios_arm64-opt-ios-arm64-min13.0-ST-57b073d392e5/bin/third-party/libvpx/build_arm64/libvpx
2026-10-05T08:48:08.4818110Z + LIBVPX_SOURCE_DIR=/private/var/tmp/_bazel_telegram_ios/29e64aec8f64c22cffe1a8ef8cee6a69/execroot/_main/bazel-out/ios_arm64-opt-ios-arm64-min13.0-ST-57b073d392e5/bin/third-party/libvpx/build_arm64/libvpx
2026-10-05T08:48:08.4949610Z ++ pwd
2026-10-05T08:48:08.5066480Z + ORIG_PWD=/private/var/tmp/_bazel_telegram_ios/29e64aec8f64c22cffe1a8ef8cee6a69/execroot/_main/bazel-out/ios_arm64-opt-ios-arm64-min13.0-ST-57b073d392e5/bin/third-party/libvpx/build_arm64
2026-10-05T08:48:08.5185170Z + EXTRA_CONFIGURE_ARGS=
2026-10-05T08:48:08.5286230Z + '[' arm64 = armv7 ']'
2026-10-05T08:48:08.5387270Z + '[' arm64 = arm64 ']'
2026-10-05T08:48:08.5488560Z + TARGETS=arm64-darwin-gcc
2026-10-05T08:48:08.5590330Z ++ xcrun -sdk iphoneos -find lipo
2026-10-05T08:48:08.5647640Z + LIPO=/Applications/Xcode_26.2.app/Contents/Developer/Toolchains/XcodeDefault.xctoolchain/usr/bin/lipo
2026-10-05T08:48:08.5749010Z + build_framework arm64-darwin-gcc
2026-10-05T08:48:08.5850130Z + local lib_list=
2026-10-05T08:48:08.5909260Z + local targets=arm64-darwin-gcc
2026-10-05T08:48:08.6010850Z + local target=
2026-10-05T08:48:08.6100710Z + local target_dist_dir=
2026-10-05T08:48:08.6160860Z + rm -rf _iosbuild VPX.framework
2026-10-05T08:48:08.6262090Z + mkdir -p _iosbuild
2026-10-05T08:48:08.6352000Z + mkdir -p VPX.framework/Headers/vpx
2026-10-05T08:48:08.6401110Z + cd _iosbuild
2026-10-05T08:48:08.6502140Z + for target in '${targets}'
2026-10-05T08:48:08.6541460Z + build_target arm64-darwin-gcc
2026-10-05T08:48:08.6607340Z + local target=arm64-darwin-gcc
2026-10-05T08:48:08.6655430Z ++ pwd
2026-10-05T08:48:08.6753790Z + local old_pwd=/private/var/tmp/_bazel_telegram_ios/29e64aec8f64c22cffe1a8ef8cee6a69/execroot/_main/bazel-out/ios_arm64-opt-ios-arm64-min13.0-ST-57b073d392e5/bin/third-party/libvpx/build_arm64/_iosbuild
2026-10-05T08:48:08.6786430Z + local target_specific_flags=
2026-10-05T08:48:08.6822200Z + case "${target}" in
2026-10-05T08:48:08.6912370Z + mkdir arm64-darwin-gcc
2026-10-05T08:48:08.7014080Z + cd arm64-darwin-gcc
2026-10-05T08:48:08.7053730Z + eval /private/var/tmp/_bazel_telegram_ios/29e64aec8f64c22cffe1a8ef8cee6a69/execroot/_main/bazel-out/ios_arm64-opt-ios-arm64-min13.0-ST-57b073d392e5/bin/third-party/libvpx/build_arm64/libvpx/configure --target=arm64-darwin-gcc --disable-docs --disable-examples --disable-postproc --disable-webm-io --disable-vp9-highbitdepth --disable-vp9-postproc --disable-vp9-temporal-denoising --disable-unit-tests --enable-realtime-only --enable-multi-res-encoding --size-limit=8192x8192
2026-10-05T08:48:08.7152110Z ++ /private/var/tmp/_bazel_telegram_ios/29e64aec8f64c22cffe1a8ef8cee6a69/execroot/_main/bazel-out/ios_arm64-opt-ios-arm64-min13.0-ST-57b073d392e5/bin/third-party/libvpx/build_arm64/libvpx/configure --target=arm64-darwin-gcc --disable-docs --disable-examples --disable-postproc --disable-webm-io --disable-vp9-highbitdepth --disable-vp9-postproc --disable-vp9-temporal-denoising --disable-unit-tests --enable-realtime-only --enable-multi-res-encoding --size-limit=8192x8192
2026-10-05T08:48:08.7200780Z + export DIST_DIR
2026-10-05T08:48:08.7296110Z + eval make dist
2026-10-05T08:48:08.7402340Z ++ make dist
2026-10-05T08:48:08.7426500Z ld: warning: -bitcode_bundle is no longer supported and will be ignored
2026-10-05T08:48:08.7528660Z + cd /private/var/tmp/_bazel_telegram_ios/29e64aec8f64c22cffe1a8ef8cee6a69/execroot/_main/bazel-out/ios_arm64-opt-ios-arm64-min13.0-ST-57b073d392e5/bin/third-party/libvpx/build_arm64/_iosbuild
2026-10-05T08:48:08.7630440Z + target_dist_dir=_iosbuild/arm64-darwin-gcc/_dist
2026-10-05T08:48:08.7688970Z + local suffix=a
2026-10-05T08:48:08.7798550Z + lib_list=' _iosbuild/arm64-darwin-gcc/_dist/lib/libvpx.a'
2026-10-05T08:48:08.7921350Z + cd /private/var/tmp/_bazel_telegram_ios/29e64aec8f64c22cffe1a8ef8cee6a69/execroot/_main/bazel-out/ios_arm64-opt-ios-arm64-min13.0-ST-57b073d392e5/bin/third-party/libvpx/build_arm64
2026-10-05T08:48:08.7962630Z + cp -p _iosbuild/arm64-darwin-gcc/_dist/include/vpx/vp8.h _iosbuild/arm64-darwin-gcc/_dist/include/vpx/vp8cx.h _iosbuild/arm64-darwin-gcc/_dist/include/vpx/vp8dx.h _iosbuild/arm64-darwin-gcc/_dist/include/vpx/vpx_codec.h _iosbuild/arm64-darwin-gcc/_dist/include/vpx/vpx_decoder.h _iosbuild/arm64-darwin-gcc/_dist/include/vpx/vpx_encoder.h _iosbuild/arm64-darwin-gcc/_dist/include/vpx/vpx_ext_ratectrl.h _iosbuild/arm64-darwin-gcc/_dist/include/vpx/vpx_frame_buffer.h _iosbuild/arm64-darwin-gcc/_dist/include/vpx/vpx_image.h _iosbuild/arm64-darwin-gcc/_dist/include/vpx/vpx_integer.h _iosbuild/arm64-darwin-gcc/_dist/include/vpx/vpx_tpl.h VPX.framework/Headers/vpx
2026-10-05T08:48:08.8074030Z + '[' /Applications/Xcode_26.2.app/Contents/Developer/Toolchains/XcodeDefault.xctoolchain/usr/bin/lipo = cp ']'
2026-10-05T08:48:08.8179630Z + /Applications/Xcode_26.2.app/Contents/Developer/Toolchains/XcodeDefault.xctoolchain/usr/bin/lipo -create _iosbuild/arm64-darwin-gcc/_dist/lib/libvpx.a -output VPX.framework/VPX
2026-10-05T08:48:08.8301200Z + create_vpx_framework_config_shim arm64-darwin-gcc
2026-10-05T08:48:08.8415160Z + local targets=arm64-darwin-gcc
2026-10-05T08:48:08.8535600Z + local config_file=VPX.framework/Headers/vpx/vpx_config.h
2026-10-05T08:48:08.8637080Z + local preproc_symbol=
2026-10-05T08:48:08.8748430Z + local target=
2026-10-05T08:48:08.8881590Z + local include_guard=VPX_FRAMEWORK_HEADERS_VPX_VPX_CONFIG_H_
2026-10-05T08:48:08.8956780Z + local 'file_header=/*
2026-10-05T08:48:08.9059660Z  *  Copyright (c) The WebM project authors. All Rights Reserved.
2026-10-05T08:48:08.9163850Z  *
2026-10-05T08:48:08.9265360Z  *  Use of this source code is governed by a BSD-style license
2026-10-05T08:48:08.9344060Z  *  that can be found in the LICENSE file in the root of the source
2026-10-05T08:48:08.9460210Z  *  tree. An additional intellectual property rights grant can be found
2026-10-05T08:48:08.9527110Z  *  in the file PATENTS.  All contributing project authors may
2026-10-05T08:48:08.9630690Z  *  be found in the AUTHORS file in the root of the source tree.
2026-10-05T08:48:08.9733510Z  */
2026-10-05T08:48:08.9845040Z /* GENERATED FILE: DO NOT EDIT! */
2026-10-05T08:48:08.9947590Z #ifndef VPX_FRAMEWORK_HEADERS_VPX_VPX_CONFIG_H_
2026-10-05T08:48:09.0058240Z #define VPX_FRAMEWORK_HEADERS_VPX_VPX_CONFIG_H_
2026-10-05T08:48:09.0160760Z #if defined'
2026-10-05T08:48:09.0252690Z + printf %s '/*
2026-10-05T08:48:09.0346990Z  *  Copyright (c) The WebM project authors. All Rights Reserved.
2026-10-05T08:48:09.0395440Z  *
2026-10-05T08:48:09.0498060Z  *  Use of this source code is governed by a BSD-style license
2026-10-05T08:48:09.0521810Z  *  that can be found in the LICENSE file in the root of the source
2026-10-05T08:48:09.0623020Z  *  tree. An additional intellectual property rights grant can be found
2026-10-05T08:48:09.0724470Z  *  in the file PATENTS.  All contributing project authors may
2026-10-05T08:48:09.0771050Z  *  be found in the AUTHORS file in the root of the source tree.
2026-10-05T08:48:09.0872580Z  */
2026-10-05T08:48:09.0974570Z /* GENERATED FILE: DO NOT EDIT! */
2026-10-05T08:48:09.1067280Z #ifndef VPX_FRAMEWORK_HEADERS_VPX_VPX_CONFIG_H_
2026-10-05T08:48:09.1169330Z #define VPX_FRAMEWORK_HEADERS_VPX_VPX_CONFIG_H_
2026-10-05T08:48:09.1210240Z #if defined'
2026-10-05T08:48:09.1239730Z + for target in '${targets}'
2026-10-05T08:48:09.1337540Z ++ target_to_preproc_symbol arm64-darwin-gcc
2026-10-05T08:48:09.1438520Z ++ target=arm64-darwin-gcc
2026-10-05T08:48:09.1539050Z ++ case "${target}" in
2026-10-05T08:48:09.1645850Z ++ echo __aarch64__
2026-10-05T08:48:09.1684560Z + preproc_symbol=__aarch64__
2026-10-05T08:48:09.1785740Z + printf ' __aarch64__\n'
2026-10-05T08:48:09.1887530Z + printf '#define VPX_FRAMEWORK_TARGET "arm64-darwin-gcc"\n'
2026-10-05T08:48:09.1988920Z + printf '#include "VPX/vpx/arm64-darwin-gcc/vpx_config.h"\n'
2026-10-05T08:48:09.2040700Z + printf '#elif defined'
2026-10-05T08:48:09.2144670Z + mkdir VPX.framework/Headers/vpx/arm64-darwin-gcc
2026-10-05T08:48:09.2249940Z + cp -p _iosbuild/arm64-darwin-gcc/vpx_config.h VPX.framework/Headers/vpx/arm64-darwin-gcc
2026-10-05T08:48:09.2357160Z + sed -i.bak -e '$d' VPX.framework/Headers/vpx/vpx_config.h
2026-10-05T08:48:09.2479000Z + rm VPX.framework/Headers/vpx/vpx_config.h.bak
2026-10-05T08:48:09.2609320Z + printf '#endif\n\n'
2026-10-05T08:48:09.2654610Z + printf '#endif  // VPX_FRAMEWORK_HEADERS_VPX_VPX_CONFIG_H_'
2026-10-05T08:48:09.2753930Z + cp -p _iosbuild/arm64-darwin-gcc/vpx_version.h VPX.framework/Headers/vpx
2026-10-05T08:48:09.2828600Z + popd
2026-10-05T08:48:09.2905340Z + cp -f bazel-out/ios_arm64-opt-ios-arm64-min13.0-ST-57b073d392e5/bin/third-party/libvpx/build_arm64/VPX.framework/Headers/vpx/vp8.h bazel-out/ios_arm64-opt-ios-arm64-min13.0-ST-57b073d392e5/bin/third-party/libvpx/Public/vpx/vp8.h
2026-10-05T08:48:09.2993760Z + cp -f bazel-out/ios_arm64-opt-ios-arm64-min13.0-ST-57b073d392e5/bin/third-party/libvpx/build_arm64/VPX.framework/Headers/vpx/vp8cx.h bazel-out/ios_arm64-opt-ios-arm64-min13.0-ST-57b073d392e5/bin/third-party/libvpx/Public/vpx/vp8cx.h
2026-10-05T08:48:09.3075520Z + cp -f bazel-out/ios_arm64-opt-ios-arm64-min13.0-ST-57b073d392e5/bin/third-party/libvpx/build_arm64/VPX.framework/Headers/vpx/vp8dx.h bazel-out/ios_arm64-opt-ios-arm64-min13.0-ST-57b073d392e5/bin/third-party/libvpx/Public/vpx/vp8dx.h
2026-10-05T08:48:09.3214810Z + cp -f bazel-out/ios_arm64-opt-ios-arm64-min13.0-ST-57b073d392e5/bin/third-party/libvpx/build_arm64/VPX.framework/Headers/vpx/vpx_codec.h bazel-out/ios_arm64-opt-ios-arm64-min13.0-ST-57b073d392e5/bin/third-party/libvpx/Public/vpx/vpx_codec.h
2026-10-05T08:48:09.3356180Z + cp -f bazel-out/ios_arm64-opt-ios-arm64-min13.0-ST-57b073d392e5/bin/third-party/libvpx/build_arm64/VPX.framework/Headers/vpx/vpx_decoder.h bazel-out/ios_arm64-opt-ios-arm64-min13.0-ST-57b073d392e5/bin/third-party/libvpx/Public/vpx/vpx_decoder.h
2026-10-05T08:48:09.3392850Z + cp -f bazel-out/ios_arm64-opt-ios-arm64-min13.0-ST-57b073d392e5/bin/third-party/libvpx/build_arm64/VPX.framework/Headers/vpx/vpx_encoder.h bazel-out/ios_arm64-opt-ios-arm64-min13.0-ST-57b073d392e5/bin/third-party/libvpx/Public/vpx/vpx_encoder.h
2026-10-05T08:48:09.3482900Z + cp -f bazel-out/ios_arm64-opt-ios-arm64-min13.0-ST-57b073d392e5/bin/third-party/libvpx/build_arm64/VPX.framework/Headers/vpx/vpx_frame_buffer.h bazel-out/ios_arm64-opt-ios-arm64-min13.0-ST-57b073d392e5/bin/third-party/libvpx/Public/vpx/vpx_frame_buffer.h
2026-10-05T08:48:09.3588430Z + cp -f bazel-out/ios_arm64-opt-ios-arm64-min13.0-ST-57b073d392e5/bin/third-party/libvpx/build_arm64/VPX.framework/Headers/vpx/vpx_image.h bazel-out/ios_arm64-opt-ios-arm64-min13.0-ST-57b073d392e5/bin/third-party/libvpx/Public/vpx/vpx_image.h
2026-10-05T08:48:09.3655600Z + cp -f bazel-out/ios_arm64-opt-ios-arm64-min13.0-ST-57b073d392e5/bin/third-party/libvpx/build_arm64/VPX.framework/Headers/vpx/vpx_integer.h bazel-out/ios_arm64-opt-ios-arm64-min13.0-ST-57b073d392e5/bin/third-party/libvpx/Public/vpx/vpx_integer.h
2026-10-05T08:48:09.3790980Z + cp -f bazel-out/ios_arm64-opt-ios-arm64-min13.0-ST-57b073d392e5/bin/third-party/libvpx/build_arm64/VPX.framework/Headers/vpx/vpx_version.h bazel-out/ios_arm64-opt-ios-arm64-min13.0-ST-57b073d392e5/bin/third-party/libvpx/Public/vpx/vpx_version.h
2026-10-05T08:48:09.3925740Z + cp -f bazel-out/ios_arm64-opt-ios-arm64-min13.0-ST-57b073d392e5/bin/third-party/libvpx/build_arm64/VPX.framework/Headers/vpx/vpx_ext_ratectrl.h bazel-out/ios_arm64-opt-ios-arm64-min13.0-ST-57b073d392e5/bin/third-party/libvpx/Public/vpx/vpx_ext_ratectrl.h
2026-10-05T08:48:09.4028310Z + cp -f bazel-out/ios_arm64-opt-ios-arm64-min13.0-ST-57b073d392e5/bin/third-party/libvpx/build_arm64/VPX.framework/Headers/vpx/vpx_tpl.h bazel-out/ios_arm64-opt-ios-arm64-min13.0-ST-57b073d392e5/bin/third-party/libvpx/Public/vpx/vpx_tpl.h
2026-10-05T08:48:09.4132930Z + cp -f bazel-out/ios_arm64-opt-ios-arm64-min13.0-ST-57b073d392e5/bin/third-party/libvpx/build_arm64/VPX.framework/VPX bazel-out/ios_arm64-opt-ios-arm64-min13.0-ST-57b073d392e5/bin/third-party/libvpx/Public/vpx/libVPX.a
2026-10-05T08:48:09.4237020Z + cp -f bazel-out/ios_arm64-opt-ios-arm64-min13.0-ST-57b073d392e5/bin/third-party/libvpx/build_arm64/VPX.framework/Headers/vpx/arm64-darwin-gcc/vpx_config.h bazel-out/ios_arm64-opt-ios-arm64-min13.0-ST-57b073d392e5/bin/third-party/libvpx/Public/vpx/vpx_config.h
2026-10-05T08:48:09.4345220Z /private/var/tmp/_bazel_telegram_ios/29e64aec8f64c22cffe1a8ef8cee6a69/execroot/_main/bazel-out/ios_arm64-opt-ios-arm64-min13.0-ST-57b073d392e5/bin/third-party/libvpx/build_arm64/libvpx /private/var/tmp/_bazel_telegram_ios/29e64aec8f64c22cffe1a8ef8cee6a69/execroot/_main
2026-10-05T08:48:09.4448110Z patching file 'build/make/configure.sh'
2026-10-05T08:48:09.4535850Z patching file configure
2026-10-05T08:48:09.4637320Z /private/var/tmp/_bazel_telegram_ios/29e64aec8f64c22cffe1a8ef8cee6a69/execroot/_main
2026-10-05T08:48:09.4740890Z /private/var/tmp/_bazel_telegram_ios/29e64aec8f64c22cffe1a8ef8cee6a69/execroot/_main/bazel-out/ios_arm64-opt-ios-arm64-min13.0-ST-57b073d392e5/bin/third-party/libvpx/build_arm64 /private/var/tmp/_bazel_telegram_ios/29e64aec8f64c22cffe1a8ef8cee6a69/execroot/_main
2026-10-05T08:48:09.4842860Z   disabling docs
2026-10-05T08:48:09.4944020Z   disabling examples
2026-10-05T08:48:09.5045190Z   disabling postproc
2026-10-05T08:48:09.5147770Z   disabling webm_io
2026-10-05T08:48:09.5257310Z   disabling vp9_highbitdepth
2026-10-05T08:48:09.5359130Z   disabling vp9_postproc
2026-10-05T08:48:09.5485450Z   disabling vp9_temporal_denoising
2026-10-05T08:48:09.5546210Z   disabling unit_tests
2026-10-05T08:48:09.5659110Z   enabling realtime_only
2026-10-05T08:48:09.5761760Z   enabling multi_res_encoding
2026-10-05T08:48:09.5892420Z   enabling vp8_encoder
2026-10-05T08:48:09.6003410Z   enabling vp8_decoder
2026-10-05T08:48:09.6411390Z   enabling vp9_encoder
2026-10-05T08:48:09.6432310Z   enabling vp9_decoder
2026-10-05T08:48:09.6449070Z Configuring for target 'arm64-darwin-gcc'
2026-10-05T08:48:09.6450020Z   enabling arm64
2026-10-05T08:48:09.6450940Z   enabling neon
2026-10-05T08:48:09.6451720Z Creating makefiles for arm64-darwin-gcc libs
2026-10-05T08:48:09.6452790Z Creating makefiles for arm64-darwin-gcc tools
2026-10-05T08:48:09.6454000Z     [CREATE] vpx_scale_rtcd.h
2026-10-05T08:48:09.6454750Z     [CREATE] vpx_dsp_rtcd.h
2026-10-05T08:48:09.6455470Z     [CREATE] vp8_rtcd.h
2026-10-05T08:48:09.6457610Z     [CREATE] vp9_rtcd.h
2026-10-05T08:48:09.6467090Z     [DEP] vp8/vp8_ratectrl_rtc.cc.d
2026-10-05T08:48:09.6467500Z     [DEP] vp9/ratectrl_rtc.cc.d
2026-10-05T08:48:09.6467870Z     [DEP] vp8/encoder/arm/neon/vp8_shortwalsh4x4_neon.c.d
2026-10-05T08:48:09.6468270Z     [DEP] vp8/encoder/arm/neon/shortfdct_neon.c.d
2026-10-05T08:48:09.6468660Z     [DEP] vp8/encoder/arm/neon/fastquantizeb_neon.c.d
2026-10-05T08:48:09.6469120Z     [DEP] vp8/encoder/arm/neon/denoising_neon.c.d
2026-10-05T08:48:09.6471130Z     [DEP] vp8/encoder/mr_dissim.c.d
2026-10-05T08:48:09.6472020Z     [DEP] vp8/encoder/treewriter.c.d
2026-10-05T08:48:09.6472370Z     [DEP] vp8/encoder/tokenize.c.d
2026-10-05T08:48:09.6472730Z     [DEP] vp8/common/vp8_skin_detection.c.d
2026-10-05T08:48:09.6473090Z     [DEP] vp8/encoder/segmentation.c.d
2026-10-05T08:48:09.6473420Z     [DEP] vp8/encoder/rdopt.c.d
2026-10-05T08:48:09.6473840Z     [DEP] vp8/encoder/ratectrl.c.d
2026-10-05T08:48:09.6582660Z     [DEP] vp8/encoder/vp8_quantize.c.d
2026-10-05T08:48:09.6695780Z     [DEP] vp8/encoder/picklpf.c.d
2026-10-05T08:48:09.6721070Z     [DEP] vp8/encoder/pickinter.c.d
2026-10-05T08:48:09.6722330Z     [DEP] vp8/encoder/onyx_if.c.d
2026-10-05T08:48:09.6744310Z     [DEP] vp8/encoder/modecosts.c.d
2026-10-05T08:48:09.6749290Z     [DEP] vp8/encoder/mcomp.c.d
2026-10-05T08:48:09.6750340Z     [DEP] vp8/encoder/lookahead.c.d
2026-10-05T08:48:09.6751440Z     [DEP] vp8/encoder/denoising.c.d
2026-10-05T08:48:09.6752380Z     [DEP] vp8/encoder/ethreading.c.d
2026-10-05T08:48:09.6753470Z     [DEP] vp8/encoder/encodemv.c.d
2026-10-05T08:48:09.6754310Z     [DEP] vp8/encoder/encodemb.c.d
2026-10-05T08:48:09.6755360Z     [DEP] vp8/encoder/encodeintra.c.d
2026-10-05T08:48:09.6763420Z     [DEP] vp8/encoder/encodeframe.c.d
2026-10-05T08:48:09.6764060Z     [DEP] vp8/encoder/dct.c.d
2026-10-05T08:48:09.6764520Z     [DEP] vp8/encoder/copy_c.c.d
2026-10-05T08:48:09.6764970Z     [DEP] vp8/encoder/boolhuff.c.d
2026-10-05T08:48:09.6765390Z     [DEP] vp8/encoder/bitstream.c.d
2026-10-05T08:48:09.6766470Z     [DEP] vp8/vp8_cx_iface.c.d
2026-10-05T08:48:09.6767460Z     [DEP] vp8/common/arm/neon/sixtappredict_neon.c.d
2026-10-05T08:48:09.6767990Z     [DEP] vp8/common/arm/neon/shortidct4x4llm_neon.c.d
2026-10-05T08:48:09.6768530Z     [DEP] vp8/common/arm/neon/mbloopfilter_neon.c.d
2026-10-05T08:48:09.6769040Z     [DEP] vp8/common/arm/neon/loopfiltersimpleverticaledge_neon.c.d
2026-10-05T08:48:09.6769680Z     [DEP] vp8/common/arm/neon/loopfiltersimplehorizontaledge_neon.c.d
2026-10-05T08:48:09.6770210Z     [DEP] vp8/common/arm/neon/vp8_loopfilter_neon.c.d
2026-10-05T08:48:09.6770740Z     [DEP] vp8/common/arm/neon/iwalsh_neon.c.d
2026-10-05T08:48:09.6771200Z     [DEP] vp8/common/arm/neon/idct_blk_neon.c.d
2026-10-05T08:48:09.6771630Z     [DEP] vp8/common/arm/neon/dequantizeb_neon.c.d
2026-10-05T08:48:09.6778290Z     [DEP] vp8/common/arm/neon/dequant_idct_neon.c.d
2026-10-05T08:48:09.6778770Z     [DEP] vp8/common/arm/neon/dc_only_idct_add_neon.c.d
2026-10-05T08:48:09.6779220Z     [DEP] vp8/common/arm/neon/copymem_neon.c.d
2026-10-05T08:48:09.6779710Z     [DEP] vp8/common/arm/neon/bilinearpredict_neon.c.d
2026-10-05T08:48:09.6780190Z     [DEP] vp8/common/arm/loopfilter_arm.c.d
2026-10-05T08:48:09.6780530Z     [DEP] vp8/common/treecoder.c.d
2026-10-05T08:48:09.6780860Z     [DEP] vp8/common/swapyv12buffer.c.d
2026-10-05T08:48:09.6781640Z     [DEP] vp8/common/setupintrarecon.c.d
2026-10-05T08:48:09.6782010Z     [DEP] vp8/common/reconintra4x4.c.d
2026-10-05T08:48:09.6785660Z     [DEP] vp8/common/reconintra.c.d
2026-10-05T08:48:09.6786620Z     [DEP] vp8/common/reconinter.c.d
2026-10-05T08:48:09.6787440Z     [DEP] vp8/common/quant_common.c.d
2026-10-05T08:48:09.6788330Z     [DEP] vp8/common/modecont.c.d
2026-10-05T08:48:09.6789210Z     [DEP] vp8/common/mbpitch.c.d
2026-10-05T08:48:09.6792930Z     [DEP] vp8/common/loopfilter_filters.c.d
2026-10-05T08:48:09.6793350Z     [DEP] vp8/common/vp8_loopfilter.c.d
2026-10-05T08:48:09.6793710Z     [DEP] vp8/common/rtcd.c.d
2026-10-05T08:48:09.6794370Z     [DEP] vp8/common/idctllm.c.d
2026-10-05T08:48:09.6794700Z     [DEP] vp8/common/idct_blk.c.d
2026-10-05T08:48:09.6795050Z     [DEP] vp8/common/generic/systemdependent.c.d
2026-10-05T08:48:09.6795430Z     [DEP] vp8/common/findnearmv.c.d
2026-10-05T08:48:09.6795760Z     [DEP] vp8/common/filter.c.d
2026-10-05T08:48:09.6796070Z     [DEP] vp8/common/extend.c.d
2026-10-05T08:48:09.6796450Z     [DEP] vp8/common/entropymv.c.d
2026-10-05T08:48:09.6796820Z     [DEP] vp8/common/entropymode.c.d
2026-10-05T08:48:09.6797220Z     [DEP] vp8/common/entropy.c.d
2026-10-05T08:48:09.6799110Z     [DEP] vp8/common/dequantize.c.d
2026-10-05T08:48:09.6800060Z     [DEP] vp8/common/blockd.c.d
2026-10-05T08:48:09.6800900Z     [DEP] vp8/common/alloccommon.c.d
2026-10-05T08:48:09.6801790Z     [DEP] vp9/encoder/arm/neon/vp9_quantize_neon.c.d
2026-10-05T08:48:09.6802760Z     [DEP] vp9/encoder/arm/neon/vp9_frame_scale_neon.c.d
2026-10-05T08:48:09.6803720Z     [DEP] vp9/encoder/arm/neon/vp9_error_neon.c.d
2026-10-05T08:48:09.6804690Z     [DEP] vp9/encoder/arm/neon/vp9_dct_neon.c.d
2026-10-05T08:48:09.6805650Z     [DEP] vp9/encoder/arm/neon/vp9_diamond_search_sad_neon.c.d
2026-10-05T08:48:09.6806730Z     [DEP] vp9/encoder/vp9_tpl_model.c.d
2026-10-05T08:48:09.6811200Z     [DEP] vp9/encoder/vp9_ext_ratectrl.c.d
2026-10-05T08:48:09.6812860Z     [DEP] vp9/encoder/vp9_noise_estimate.c.d
2026-10-05T08:48:09.6813760Z     [DEP] vp9/encoder/vp9_skin_detection.c.d
2026-10-05T08:48:09.6814680Z     [DEP] vp9/encoder/vp9_aq_cyclicrefresh.c.d
2026-10-05T08:48:09.6815560Z     [DEP] vp9/encoder/vp9_treewriter.c.d
2026-10-05T08:48:09.6816490Z     [DEP] vp9/encoder/vp9_tokenize.c.d
2026-10-05T08:48:09.6938480Z     [DEP] vp9/encoder/vp9_resize.c.d
2026-10-05T08:48:09.7058490Z     [DEP] vp9/encoder/vp9_svc_layercontext.c.d
2026-10-05T08:48:09.7136370Z     [DEP] vp9/encoder/vp9_subexp.c.d
2026-10-05T08:48:09.7243860Z     [DEP] vp9/encoder/vp9_speed_features.c.d
2026-10-05T08:48:09.7277350Z     [DEP] vp9/encoder/vp9_segmentation.c.d
2026-10-05T08:48:09.7380510Z     [DEP] vp9/encoder/vp9_pickmode.c.d
2026-10-05T08:48:09.7486820Z     [DEP] vp9/encoder/vp9_rdopt.c.d
2026-10-05T08:48:09.7610540Z     [DEP] vp9/encoder/vp9_rd.c.d
2026-10-05T08:48:09.7671760Z     [DEP] vp9/encoder/vp9_ratectrl.c.d
2026-10-05T08:48:09.7673200Z     [DEP] vp9/encoder/vp9_quantize.c.d
2026-10-05T08:48:09.7673670Z     [DEP] vp9/encoder/vp9_picklpf.c.d
2026-10-05T08:48:09.7700870Z     [DEP] vp9/encoder/vp9_encoder.c.d
2026-10-05T08:48:09.7745370Z     [DEP] vp9/encoder/vp9_mcomp.c.d
2026-10-05T08:48:09.7753320Z     [DEP] vp9/encoder/vp9_multi_thread.c.d
2026-10-05T08:48:09.7755410Z     [DEP] vp9/encoder/vp9_lookahead.c.d
2026-10-05T08:48:09.7856460Z     [DEP] vp9/encoder/vp9_frame_scale.c.d
2026-10-05T08:48:09.7894430Z     [DEP] vp9/encoder/vp9_extend.c.d
2026-10-05T08:48:09.7896350Z     [DEP] vp9/encoder/vp9_ethread.c.d
2026-10-05T08:48:09.7997880Z     [DEP] vp9/encoder/vp9_encodemv.c.d
2026-10-05T08:48:09.8011830Z     [DEP] vp9/encoder/vp9_encodemb.c.d
2026-10-05T08:48:09.8015560Z     [DEP] vp9/encoder/vp9_encodeframe.c.d
2026-10-05T08:48:09.8116510Z     [DEP] vp9/encoder/vp9_dct.c.d
2026-10-05T08:48:09.8217370Z     [DEP] vp9/encoder/vp9_cost.c.d
2026-10-05T08:48:09.8292290Z     [DEP] vp9/encoder/vp9_context_tree.c.d
2026-10-05T08:48:09.8296000Z     [DEP] vp9/encoder/vp9_bitstream.c.d
2026-10-05T08:48:09.8297720Z     [DEP] vp9/vp9_cx_iface.c.d
2026-10-05T08:48:09.8398660Z     [DEP] vp9/common/arm/neon/vp9_iht16x16_add_neon.c.d
2026-10-05T08:48:09.8499590Z     [DEP] vp9/common/arm/neon/vp9_iht8x8_add_neon.c.d
2026-10-05T08:48:09.8600660Z     [DEP] vp9/common/arm/neon/vp9_iht4x4_add_neon.c.d
2026-10-05T08:48:09.8701630Z     [DEP] vp9/common/vp9_scan.c.d
2026-10-05T08:48:09.8802540Z     [DEP] vp9/common/vp9_common_data.c.d
2026-10-05T08:48:09.8903460Z     [DEP] vp9/common/vp9_reconintra.c.d
2026-10-05T08:48:09.9004460Z     [DEP] vp9/common/vp9_reconinter.c.d
2026-10-05T08:48:09.9105400Z     [DEP] vp9/common/vp9_quant_common.c.d
2026-10-05T08:48:09.9206250Z     [DEP] vp9/common/vp9_mvref_common.c.d
2026-10-05T08:48:09.9308130Z     [DEP] vp9/common/vp9_thread_common.c.d
2026-10-05T08:48:09.9406980Z     [DEP] vp9/common/vp9_loopfilter.c.d
2026-10-05T08:48:09.9509850Z     [DEP] vp9/common/vp9_tile_common.c.d
2026-10-05T08:48:09.9610890Z     [DEP] vp9/common/vp9_seg_common.c.d
2026-10-05T08:48:09.9712210Z     [DEP] vp9/common/vp9_scale.c.d
2026-10-05T08:48:09.9814240Z     [DEP] vp9/common/vp9_rtcd.c.d
2026-10-05T08:48:09.9915020Z     [DEP] vp9/common/vp9_pred_common.c.d
2026-10-05T08:48:10.0015530Z     [DEP] vp9/common/vp9_filter.c.d
2026-10-05T08:48:10.0116730Z     [DEP] vp9/common/vp9_idct.c.d
2026-10-05T08:48:10.0234910Z     [DEP] vp9/common/vp9_frame_buffers.c.d
2026-10-05T08:48:10.0355920Z     [DEP] vp9/common/vp9_entropymv.c.d
2026-10-05T08:48:10.0465270Z     [DEP] vp9/common/vp9_entropymode.c.d
2026-10-05T08:48:10.0545230Z     [DEP] vp9/common/vp9_entropy.c.d
2026-10-05T08:48:10.0613340Z     [DEP] vp9/common/vp9_blockd.c.d
2026-10-05T08:48:10.0649850Z     [DEP] vp9/common/vp9_alloccommon.c.d
2026-10-05T08:48:10.0692030Z     [DEP] vp9/vp9_iface_common.c.d
2026-10-05T08:48:10.0723600Z     [DEP] vpx_config.c.d
2026-10-05T08:48:10.0800880Z     [DEP] vp9/decoder/vp9_job_queue.c.d
2026-10-05T08:48:10.0868840Z     [DEP] vp9/decoder/vp9_dsubexp.c.d
2026-10-05T08:48:10.0901470Z     [DEP] vp9/decoder/vp9_decoder.c.d
2026-10-05T08:48:10.0925130Z     [DEP] vp9/decoder/vp9_detokenize.c.d
2026-10-05T08:48:10.0955120Z     [DEP] vp9/decoder/vp9_decodeframe.c.d
2026-10-05T08:48:10.1010870Z     [DEP] vp9/decoder/vp9_decodemv.c.d
2026-10-05T08:48:10.1026540Z     [DEP] vp9/vp9_dx_iface.c.d
2026-10-05T08:48:10.1044950Z     [DEP] vp8/decoder/threading.c.d
2026-10-05T08:48:10.1130290Z     [DEP] vp8/decoder/onyxd_if.c.d
2026-10-05T08:48:10.1141430Z     [DEP] vp8/decoder/detokenize.c.d
2026-10-05T08:48:10.1170670Z     [DEP] vp8/decoder/decodeframe.c.d
2026-10-05T08:48:10.1193450Z     [DEP] vp8/decoder/decodemv.c.d
2026-10-05T08:48:10.1222390Z     [DEP] vp8/decoder/dboolhuff.c.d
2026-10-05T08:48:10.1234830Z     [DEP] vp8/vp8_dx_iface.c.d
2026-10-05T08:48:10.1241050Z     [DEP] vpx_util/vpx_write_yuv_frame.c.d
2026-10-05T08:48:10.1277090Z     [DEP] vpx_util/vpx_thread.c.d
2026-10-05T08:48:10.1328110Z     [DEP] vpx_dsp/vpx_dsp_rtcd.c.d
2026-10-05T08:48:10.1344530Z     [DEP] vpx_dsp/arm/variance_neon.c.d
2026-10-05T08:48:10.1432350Z     [DEP] vpx_dsp/arm/subpel_variance_neon.c.d
2026-10-05T08:48:10.1444350Z     [DEP] vpx_dsp/arm/avg_pred_neon.c.d
2026-10-05T08:48:10.1449730Z     [DEP] vpx_dsp/variance.c.d
2026-10-05T08:48:10.1456490Z     [DEP] vpx_dsp/arm/subtract_neon.c.d
2026-10-05T08:48:10.1466840Z     [DEP] vpx_dsp/arm/sad_neon.c.d
2026-10-05T08:48:10.1570000Z     [DEP] vpx_dsp/arm/sad4d_neon.c.d
2026-10-05T08:48:10.1604160Z     [DEP] vpx_dsp/arm/sum_squares_neon.c.d
2026-10-05T08:48:10.1618390Z     [DEP] vpx_dsp/sum_squares.c.d
2026-10-05T08:48:10.1712630Z     [DEP] vpx_dsp/subtract.c.d
2026-10-05T08:48:10.1729030Z     [DEP] vpx_dsp/sad.c.d
2026-10-05T08:48:10.1733310Z     [DEP] vpx_dsp/skin_detection.c.d
2026-10-05T08:48:10.1744380Z     [DEP] vpx_dsp/arm/hadamard_neon.c.d
2026-10-05T08:48:10.1762820Z     [DEP] vpx_dsp/arm/avg_neon.c.d
2026-10-05T08:48:10.1791080Z     [DEP] vpx_dsp/avg.c.d
2026-10-05T08:48:10.1800740Z     [DEP] vpx_dsp/arm/quantize_neon.c.d
2026-10-05T08:48:10.1809130Z     [DEP] vpx_dsp/quantize.c.d
2026-10-05T08:48:10.1818040Z     [DEP] vpx_dsp/arm/idct32x32_add_neon.c.d
2026-10-05T08:48:10.1821710Z     [DEP] vpx_dsp/arm/idct32x32_135_add_neon.c.d
2026-10-05T08:48:10.1834580Z     [DEP] vpx_dsp/arm/idct32x32_34_add_neon.c.d
2026-10-05T08:48:10.1867880Z     [DEP] vpx_dsp/arm/idct32x32_1_add_neon.c.d
2026-10-05T08:48:10.1879830Z     [DEP] vpx_dsp/arm/idct16x16_add_neon.c.d
2026-10-05T08:48:10.1910900Z     [DEP] vpx_dsp/arm/idct16x16_1_add_neon.c.d
2026-10-05T08:48:10.1915730Z     [DEP] vpx_dsp/arm/idct8x8_add_neon.c.d
2026-10-05T08:48:10.1928720Z     [DEP] vpx_dsp/arm/idct8x8_1_add_neon.c.d
2026-10-05T08:48:10.1949070Z     [DEP] vpx_dsp/arm/idct4x4_add_neon.c.d
2026-10-05T08:48:10.1962030Z     [DEP] vpx_dsp/arm/idct4x4_1_add_neon.c.d
2026-10-05T08:48:10.2016460Z     [DEP] vpx_dsp/inv_txfm.c.d
2026-10-05T08:48:10.2030730Z     [DEP] vpx_dsp/arm/fdct_partial_neon.c.d
2026-10-05T08:48:10.2103670Z     [DEP] vpx_dsp/arm/fdct32x32_neon.c.d
2026-10-05T08:48:10.2116420Z     [DEP] vpx_dsp/arm/fdct16x16_neon.c.d
2026-10-05T08:48:10.2127940Z     [DEP] vpx_dsp/arm/fdct8x8_neon.c.d
2026-10-05T08:48:10.2161410Z     [DEP] vpx_dsp/arm/fdct4x4_neon.c.d
2026-10-05T08:48:10.2192880Z     [DEP] vpx_dsp/fwd_txfm.c.d
2026-10-05T08:48:10.2205100Z     [DEP] vpx_dsp/arm/loopfilter_neon.c.d
2026-10-05T08:48:10.2209330Z     [DEP] vpx_dsp/loopfilter.c.d
2026-10-05T08:48:10.2222380Z     [DEP] vpx_dsp/arm/vpx_convolve_neon.c.d
2026-10-05T08:48:10.2240960Z     [DEP] vpx_dsp/arm/vpx_convolve_avg_neon.c.d
2026-10-05T08:48:10.2258350Z     [DEP] vpx_dsp/arm/vpx_convolve8_neon.c.d
2026-10-05T08:48:10.2288120Z     [DEP] vpx_dsp/arm/vpx_convolve_copy_neon.c.d
2026-10-05T08:48:10.2297690Z     [DEP] vpx_dsp/arm/vpx_scaled_convolve8_neon.c.d
2026-10-05T08:48:10.2310540Z     [DEP] vpx_dsp/vpx_convolve.c.d
2026-10-05T08:48:10.2323150Z     [DEP] vpx_dsp/arm/intrapred_neon.c.d
2026-10-05T08:48:10.2341830Z     [DEP] vpx_dsp/intrapred.c.d
2026-10-05T08:48:10.2348640Z     [DEP] vpx_dsp/bitreader_buffer.c.d
2026-10-05T08:48:10.2456400Z     [DEP] vpx_dsp/bitreader.c.d
2026-10-05T08:48:10.2578310Z     [DEP] vpx_dsp/psnr.c.d
2026-10-05T08:48:10.2646700Z     [DEP] vpx_dsp/bitwriter_buffer.c.d
2026-10-05T08:48:10.2745890Z     [DEP] vpx_dsp/bitwriter.c.d
2026-10-05T08:48:10.2868790Z     [DEP] vpx_dsp/prob.c.d
2026-10-05T08:48:10.2956620Z     [DEP] vpx_ports/arm_cpudetect.c.d
2026-10-05T08:48:10.2974020Z     [DEP] vpx_scale/vpx_scale_rtcd.c.d
2026-10-05T08:48:10.3007910Z     [DEP] vpx_scale/generic/gen_scalers.c.d
2026-10-05T08:48:10.3041270Z     [DEP] vpx_scale/generic/yv12extend.c.d
2026-10-05T08:48:10.3065040Z     [DEP] vpx_scale/generic/yv12config.c.d
2026-10-05T08:48:10.3076720Z     [DEP] vpx_scale/generic/vpx_scale.c.d
2026-10-05T08:48:10.3091700Z     [DEP] vpx_mem/vpx_mem.c.d
2026-10-05T08:48:10.3140410Z     [DEP] vpx/src/vpx_tpl.c.d
2026-10-05T08:48:10.3165780Z     [DEP] vpx/src/vpx_image.c.d
2026-10-05T08:48:10.3197050Z     [DEP] vpx/src/vpx_codec.c.d
2026-10-05T08:48:10.3225340Z     [DEP] vpx/src/vpx_encoder.c.d
2026-10-05T08:48:10.3267050Z     [DEP] vpx/src/vpx_decoder.c.d
2026-10-05T08:48:10.3275770Z     [CC] vpx/src/vpx_decoder.c.o
2026-10-05T08:48:10.3296640Z     [CC] vpx/src/vpx_encoder.c.o
2026-10-05T08:48:10.3313140Z     [CC] vpx/src/vpx_codec.c.o
2026-10-05T08:48:10.3363020Z     [CC] vpx/src/vpx_image.c.o
2026-10-05T08:48:10.3384820Z     [CC] vpx/src/vpx_tpl.c.o
2026-10-05T08:48:10.3410460Z     [CC] vpx_mem/vpx_mem.c.o
2026-10-05T08:48:10.3424940Z     [CC] vpx_scale/generic/vpx_scale.c.o
2026-10-05T08:48:10.3463380Z     [CC] vpx_scale/generic/yv12config.c.o
2026-10-05T08:48:10.3505230Z     [CC] vpx_scale/generic/yv12extend.c.o
2026-10-05T08:48:10.3516270Z     [CC] vpx_scale/generic/gen_scalers.c.o
2026-10-05T08:48:10.3531340Z     [CC] vpx_scale/vpx_scale_rtcd.c.o
2026-10-05T08:48:10.3651610Z     [CC] vpx_ports/arm_cpudetect.c.o
2026-10-05T08:48:10.3664660Z     [CC] vpx_dsp/prob.c.o
2026-10-05T08:48:10.3788790Z     [CC] vpx_dsp/bitwriter.c.o
2026-10-05T08:48:10.3811670Z     [CC] vpx_dsp/bitwriter_buffer.c.o
2026-10-05T08:48:10.3862050Z     [CC] vpx_dsp/psnr.c.o
2026-10-05T08:48:10.3917360Z     [CC] vpx_dsp/bitreader.c.o
2026-10-05T08:48:10.3939580Z     [CC] vpx_dsp/bitreader_buffer.c.o
2026-10-05T08:48:10.4011160Z     [CC] vpx_dsp/intrapred.c.o
2026-10-05T08:48:10.4055710Z     [CC] vpx_dsp/arm/intrapred_neon.c.o
2026-10-05T08:48:10.4154500Z     [CC] vpx_dsp/vpx_convolve.c.o
2026-10-05T08:48:10.4260130Z     [CC] vpx_dsp/arm/vpx_scaled_convolve8_neon.c.o
2026-10-05T08:48:10.4283190Z     [CC] vpx_dsp/arm/vpx_convolve_copy_neon.c.o
2026-10-05T08:48:10.4386810Z     [CC] vpx_dsp/arm/vpx_convolve8_neon.c.o
2026-10-05T08:48:10.4463010Z     [CC] vpx_dsp/arm/vpx_convolve_avg_neon.c.o
2026-10-05T08:48:10.4529780Z     [CC] vpx_dsp/arm/vpx_convolve_neon.c.o
2026-10-05T08:48:10.4616430Z     [CC] vpx_dsp/loopfilter.c.o
2026-10-05T08:48:10.4706560Z     [CC] vpx_dsp/arm/loopfilter_neon.c.o
2026-10-05T08:48:10.4756430Z     [CC] vpx_dsp/fwd_txfm.c.o
2026-10-05T08:48:10.4854920Z     [CC] vpx_dsp/arm/fdct4x4_neon.c.o
2026-10-05T08:48:10.4988370Z     [CC] vpx_dsp/arm/fdct8x8_neon.c.o
2026-10-05T08:48:10.5003050Z     [CC] vpx_dsp/arm/fdct16x16_neon.c.o
2026-10-05T08:48:10.5115540Z     [CC] vpx_dsp/arm/fdct32x32_neon.c.o
2026-10-05T08:48:10.5153610Z     [CC] vpx_dsp/arm/fdct_partial_neon.c.o
2026-10-05T08:48:10.5251130Z     [CC] vpx_dsp/inv_txfm.c.o
2026-10-05T08:48:10.5282070Z     [CC] vpx_dsp/arm/idct4x4_1_add_neon.c.o
2026-10-05T08:48:10.5383170Z     [CC] vpx_dsp/arm/idct4x4_add_neon.c.o
2026-10-05T08:48:10.5435280Z     [CC] vpx_dsp/arm/idct8x8_1_add_neon.c.o
2026-10-05T08:48:10.5536320Z     [CC] vpx_dsp/arm/idct8x8_add_neon.c.o
2026-10-05T08:48:10.5617370Z     [CC] vpx_dsp/arm/idct16x16_1_add_neon.c.o
2026-10-05T08:48:10.5718320Z     [CC] vpx_dsp/arm/idct16x16_add_neon.c.o
2026-10-05T08:48:10.5732960Z     [CC] vpx_dsp/arm/idct32x32_1_add_neon.c.o
2026-10-05T08:48:10.5750150Z     [CC] vpx_dsp/arm/idct32x32_34_add_neon.c.o
2026-10-05T08:48:10.5831760Z     [CC] vpx_dsp/arm/idct32x32_135_add_neon.c.o
2026-10-05T08:48:10.5847000Z     [CC] vpx_dsp/arm/idct32x32_add_neon.c.o
2026-10-05T08:48:10.5928030Z     [CC] vpx_dsp/quantize.c.o
2026-10-05T08:48:10.5943680Z     [CC] vpx_dsp/arm/quantize_neon.c.o
2026-10-05T08:48:10.6024800Z     [CC] vpx_dsp/avg.c.o
2026-10-05T08:48:10.6043240Z     [CC] vpx_dsp/arm/avg_neon.c.o
2026-10-05T08:48:10.6126680Z     [CC] vpx_dsp/arm/hadamard_neon.c.o
2026-10-05T08:48:10.6144280Z     [CC] vpx_dsp/skin_detection.c.o
2026-10-05T08:48:10.6218350Z     [CC] vpx_dsp/sad.c.o
2026-10-05T08:48:10.6319300Z     [CC] vpx_dsp/subtract.c.o
2026-10-05T08:48:10.6340110Z     [CC] vpx_dsp/sum_squares.c.o
2026-10-05T08:48:10.6351100Z     [CC] vpx_dsp/arm/sum_squares_neon.c.o
2026-10-05T08:48:10.6444110Z     [CC] vpx_dsp/arm/sad4d_neon.c.o
2026-10-05T08:48:10.6467530Z     [CC] vpx_dsp/arm/sad_neon.c.o
2026-10-05T08:48:10.6556140Z     [CC] vpx_dsp/arm/subtract_neon.c.o
2026-10-05T08:48:10.6643850Z     [CC] vpx_dsp/variance.c.o
2026-10-05T08:48:10.6659140Z     [CC] vpx_dsp/arm/avg_pred_neon.c.o
2026-10-05T08:48:10.6745080Z     [CC] vpx_dsp/arm/subpel_variance_neon.c.o
2026-10-05T08:48:10.6758120Z     [CC] vpx_dsp/arm/variance_neon.c.o
2026-10-05T08:48:10.6843710Z     [CC] vpx_dsp/vpx_dsp_rtcd.c.o
2026-10-05T08:48:10.6857870Z     [CC] vpx_util/vpx_thread.c.o
2026-10-05T08:48:10.6958950Z     [CC] vpx_util/vpx_write_yuv_frame.c.o
2026-10-05T08:48:10.6969430Z     [CC] vp8/common/alloccommon.c.o
2026-10-05T08:48:10.6986470Z     [CC] vp8/common/blockd.c.o
2026-10-05T08:48:10.6986890Z     [CC] vp8/common/dequantize.c.o
2026-10-05T08:48:10.6987410Z     [CC] vp8/common/entropy.c.o
2026-10-05T08:48:10.6987850Z     [CC] vp8/common/entropymode.c.o
2026-10-05T08:48:10.6988190Z     [CC] vp8/common/entropymv.c.o
2026-10-05T08:48:10.6988530Z     [CC] vp8/common/extend.c.o
2026-10-05T08:48:10.7007200Z     [CC] vp8/common/filter.c.o
2026-10-05T08:48:10.7094770Z     [CC] vp8/common/findnearmv.c.o
2026-10-05T08:48:10.7100530Z     [CC] vp8/common/generic/systemdependent.c.o
2026-10-05T08:48:10.7113750Z     [CC] vp8/common/idct_blk.c.o
2026-10-05T08:48:10.7155750Z     [CC] vp8/common/idctllm.c.o
2026-10-05T08:48:10.7199010Z     [CC] vp8/common/rtcd.c.o
2026-10-05T08:48:10.7210670Z     [CC] vp8/common/vp8_loopfilter.c.o
2026-10-05T08:48:10.7218200Z     [CC] vp8/common/loopfilter_filters.c.o
2026-10-05T08:48:10.7243280Z     [CC] vp8/common/mbpitch.c.o
2026-10-05T08:48:10.7289710Z     [CC] vp8/common/modecont.c.o
2026-10-05T08:48:10.7305360Z     [CC] vp8/common/quant_common.c.o
2026-10-05T08:48:10.7314120Z     [CC] vp8/common/reconinter.c.o
2026-10-05T08:48:10.7324260Z     [CC] vp8/common/reconintra.c.o
2026-10-05T08:48:10.7351010Z     [CC] vp8/common/reconintra4x4.c.o
2026-10-05T08:48:10.7407940Z     [CC] vp8/common/setupintrarecon.c.o
2026-10-05T08:48:10.7415260Z     [CC] vp8/common/swapyv12buffer.c.o
2026-10-05T08:48:10.7431720Z     [CC] vp8/common/treecoder.c.o
2026-10-05T08:48:10.7464560Z     [CC] vp8/common/arm/loopfilter_arm.c.o
2026-10-05T08:48:10.7523510Z     [CC] vp8/common/arm/neon/bilinearpredict_neon.c.o
2026-10-05T08:48:10.7527620Z     [CC] vp8/common/arm/neon/copymem_neon.c.o
2026-10-05T08:48:10.7535520Z     [CC] vp8/common/arm/neon/dc_only_idct_add_neon.c.o
2026-10-05T08:48:10.7543200Z     [CC] vp8/common/arm/neon/dequant_idct_neon.c.o
2026-10-05T08:48:10.7619230Z     [CC] vp8/common/arm/neon/dequantizeb_neon.c.o
2026-10-05T08:48:10.7641020Z     [CC] vp8/common/arm/neon/idct_blk_neon.c.o
2026-10-05T08:48:10.7649180Z     [CC] vp8/common/arm/neon/iwalsh_neon.c.o
2026-10-05T08:48:10.7664940Z     [CC] vp8/common/arm/neon/vp8_loopfilter_neon.c.o
2026-10-05T08:48:10.7665490Z     [CC] vp8/common/arm/neon/loopfiltersimplehorizontaledge_neon.c.o
2026-10-05T08:48:10.7666050Z     [CC] vp8/common/arm/neon/loopfiltersimpleverticaledge_neon.c.o
2026-10-05T08:48:10.7670740Z     [CC] vp8/common/arm/neon/mbloopfilter_neon.c.o
2026-10-05T08:48:10.7671310Z     [CC] vp8/common/arm/neon/shortidct4x4llm_neon.c.o
2026-10-05T08:48:10.7675280Z     [CC] vp8/common/arm/neon/sixtappredict_neon.c.o
2026-10-05T08:48:10.7678100Z     [CC] vp8/vp8_cx_iface.c.o
2026-10-05T08:48:10.7678500Z     [CC] vp8/encoder/bitstream.c.o
2026-10-05T08:48:10.7678880Z     [CC] vp8/encoder/boolhuff.c.o
2026-10-05T08:48:10.7679240Z     [CC] vp8/encoder/copy_c.c.o
2026-10-05T08:48:10.7679540Z     [CC] vp8/encoder/dct.c.o
2026-10-05T08:48:10.7679850Z     [CC] vp8/encoder/encodeframe.c.o
2026-10-05T08:48:10.7681910Z     [CC] vp8/encoder/encodeintra.c.o
2026-10-05T08:48:10.7684160Z     [CC] vp8/encoder/encodemb.c.o
2026-10-05T08:48:10.7685850Z     [CC] vp8/encoder/encodemv.c.o
2026-10-05T08:48:10.7686860Z     [CC] vp8/encoder/ethreading.c.o
2026-10-05T08:48:10.7688320Z     [CC] vp8/encoder/denoising.c.o
2026-10-05T08:48:10.7688650Z     [CC] vp8/encoder/lookahead.c.o
2026-10-05T08:48:10.7689030Z     [CC] vp8/encoder/mcomp.c.o
2026-10-05T08:48:10.7689380Z     [CC] vp8/encoder/modecosts.c.o
2026-10-05T08:48:10.7690850Z     [CC] vp8/encoder/onyx_if.c.o
2026-10-05T08:48:10.7691350Z     [CC] vp8/encoder/pickinter.c.o
2026-10-05T08:48:10.7692610Z     [CC] vp8/encoder/picklpf.c.o
2026-10-05T08:48:10.7693640Z     [CC] vp8/encoder/vp8_quantize.c.o
2026-10-05T08:48:10.7694470Z     [CC] vp8/encoder/ratectrl.c.o
2026-10-05T08:48:10.7696150Z     [CC] vp8/encoder/rdopt.c.o
2026-10-05T08:48:10.7697980Z     [CC] vp8/encoder/segmentation.c.o
2026-10-05T08:48:10.7698690Z     [CC] vp8/common/vp8_skin_detection.c.o
2026-10-05T08:48:10.7702210Z     [CC] vp8/encoder/tokenize.c.o
2026-10-05T08:48:10.7702880Z     [CC] vp8/encoder/treewriter.c.o
2026-10-05T08:48:10.7703210Z     [CC] vp8/encoder/mr_dissim.c.o
2026-10-05T08:48:10.7703620Z     [CC] vp8/encoder/arm/neon/denoising_neon.c.o
2026-10-05T08:48:10.7704040Z     [CC] vp8/encoder/arm/neon/fastquantizeb_neon.c.o
2026-10-05T08:48:10.7704760Z     [CC] vp8/encoder/arm/neon/shortfdct_neon.c.o
2026-10-05T08:48:10.7706050Z     [CC] vp8/encoder/arm/neon/vp8_shortwalsh4x4_neon.c.o
2026-10-05T08:48:10.7707380Z     [CC] vp8/vp8_dx_iface.c.o
2026-10-05T08:48:10.7710090Z     [CC] vp8/decoder/dboolhuff.c.o
2026-10-05T08:48:10.7710810Z     [CC] vp8/decoder/decodemv.c.o
2026-10-05T08:48:10.7724480Z     [CC] vp8/decoder/decodeframe.c.o
2026-10-05T08:48:10.7724830Z     [CC] vp8/decoder/detokenize.c.o
2026-10-05T08:48:10.7725160Z     [CC] vp8/decoder/onyxd_if.c.o
2026-10-05T08:48:10.7725470Z     [CC] vp8/decoder/threading.c.o
2026-10-05T08:48:10.7725780Z     [CC] vp9/vp9_iface_common.c.o
2026-10-05T08:48:10.7730040Z     [CC] vp9/common/vp9_alloccommon.c.o
2026-10-05T08:48:10.7732870Z     [CC] vp9/common/vp9_blockd.c.o
2026-10-05T08:48:10.7733210Z     [CC] vp9/common/vp9_entropy.c.o
2026-10-05T08:48:10.7733960Z     [CC] vp9/common/vp9_entropymode.c.o
2026-10-05T08:48:10.7736350Z     [CC] vp9/common/vp9_entropymv.c.o
2026-10-05T08:48:10.7740690Z     [CC] vp9/common/vp9_frame_buffers.c.o
2026-10-05T08:48:10.7753880Z     [CC] vp9/common/vp9_idct.c.o
2026-10-05T08:48:10.7762610Z     [CC] vp9/common/vp9_filter.c.o
2026-10-05T08:48:10.7767350Z     [CC] vp9/common/vp9_pred_common.c.o
2026-10-05T08:48:10.7777120Z     [CC] vp9/common/vp9_rtcd.c.o
2026-10-05T08:48:10.7789060Z     [CC] vp9/common/vp9_scale.c.o
2026-10-05T08:48:10.7800480Z     [CC] vp9/common/vp9_seg_common.c.o
2026-10-05T08:48:10.7820620Z     [CC] vp9/common/vp9_tile_common.c.o
2026-10-05T08:48:10.7834420Z     [CC] vp9/common/vp9_loopfilter.c.o
2026-10-05T08:48:10.7859480Z     [CC] vp9/common/vp9_thread_common.c.o
2026-10-05T08:48:10.7898470Z     [CC] vp9/common/vp9_mvref_common.c.o
2026-10-05T08:48:10.7990100Z     [CC] vp9/common/vp9_quant_common.c.o
2026-10-05T08:48:10.7997420Z     [CC] vp9/common/vp9_reconinter.c.o
2026-10-05T08:48:10.7997880Z     [CC] vp9/common/vp9_reconintra.c.o
2026-10-05T08:48:10.7998230Z     [CC] vp9/common/vp9_common_data.c.o
2026-10-05T08:48:10.7998560Z     [CC] vp9/common/vp9_scan.c.o
2026-10-05T08:48:10.7998910Z     [CC] vp9/common/arm/neon/vp9_iht4x4_add_neon.c.o
2026-10-05T08:48:10.7999320Z     [CC] vp9/common/arm/neon/vp9_iht8x8_add_neon.c.o
2026-10-05T08:48:10.7999710Z     [CC] vp9/common/arm/neon/vp9_iht16x16_add_neon.c.o
2026-10-05T08:48:10.8000070Z     [CC] vp9/vp9_cx_iface.c.o
2026-10-05T08:48:10.8000380Z     [CC] vp9/encoder/vp9_bitstream.c.o
2026-10-05T08:48:10.8000720Z     [CC] vp9/encoder/vp9_context_tree.c.o
2026-10-05T08:48:10.8001050Z     [CC] vp9/encoder/vp9_cost.c.o
2026-10-05T08:48:10.8001360Z     [CC] vp9/encoder/vp9_dct.c.o
2026-10-05T08:48:10.8001680Z     [CC] vp9/encoder/vp9_encodeframe.c.o
2026-10-05T08:48:10.8002020Z     [CC] vp9/encoder/vp9_encodemb.c.o
2026-10-05T08:48:10.8002340Z     [CC] vp9/encoder/vp9_encodemv.c.o
2026-10-05T08:48:10.8002660Z     [CC] vp9/encoder/vp9_ethread.c.o
2026-10-05T08:48:10.8003360Z     [CC] vp9/encoder/vp9_extend.c.o
2026-10-05T08:48:10.8003720Z     [CC] vp9/encoder/vp9_frame_scale.c.o
2026-10-05T08:48:10.8004050Z     [CC] vp9/encoder/vp9_lookahead.c.o
2026-10-05T08:48:10.8004370Z     [CC] vp9/encoder/vp9_multi_thread.c.o
2026-10-05T08:48:10.8004720Z     [CC] vp9/encoder/vp9_mcomp.c.o
2026-10-05T08:48:10.8005030Z     [CC] vp9/encoder/vp9_encoder.c.o
2026-10-05T08:48:10.8005360Z     [CC] vp9/encoder/vp9_picklpf.c.o
2026-10-05T08:48:10.8005680Z     [CC] vp9/encoder/vp9_quantize.c.o
2026-10-05T08:48:10.8006130Z     [CC] vp9/encoder/vp9_ratectrl.c.o
2026-10-05T08:48:10.8006470Z     [CC] vp9/encoder/vp9_rd.c.o
2026-10-05T08:48:10.8006760Z     [CC] vp9/encoder/vp9_rdopt.c.o
2026-10-05T08:48:10.8007060Z     [CC] vp9/encoder/vp9_pickmode.c.o
2026-10-05T08:48:10.8007520Z     [CC] vp9/encoder/vp9_segmentation.c.o
2026-10-05T08:48:10.8009930Z     [CC] vp9/encoder/vp9_speed_features.c.o
2026-10-05T08:48:10.8011330Z     [CC] vp9/encoder/vp9_subexp.c.o
2026-10-05T08:48:10.8011660Z     [CC] vp9/encoder/vp9_svc_layercontext.c.o
2026-10-05T08:48:10.8011990Z     [CC] vp9/encoder/vp9_resize.c.o
2026-10-05T08:48:10.8016040Z     [CC] vp9/encoder/vp9_tokenize.c.o
2026-10-05T08:48:10.8016940Z     [CC] vp9/encoder/vp9_treewriter.c.o
2026-10-05T08:48:10.8017370Z     [CC] vp9/encoder/vp9_aq_cyclicrefresh.c.o
2026-10-05T08:48:10.8019590Z     [CC] vp9/encoder/vp9_skin_detection.c.o
2026-10-05T08:48:10.8019960Z     [CC] vp9/encoder/vp9_noise_estimate.c.o
2026-10-05T08:48:10.8022110Z     [CC] vp9/encoder/vp9_ext_ratectrl.c.o
2026-10-05T08:48:10.8022370Z     [CC] vp9/encoder/vp9_tpl_model.c.o
2026-10-05T08:48:10.8023080Z     [CC] vp9/encoder/arm/neon/vp9_diamond_search_sad_neon.c.o
2026-10-05T08:48:10.8023960Z     [CC] vp9/encoder/arm/neon/vp9_dct_neon.c.o
2026-10-05T08:48:10.8024840Z     [CC] vp9/encoder/arm/neon/vp9_error_neon.c.o
2026-10-05T08:48:10.8025620Z     [CC] vp9/encoder/arm/neon/vp9_frame_scale_neon.c.o
2026-10-05T08:48:10.8026320Z     [CC] vp9/encoder/arm/neon/vp9_quantize_neon.c.o
2026-10-05T08:48:10.8026970Z     [CC] vp9/vp9_dx_iface.c.o
2026-10-05T08:48:10.8027650Z     [CC] vp9/decoder/vp9_decodemv.c.o
2026-10-05T08:48:10.8027970Z     [CC] vp9/decoder/vp9_decodeframe.c.o
2026-10-05T08:48:10.8028210Z     [CC] vp9/decoder/vp9_detokenize.c.o
2026-10-05T08:48:10.8028830Z     [CC] vp9/decoder/vp9_decoder.c.o
2026-10-05T08:48:10.8029160Z     [CC] vp9/decoder/vp9_dsubexp.c.o
2026-10-05T08:48:10.8029420Z     [CC] vp9/decoder/vp9_job_queue.c.o
2026-10-05T08:48:10.8029630Z     [CC] vpx_config.c.o
2026-10-05T08:48:10.8029800Z     [AR] libvpx_g.a
2026-10-05T08:48:10.8029990Z     [CP] libvpx.a < libvpx_g.a
2026-10-05T08:48:10.8030620Z     [CREATE] vpx.pc
2026-10-05T08:48:10.8030840Z     [CXX] vp9/ratectrl_rtc.cc.o
2026-10-05T08:48:10.8031140Z     [CXX] vp8/vp8_ratectrl_rtc.cc.o
2026-10-05T08:48:10.8031380Z     [AR] libvpxrc_g.a
2026-10-05T08:48:10.8031580Z     [CP] libvpxrc.a < libvpxrc_g.a
2026-10-05T08:48:10.8031780Z     [INSTALL] _dist/include/vpx/vp8.h
2026-10-05T08:48:10.8031980Z     [INSTALL] _dist/include/vpx/vp8cx.h
2026-10-05T08:48:10.8032300Z     [INSTALL] _dist/include/vpx/vpx_ext_ratectrl.h
2026-10-05T08:48:10.8032620Z     [INSTALL] _dist/include/vpx/vp8dx.h
2026-10-05T08:48:10.8032860Z     [INSTALL] _dist/include/vpx/vpx_codec.h
2026-10-05T08:48:10.8033090Z     [INSTALL] _dist/include/vpx/vpx_frame_buffer.h
2026-10-05T08:48:10.8033340Z     [INSTALL] _dist/include/vpx/vpx_image.h
2026-10-05T08:48:10.8033560Z     [INSTALL] _dist/include/vpx/vpx_integer.h
2026-10-05T08:48:10.8033800Z     [INSTALL] _dist/include/vpx/vpx_decoder.h
2026-10-05T08:48:10.8034030Z     [INSTALL] _dist/include/vpx/vpx_encoder.h
2026-10-05T08:48:10.8034290Z     [INSTALL] _dist/include/vpx/vpx_tpl.h
2026-10-05T08:48:10.8034600Z     [INSTALL] _dist/lib/libvpx.a
2026-10-05T08:48:10.8034900Z     [INSTALL] _dist/lib/pkgconfig/vpx.pc
2026-10-05T08:48:10.8035160Z     [DEP] tools/tiny_ssim.c.d
2026-10-05T08:48:10.8035380Z     [DEP] y4minput.c.d
2026-10-05T08:48:10.8035540Z     [CC] y4minput.c.o
2026-10-05T08:48:10.8035700Z     [CC] tools/tiny_ssim.c.o
2026-10-05T08:48:10.8045290Z     [LD] tools/tiny_ssim
2026-10-05T08:48:10.8045500Z     [INSTALL] _dist/bin/tools/tiny_ssim
2026-10-05T08:48:10.8045720Z     [MD5SUM] _dist
2026-10-05T08:48:10.8045990Z /private/var/tmp/_bazel_telegram_ios/29e64aec8f64c22cffe1a8ef8cee6a69/execroot/_main
2026-10-05T08:48:10.8046410Z INFO: From Executing genrule //submodules/ffmpeg:libffmpeg_build:
2026-10-05T08:48:10.8046690Z ++ pwd
2026-10-05T08:48:10.8047250Z + ABS_RULEDIR=/private/var/tmp/_bazel_telegram_ios/29e64aec8f64c22cffe1a8ef8cee6a69/execroot/_main/bazel-out/ios_arm64-opt-ios-arm64-min13.0-ST-57b073d392e5/bin/submodules/ffmpeg
2026-10-05T08:48:10.8048280Z + echo ABS_RULEDIR=/private/var/tmp/_bazel_telegram_ios/29e64aec8f64c22cffe1a8ef8cee6a69/execroot/_main/bazel-out/ios_arm64-opt-ios-arm64-min13.0-ST-57b073d392e5/bin/submodules/ffmpeg
2026-10-05T08:48:10.8049910Z + SOURCE_PATH=/private/var/tmp/_bazel_telegram_ios/29e64aec8f64c22cffe1a8ef8cee6a69/execroot/_main/bazel-out/ios_arm64-opt-ios-arm64-min13.0-ST-57b073d392e5/bin/submodules/ffmpeg/FFMpegSource
2026-10-05T08:48:10.8050990Z + rm -rf /private/var/tmp/_bazel_telegram_ios/29e64aec8f64c22cffe1a8ef8cee6a69/execroot/_main/bazel-out/ios_arm64-opt-ios-arm64-min13.0-ST-57b073d392e5/bin/submodules/ffmpeg/FFMpegSource
2026-10-05T08:48:10.8052360Z + cp -R submodules/ffmpeg/Sources/FFMpeg /private/var/tmp/_bazel_telegram_ios/29e64aec8f64c22cffe1a8ef8cee6a69/execroot/_main/bazel-out/ios_arm64-opt-ios-arm64-min13.0-ST-57b073d392e5/bin/submodules/ffmpeg/FFMpegSource
2026-10-05T08:48:10.8053700Z + mkdir /private/var/tmp/_bazel_telegram_ios/29e64aec8f64c22cffe1a8ef8cee6a69/execroot/_main/bazel-out/ios_arm64-opt-ios-arm64-min13.0-ST-57b073d392e5/bin/submodules/ffmpeg/FFMpegSource/libvpx
2026-10-05T08:48:10.8055090Z + mkdir -p /private/var/tmp/_bazel_telegram_ios/29e64aec8f64c22cffe1a8ef8cee6a69/execroot/_main/bazel-out/ios_arm64-opt-ios-arm64-min13.0-ST-57b073d392e5/bin/submodules/ffmpeg/FFMpegSource/libvpx/include/vpx
2026-10-05T08:48:10.8056430Z + mkdir -p /private/var/tmp/_bazel_telegram_ios/29e64aec8f64c22cffe1a8ef8cee6a69/execroot/_main/bazel-out/ios_arm64-opt-ios-arm64-min13.0-ST-57b073d392e5/bin/submodules/ffmpeg/FFMpegSource/libvpx/lib
2026-10-05T08:48:10.8057950Z + cp bazel-out/ios_arm64-opt-ios-arm64-min13.0-ST-57b073d392e5/bin/third-party/libvpx/Public/vpx/vp8.h /private/var/tmp/_bazel_telegram_ios/29e64aec8f64c22cffe1a8ef8cee6a69/execroot/_main/bazel-out/ios_arm64-opt-ios-arm64-min13.0-ST-57b073d392e5/bin/submodules/ffmpeg/FFMpegSource/libvpx/include/vpx/
2026-10-05T08:48:10.8060040Z + cp bazel-out/ios_arm64-opt-ios-arm64-min13.0-ST-57b073d392e5/bin/third-party/libvpx/Public/vpx/vp8cx.h /private/var/tmp/_bazel_telegram_ios/29e64aec8f64c22cffe1a8ef8cee6a69/execroot/_main/bazel-out/ios_arm64-opt-ios-arm64-min13.0-ST-57b073d392e5/bin/submodules/ffmpeg/FFMpegSource/libvpx/include/vpx/
2026-10-05T08:48:10.8061720Z + cp bazel-out/ios_arm64-opt-ios-arm64-min13.0-ST-57b073d392e5/bin/third-party/libvpx/Public/vpx/vp8dx.h /private/var/tmp/_bazel_telegram_ios/29e64aec8f64c22cffe1a8ef8cee6a69/execroot/_main/bazel-out/ios_arm64-opt-ios-arm64-min13.0-ST-57b073d392e5/bin/submodules/ffmpeg/FFMpegSource/libvpx/include/vpx/
2026-10-05T08:48:10.8063410Z + cp bazel-out/ios_arm64-opt-ios-arm64-min13.0-ST-57b073d392e5/bin/third-party/libvpx/Public/vpx/vpx_codec.h /private/var/tmp/_bazel_telegram_ios/29e64aec8f64c22cffe1a8ef8cee6a69/execroot/_main/bazel-out/ios_arm64-opt-ios-arm64-min13.0-ST-57b073d392e5/bin/submodules/ffmpeg/FFMpegSource/libvpx/include/vpx/
2026-10-05T08:48:10.8065140Z + cp bazel-out/ios_arm64-opt-ios-arm64-min13.0-ST-57b073d392e5/bin/third-party/libvpx/Public/vpx/vpx_decoder.h /private/var/tmp/_bazel_telegram_ios/29e64aec8f64c22cffe1a8ef8cee6a69/execroot/_main/bazel-out/ios_arm64-opt-ios-arm64-min13.0-ST-57b073d392e5/bin/submodules/ffmpeg/FFMpegSource/libvpx/include/vpx/
2026-10-05T08:48:10.8067270Z + cp bazel-out/ios_arm64-opt-ios-arm64-min13.0-ST-57b073d392e5/bin/third-party/libvpx/Public/vpx/vpx_encoder.h /private/var/tmp/_bazel_telegram_ios/29e64aec8f64c22cffe1a8ef8cee6a69/execroot/_main/bazel-out/ios_arm64-opt-ios-arm64-min13.0-ST-57b073d392e5/bin/submodules/ffmpeg/FFMpegSource/libvpx/include/vpx/
2026-10-05T08:48:10.8069210Z + cp bazel-out/ios_arm64-opt-ios-arm64-min13.0-ST-57b073d392e5/bin/third-party/libvpx/Public/vpx/vpx_frame_buffer.h /private/var/tmp/_bazel_telegram_ios/29e64aec8f64c22cffe1a8ef8cee6a69/execroot/_main/bazel-out/ios_arm64-opt-ios-arm64-min13.0-ST-57b073d392e5/bin/submodules/ffmpeg/FFMpegSource/libvpx/include/vpx/
2026-10-05T08:48:10.8071010Z + cp bazel-out/ios_arm64-opt-ios-arm64-min13.0-ST-57b073d392e5/bin/third-party/libvpx/Public/vpx/vpx_image.h /private/var/tmp/_bazel_telegram_ios/29e64aec8f64c22cffe1a8ef8cee6a69/execroot/_main/bazel-out/ios_arm64-opt-ios-arm64-min13.0-ST-57b073d392e5/bin/submodules/ffmpeg/FFMpegSource/libvpx/include/vpx/
2026-10-05T08:48:10.8073000Z + cp bazel-out/ios_arm64-opt-ios-arm64-min13.0-ST-57b073d392e5/bin/third-party/libvpx/Public/vpx/vpx_integer.h /private/var/tmp/_bazel_telegram_ios/29e64aec8f64c22cffe1a8ef8cee6a69/execroot/_main/bazel-out/ios_arm64-opt-ios-arm64-min13.0-ST-57b073d392e5/bin/submodules/ffmpeg/FFMpegSource/libvpx/include/vpx/
2026-10-05T08:48:10.8116180Z + cp bazel-out/ios_arm64-opt-ios-arm64-min13.0-ST-57b073d392e5/bin/third-party/libvpx/Public/vpx/vpx_version.h /private/var/tmp/_bazel_telegram_ios/29e64aec8f64c22cffe1a8ef8cee6a69/execroot/_main/bazel-out/ios_arm64-opt-ios-arm64-min13.0-ST-57b073d392e5/bin/submodules/ffmpeg/FFMpegSource/libvpx/include/vpx/
2026-10-05T08:48:10.8119720Z + cp bazel-out/ios_arm64-opt-ios-arm64-min13.0-ST-57b073d392e5/bin/third-party/libvpx/Public/vpx/vpx_ext_ratectrl.h /private/var/tmp/_bazel_telegram_ios/29e64aec8f64c22cffe1a8ef8cee6a69/execroot/_main/bazel-out/ios_arm64-opt-ios-arm64-min13.0-ST-57b073d392e5/bin/submodules/ffmpeg/FFMpegSource/libvpx/include/vpx/
2026-10-05T08:48:10.8123820Z + cp bazel-out/ios_arm64-opt-ios-arm64-min13.0-ST-57b073d392e5/bin/third-party/libvpx/Public/vpx/vpx_tpl.h /private/var/tmp/_bazel_telegram_ios/29e64aec8f64c22cffe1a8ef8cee6a69/execroot/_main/bazel-out/ios_arm64-opt-ios-arm64-min13.0-ST-57b073d392e5/bin/submodules/ffmpeg/FFMpegSource/libvpx/include/vpx/
2026-10-05T08:48:10.8125790Z + cp bazel-out/ios_arm64-opt-ios-arm64-min13.0-ST-57b073d392e5/bin/third-party/libvpx/Public/vpx/libVPX.a /private/var/tmp/_bazel_telegram_ios/29e64aec8f64c22cffe1a8ef8cee6a69/execroot/_main/bazel-out/ios_arm64-opt-ios-arm64-min13.0-ST-57b073d392e5/bin/submodules/ffmpeg/FFMpegSource/libvpx/lib/
2026-10-05T08:48:10.8128560Z + mkdir /private/var/tmp/_bazel_telegram_ios/29e64aec8f64c22cffe1a8ef8cee6a69/execroot/_main/bazel-out/ios_arm64-opt-ios-arm64-min13.0-ST-57b073d392e5/bin/submodules/ffmpeg/FFMpegSource/libopus
2026-10-05T08:48:10.8129960Z + mkdir -p /private/var/tmp/_bazel_telegram_ios/29e64aec8f64c22cffe1a8ef8cee6a69/execroot/_main/bazel-out/ios_arm64-opt-ios-arm64-min13.0-ST-57b073d392e5/bin/submodules/ffmpeg/FFMpegSource/libopus/include/opus
2026-10-05T08:48:10.8131510Z + mkdir -p /private/var/tmp/_bazel_telegram_ios/29e64aec8f64c22cffe1a8ef8cee6a69/execroot/_main/bazel-out/ios_arm64-opt-ios-arm64-min13.0-ST-57b073d392e5/bin/submodules/ffmpeg/FFMpegSource/libopus/lib
2026-10-05T08:48:10.8133410Z + cp bazel-out/ios_arm64-opt-ios-arm64-min13.0-ST-57b073d392e5/bin/third-party/opus/Public/opus/opus.h /private/var/tmp/_bazel_telegram_ios/29e64aec8f64c22cffe1a8ef8cee6a69/execroot/_main/bazel-out/ios_arm64-opt-ios-arm64-min13.0-ST-57b073d392e5/bin/submodules/ffmpeg/FFMpegSource/libopus/include/opus/
2026-10-05T08:48:10.8135920Z + cp bazel-out/ios_arm64-opt-ios-arm64-min13.0-ST-57b073d392e5/bin/third-party/opus/Public/opus/opus_defines.h /private/var/tmp/_bazel_telegram_ios/29e64aec8f64c22cffe1a8ef8cee6a69/execroot/_main/bazel-out/ios_arm64-opt-ios-arm64-min13.0-ST-57b073d392e5/bin/submodules/ffmpeg/FFMpegSource/libopus/include/opus/
2026-10-05T08:48:10.8138340Z + cp bazel-out/ios_arm64-opt-ios-arm64-min13.0-ST-57b073d392e5/bin/third-party/opus/Public/opus/opus_multistream.h /private/var/tmp/_bazel_telegram_ios/29e64aec8f64c22cffe1a8ef8cee6a69/execroot/_main/bazel-out/ios_arm64-opt-ios-arm64-min13.0-ST-57b073d392e5/bin/submodules/ffmpeg/FFMpegSource/libopus/include/opus/
2026-10-05T08:48:10.8143560Z + cp bazel-out/ios_arm64-opt-ios-arm64-min13.0-ST-57b073d392e5/bin/third-party/opus/Public/opus/opus_projection.h /private/var/tmp/_bazel_telegram_ios/29e64aec8f64c22cffe1a8ef8cee6a69/execroot/_main/bazel-out/ios_arm64-opt-ios-arm64-min13.0-ST-57b073d392e5/bin/submodules/ffmpeg/FFMpegSource/libopus/include/opus/
2026-10-05T08:48:10.8145970Z + cp bazel-out/ios_arm64-opt-ios-arm64-min13.0-ST-57b073d392e5/bin/third-party/opus/Public/opus/opus_types.h /private/var/tmp/_bazel_telegram_ios/29e64aec8f64c22cffe1a8ef8cee6a69/execroot/_main/bazel-out/ios_arm64-opt-ios-arm64-min13.0-ST-57b073d392e5/bin/submodules/ffmpeg/FFMpegSource/libopus/include/opus/
2026-10-05T08:48:10.8147660Z + cp bazel-out/ios_arm64-opt-ios-arm64-min13.0-ST-57b073d392e5/bin/third-party/opus/Public/opus/lib/libopus.a /private/var/tmp/_bazel_telegram_ios/29e64aec8f64c22cffe1a8ef8cee6a69/execroot/_main/bazel-out/ios_arm64-opt-ios-arm64-min13.0-ST-57b073d392e5/bin/submodules/ffmpeg/FFMpegSource/libopus/lib/
2026-10-05T08:48:10.8149590Z + mkdir /private/var/tmp/_bazel_telegram_ios/29e64aec8f64c22cffe1a8ef8cee6a69/execroot/_main/bazel-out/ios_arm64-opt-ios-arm64-min13.0-ST-57b073d392e5/bin/submodules/ffmpeg/FFMpegSource/libdav1d
2026-10-05T08:48:10.8151030Z + mkdir -p /private/var/tmp/_bazel_telegram_ios/29e64aec8f64c22cffe1a8ef8cee6a69/execroot/_main/bazel-out/ios_arm64-opt-ios-arm64-min13.0-ST-57b073d392e5/bin/submodules/ffmpeg/FFMpegSource/libdav1d/include
2026-10-05T08:48:10.8152180Z + mkdir -p /private/var/tmp/_bazel_telegram_ios/29e64aec8f64c22cffe1a8ef8cee6a69/execroot/_main/bazel-out/ios_arm64-opt-ios-arm64-min13.0-ST-57b073d392e5/bin/submodules/ffmpeg/FFMpegSource/libdav1d/include/compat
2026-10-05T08:48:10.8153350Z + mkdir -p /private/var/tmp/_bazel_telegram_ios/29e64aec8f64c22cffe1a8ef8cee6a69/execroot/_main/bazel-out/ios_arm64-opt-ios-arm64-min13.0-ST-57b073d392e5/bin/submodules/ffmpeg/FFMpegSource/libdav1d/include/compat/msvc
2026-10-05T08:48:10.8154530Z + mkdir -p /private/var/tmp/_bazel_telegram_ios/29e64aec8f64c22cffe1a8ef8cee6a69/execroot/_main/bazel-out/ios_arm64-opt-ios-arm64-min13.0-ST-57b073d392e5/bin/submodules/ffmpeg/FFMpegSource/libdav1d/include/compat/gcc
2026-10-05T08:48:10.8156100Z + mkdir -p /private/var/tmp/_bazel_telegram_ios/29e64aec8f64c22cffe1a8ef8cee6a69/execroot/_main/bazel-out/ios_arm64-opt-ios-arm64-min13.0-ST-57b073d392e5/bin/submodules/ffmpeg/FFMpegSource/libdav1d/include/common
2026-10-05T08:48:10.8157250Z + mkdir -p /private/var/tmp/_bazel_telegram_ios/29e64aec8f64c22cffe1a8ef8cee6a69/execroot/_main/bazel-out/ios_arm64-opt-ios-arm64-min13.0-ST-57b073d392e5/bin/submodules/ffmpeg/FFMpegSource/libdav1d/include/dav1d
2026-10-05T08:48:10.8158380Z + mkdir -p /private/var/tmp/_bazel_telegram_ios/29e64aec8f64c22cffe1a8ef8cee6a69/execroot/_main/bazel-out/ios_arm64-opt-ios-arm64-min13.0-ST-57b073d392e5/bin/submodules/ffmpeg/FFMpegSource/libdav1d/lib
2026-10-05T08:48:10.8159850Z + cp bazel-out/ios_arm64-opt-ios-arm64-min13.0-ST-57b073d392e5/bin/third-party/dav1d/Public/compat/msvc/stdatomic.h /private/var/tmp/_bazel_telegram_ios/29e64aec8f64c22cffe1a8ef8cee6a69/execroot/_main/bazel-out/ios_arm64-opt-ios-arm64-min13.0-ST-57b073d392e5/bin/submodules/ffmpeg/FFMpegSource/libdav1d/include/compat/msvc/stdatomic.h
2026-10-05T08:48:10.8161720Z + cp bazel-out/ios_arm64-opt-ios-arm64-min13.0-ST-57b073d392e5/bin/third-party/dav1d/Public/compat/gcc/stdatomic.h /private/var/tmp/_bazel_telegram_ios/29e64aec8f64c22cffe1a8ef8cee6a69/execroot/_main/bazel-out/ios_arm64-opt-ios-arm64-min13.0-ST-57b073d392e5/bin/submodules/ffmpeg/FFMpegSource/libdav1d/include/compat/gcc/stdatomic.h
2026-10-05T08:48:10.8163510Z + cp bazel-out/ios_arm64-opt-ios-arm64-min13.0-ST-57b073d392e5/bin/third-party/dav1d/Public/compat/getopt.h /private/var/tmp/_bazel_telegram_ios/29e64aec8f64c22cffe1a8ef8cee6a69/execroot/_main/bazel-out/ios_arm64-opt-ios-arm64-min13.0-ST-57b073d392e5/bin/submodules/ffmpeg/FFMpegSource/libdav1d/include/compat/getopt.h
2026-10-05T08:48:10.8165450Z + cp bazel-out/ios_arm64-opt-ios-arm64-min13.0-ST-57b073d392e5/bin/third-party/dav1d/Public/common/dump.h /private/var/tmp/_bazel_telegram_ios/29e64aec8f64c22cffe1a8ef8cee6a69/execroot/_main/bazel-out/ios_arm64-opt-ios-arm64-min13.0-ST-57b073d392e5/bin/submodules/ffmpeg/FFMpegSource/libdav1d/include/common/dump.h
2026-10-05T08:48:10.8167390Z + cp bazel-out/ios_arm64-opt-ios-arm64-min13.0-ST-57b073d392e5/bin/third-party/dav1d/Public/common/frame.h /private/var/tmp/_bazel_telegram_ios/29e64aec8f64c22cffe1a8ef8cee6a69/execroot/_main/bazel-out/ios_arm64-opt-ios-arm64-min13.0-ST-57b073d392e5/bin/submodules/ffmpeg/FFMpegSource/libdav1d/include/common/frame.h
2026-10-05T08:48:10.8169280Z + cp bazel-out/ios_arm64-opt-ios-arm64-min13.0-ST-57b073d392e5/bin/third-party/dav1d/Public/common/bitdepth.h /private/var/tmp/_bazel_telegram_ios/29e64aec8f64c22cffe1a8ef8cee6a69/execroot/_main/bazel-out/ios_arm64-opt-ios-arm64-min13.0-ST-57b073d392e5/bin/submodules/ffmpeg/FFMpegSource/libdav1d/include/common/bitdepth.h
2026-10-05T08:48:10.8171700Z + cp bazel-out/ios_arm64-opt-ios-arm64-min13.0-ST-57b073d392e5/bin/third-party/dav1d/Public/common/attributes.h /private/var/tmp/_bazel_telegram_ios/29e64aec8f64c22cffe1a8ef8cee6a69/execroot/_main/bazel-out/ios_arm64-opt-ios-arm64-min13.0-ST-57b073d392e5/bin/submodules/ffmpeg/FFMpegSource/libdav1d/include/common/attributes.h
2026-10-05T08:48:10.8173740Z + cp bazel-out/ios_arm64-opt-ios-arm64-min13.0-ST-57b073d392e5/bin/third-party/dav1d/Public/common/validate.h /private/var/tmp/_bazel_telegram_ios/29e64aec8f64c22cffe1a8ef8cee6a69/execroot/_main/bazel-out/ios_arm64-opt-ios-arm64-min13.0-ST-57b073d392e5/bin/submodules/ffmpeg/FFMpegSource/libdav1d/include/common/validate.h
2026-10-05T08:48:10.8175820Z + cp bazel-out/ios_arm64-opt-ios-arm64-min13.0-ST-57b073d392e5/bin/third-party/dav1d/Public/common/intops.h /private/var/tmp/_bazel_telegram_ios/29e64aec8f64c22cffe1a8ef8cee6a69/execroot/_main/bazel-out/ios_arm64-opt-ios-arm64-min13.0-ST-57b073d392e5/bin/submodules/ffmpeg/FFMpegSource/libdav1d/include/common/intops.h
2026-10-05T08:48:10.8177840Z + cp bazel-out/ios_arm64-opt-ios-arm64-min13.0-ST-57b073d392e5/bin/third-party/dav1d/Public/dav1d/picture.h /private/var/tmp/_bazel_telegram_ios/29e64aec8f64c22cffe1a8ef8cee6a69/execroot/_main/bazel-out/ios_arm64-opt-ios-arm64-min13.0-ST-57b073d392e5/bin/submodules/ffmpeg/FFMpegSource/libdav1d/include/dav1d/picture.h
2026-10-05T08:48:10.8180260Z + cp bazel-out/ios_arm64-opt-ios-arm64-min13.0-ST-57b073d392e5/bin/third-party/dav1d/Public/dav1d/version.h /private/var/tmp/_bazel_telegram_ios/29e64aec8f64c22cffe1a8ef8cee6a69/execroot/_main/bazel-out/ios_arm64-opt-ios-arm64-min13.0-ST-57b073d392e5/bin/submodules/ffmpeg/FFMpegSource/libdav1d/include/dav1d/version.h
2026-10-05T08:48:10.8182230Z + cp bazel-out/ios_arm64-opt-ios-arm64-min13.0-ST-57b073d392e5/bin/third-party/dav1d/Public/dav1d/data.h /private/var/tmp/_bazel_telegram_ios/29e64aec8f64c22cffe1a8ef8cee6a69/execroot/_main/bazel-out/ios_arm64-opt-ios-arm64-min13.0-ST-57b073d392e5/bin/submodules/ffmpeg/FFMpegSource/libdav1d/include/dav1d/data.h
2026-10-05T08:48:10.8184010Z + cp bazel-out/ios_arm64-opt-ios-arm64-min13.0-ST-57b073d392e5/bin/third-party/dav1d/Public/dav1d/headers.h /private/var/tmp/_bazel_telegram_ios/29e64aec8f64c22cffe1a8ef8cee6a69/execroot/_main/bazel-out/ios_arm64-opt-ios-arm64-min13.0-ST-57b073d392e5/bin/submodules/ffmpeg/FFMpegSource/libdav1d/include/dav1d/headers.h
2026-10-05T08:48:10.8185930Z + cp bazel-out/ios_arm64-opt-ios-arm64-min13.0-ST-57b073d392e5/bin/third-party/dav1d/Public/dav1d/common.h /private/var/tmp/_bazel_telegram_ios/29e64aec8f64c22cffe1a8ef8cee6a69/execroot/_main/bazel-out/ios_arm64-opt-ios-arm64-min13.0-ST-57b073d392e5/bin/submodules/ffmpeg/FFMpegSource/libdav1d/include/dav1d/common.h
2026-10-05T08:48:10.8187790Z + cp bazel-out/ios_arm64-opt-ios-arm64-min13.0-ST-57b073d392e5/bin/third-party/dav1d/Public/dav1d/dav1d.h /private/var/tmp/_bazel_telegram_ios/29e64aec8f64c22cffe1a8ef8cee6a69/execroot/_main/bazel-out/ios_arm64-opt-ios-arm64-min13.0-ST-57b073d392e5/bin/submodules/ffmpeg/FFMpegSource/libdav1d/include/dav1d/dav1d.h
2026-10-05T08:48:10.8189650Z + cp bazel-out/ios_arm64-opt-ios-arm64-min13.0-ST-57b073d392e5/bin/third-party/dav1d/Public/dav1d/lib/libdav1d.a /private/var/tmp/_bazel_telegram_ios/29e64aec8f64c22cffe1a8ef8cee6a69/execroot/_main/bazel-out/ios_arm64-opt-ios-arm64-min13.0-ST-57b073d392e5/bin/submodules/ffmpeg/FFMpegSource/libdav1d/lib/
2026-10-05T08:48:10.8191210Z + BUILD_DIR=/private/var/tmp/_bazel_telegram_ios/29e64aec8f64c22cffe1a8ef8cee6a69/execroot/_main/bazel-out/ios_arm64-opt-ios-arm64-min13.0-ST-57b073d392e5/bin/submodules/ffmpeg/build
2026-10-05T08:48:10.8192190Z + rm -rf /private/var/tmp/_bazel_telegram_ios/29e64aec8f64c22cffe1a8ef8cee6a69/execroot/_main/bazel-out/ios_arm64-opt-ios-arm64-min13.0-ST-57b073d392e5/bin/submodules/ffmpeg/build
2026-10-05T08:48:10.8193370Z + mkdir -p /private/var/tmp/_bazel_telegram_ios/29e64aec8f64c22cffe1a8ef8cee6a69/execroot/_main/bazel-out/ios_arm64-opt-ios-arm64-min13.0-ST-57b073d392e5/bin/submodules/ffmpeg/build
2026-10-05T08:48:10.8194010Z + VARIANT=release
2026-10-05T08:48:10.8194160Z + FFMPEG_VERSION=7.1.1
2026-10-05T08:48:10.8194330Z + '[' ios_arm64 == ios_arm64 ']'
2026-10-05T08:48:10.8194610Z + BUILD_ARCH=arm64
2026-10-05T08:48:10.8196320Z + /private/var/tmp/_bazel_telegram_ios/29e64aec8f64c22cffe1a8ef8cee6a69/execroot/_main/bazel-out/ios_arm64-opt-ios-arm64-min13.0-ST-57b073d392e5/bin/submodules/ffmpeg/FFMpegSource/build-ffmpeg-bazel.sh release arm64 /private/var/tmp/_bazel_telegram_ios/29e64aec8f64c22cffe1a8ef8cee6a69/execroot/_main/bazel-out/ios_arm64-opt-ios-arm64-min13.0-ST-57b073d392e5/bin/submodules/ffmpeg/build /private/var/tmp/_bazel_telegram_ios/29e64aec8f64c22cffe1a8ef8cee6a69/execroot/_main/bazel-out/ios_arm64-opt-ios-arm64-min13.0-ST-57b073d392e5/bin/submodules/ffmpeg/FFMpegSource 7.1.1
2026-10-05T08:48:10.8198640Z + RAW_ARCHS=arm64
2026-10-05T08:48:10.8198780Z + ARCHS=
2026-10-05T08:48:10.8198920Z + for RAW_ARCH in '$RAW_ARCHS'
2026-10-05T08:48:10.8199090Z + ARCH_NAME=arm64
2026-10-05T08:48:10.8199550Z + '[' arm64 = i386 -o arm64 = x86_64 -o arm64 = arm64 -o arm64 = armv7 -o arm64 = sim_arm64 -o arm64 = macos_arm64 -o arm64 = linux_arm64 -o arm64 = linux_x86_64 ']'
2026-10-05T08:48:10.8200020Z + ARCHS=' arm64'
2026-10-05T08:48:10.8200560Z + BUILD_DIR=/private/var/tmp/_bazel_telegram_ios/29e64aec8f64c22cffe1a8ef8cee6a69/execroot/_main/bazel-out/ios_arm64-opt-ios-arm64-min13.0-ST-57b073d392e5/bin/submodules/ffmpeg/build
2026-10-05T08:48:10.8201870Z + SOURCE_DIR=/private/var/tmp/_bazel_telegram_ios/29e64aec8f64c22cffe1a8ef8cee6a69/execroot/_main/bazel-out/ios_arm64-opt-ios-arm64-min13.0-ST-57b073d392e5/bin/submodules/ffmpeg/FFMpegSource
2026-10-05T08:48:10.8202470Z + FF_VERSION=7.1.1
2026-10-05T08:48:10.8203090Z + SOURCE=/private/var/tmp/_bazel_telegram_ios/29e64aec8f64c22cffe1a8ef8cee6a69/execroot/_main/bazel-out/ios_arm64-opt-ios-arm64-min13.0-ST-57b073d392e5/bin/submodules/ffmpeg/FFMpegSource/ffmpeg-7.1.1
2026-10-05T08:48:10.8204520Z + GAS_PREPROCESSOR_PATH=/private/var/tmp/_bazel_telegram_ios/29e64aec8f64c22cffe1a8ef8cee6a69/execroot/_main/bazel-out/ios_arm64-opt-ios-arm64-min13.0-ST-57b073d392e5/bin/submodules/ffmpeg/FFMpegSource/gas-preprocessor.pl
2026-10-05T08:48:10.8205630Z + FAT=/private/var/tmp/_bazel_telegram_ios/29e64aec8f64c22cffe1a8ef8cee6a69/execroot/_main/bazel-out/ios_arm64-opt-ios-arm64-min13.0-ST-57b073d392e5/bin/submodules/ffmpeg/build/FFmpeg-iOS
2026-10-05T08:48:10.8206670Z + SCRATCH=/private/var/tmp/_bazel_telegram_ios/29e64aec8f64c22cffe1a8ef8cee6a69/execroot/_main/bazel-out/ios_arm64-opt-ios-arm64-min13.0-ST-57b073d392e5/bin/submodules/ffmpeg/build/scratch
2026-10-05T08:48:10.8208040Z + THIN=/private/var/tmp/_bazel_telegram_ios/29e64aec8f64c22cffe1a8ef8cee6a69/execroot/_main/bazel-out/ios_arm64-opt-ios-arm64-min13.0-ST-57b073d392e5/bin/submodules/ffmpeg/build/thin
2026-10-05T08:48:10.8209570Z + PKG_CONFIG=/private/var/tmp/_bazel_telegram_ios/29e64aec8f64c22cffe1a8ef8cee6a69/execroot/_main/bazel-out/ios_arm64-opt-ios-arm64-min13.0-ST-57b073d392e5/bin/submodules/ffmpeg/FFMpegSource/pkg-config
2026-10-05T08:48:10.8211310Z + export PATH=/private/var/tmp/_bazel_telegram_ios/29e64aec8f64c22cffe1a8ef8cee6a69/execroot/_main/bazel-out/ios_arm64-opt-ios-arm64-min13.0-ST-57b073d392e5/bin/submodules/ffmpeg/FFMpegSource:/usr/bin:/bin:/usr/sbin:/sbin
2026-10-05T08:48:10.8212600Z + PATH=/private/var/tmp/_bazel_telegram_ios/29e64aec8f64c22cffe1a8ef8cee6a69/execroot/_main/bazel-out/ios_arm64-opt-ios-arm64-min13.0-ST-57b073d392e5/bin/submodules/ffmpeg/FFMpegSource:/usr/bin:/bin:/usr/sbin:/sbin
2026-10-05T08:48:10.8213450Z + LIB_NAMES='libavcodec libavformat libavutil libswresample'
2026-10-05T08:48:10.8213700Z + set -e
2026-10-05T08:48:10.8216150Z + CONFIGURE_FLAGS='--enable-cross-compile --disable-programs                  --disable-armv5te --disable-armv6 --disable-armv6t2                  --disable-doc --enable-pic --disable-all --disable-everything                  --enable-avcodec                   --enable-swresample                  --enable-avformat                  --disable-xlib                  --enable-libopus                  --enable-libvpx                  --enable-libdav1d                  --enable-bsf=aac_adtstoasc,vp9_superframe,h264_mp4toannexb                  --enable-decoder=h264,libvpx_vp9,hevc,libopus,flac,pcm_s16le,pcm_s24le,pcm_f32le,libdav1d,av1,mp3                  --enable-demuxer=aac,mov,m4v,mp3,ogg,libopus,flac,wav,aiff,matroska,mpegts,                  --enable-parser=aac,h264,mp3,libopus                  --enable-protocol=file                  --enable-muxer=mp4,matroska,ogg,mpegts                  '
2026-10-05T08:48:10.8218700Z + EXTRA_CFLAGS=-DCONFIG_SAFE_BITSTREAM_READER=1
2026-10-05T08:48:10.8219000Z + '[' release = debug ']'
2026-10-05T08:48:10.8219180Z + '[' release = release ']'
2026-10-05T08:48:10.8221680Z + CONFIGURE_FLAGS='--enable-cross-compile --disable-programs                  --disable-armv5te --disable-armv6 --disable-armv6t2                  --disable-doc --enable-pic --disable-all --disable-everything                  --enable-avcodec                   --enable-swresample                  --enable-avformat                  --disable-xlib                  --enable-libopus                  --enable-libvpx                  --enable-libdav1d                  --enable-bsf=aac_adtstoasc,vp9_superframe,h264_mp4toannexb                  --enable-decoder=h264,libvpx_vp9,hevc,libopus,flac,pcm_s16le,pcm_s24le,pcm_f32le,libdav1d,av1,mp3                  --enable-demuxer=aac,mov,m4v,mp3,ogg,libopus,flac,wav,aiff,matroska,mpegts,                  --enable-parser=aac,h264,mp3,libopus                  --enable-protocol=file                  --enable-muxer=mp4,matroska,ogg,mpegts                   --disable-debug'
2026-10-05T08:48:10.8225060Z + COMPILE=y
2026-10-05T08:48:10.8225230Z + DEPLOYMENT_TARGET=13.0
2026-10-05T08:48:10.8225430Z + LIBS_HASH=
2026-10-05T08:48:10.8225560Z + for ARCH in '$ARCHS'
2026-10-05T08:48:10.8225720Z + for LIB_NAME in '$LIB_NAMES'
2026-10-05T08:48:10.8226360Z + LIB=/private/var/tmp/_bazel_telegram_ios/29e64aec8f64c22cffe1a8ef8cee6a69/execroot/_main/bazel-out/ios_arm64-opt-ios-arm64-min13.0-ST-57b073d392e5/bin/submodules/ffmpeg/build/thin/arm64/lib/libavcodec.a
2026-10-05T08:48:10.8227580Z + '[' -f /private/var/tmp/_bazel_telegram_ios/29e64aec8f64c22cffe1a8ef8cee6a69/execroot/_main/bazel-out/ios_arm64-opt-ios-arm64-min13.0-ST-57b073d392e5/bin/submodules/ffmpeg/build/thin/arm64/lib/libavcodec.a ']'
2026-10-05T08:48:10.8228260Z + for LIB_NAME in '$LIB_NAMES'
2026-10-05T08:48:10.8229000Z + LIB=/private/var/tmp/_bazel_telegram_ios/29e64aec8f64c22cffe1a8ef8cee6a69/execroot/_main/bazel-out/ios_arm64-opt-ios-arm64-min13.0-ST-57b073d392e5/bin/submodules/ffmpeg/build/thin/arm64/lib/libavformat.a
2026-10-05T08:48:10.8230150Z + '[' -f /private/var/tmp/_bazel_telegram_ios/29e64aec8f64c22cffe1a8ef8cee6a69/execroot/_main/bazel-out/ios_arm64-opt-ios-arm64-min13.0-ST-57b073d392e5/bin/submodules/ffmpeg/build/thin/arm64/lib/libavformat.a ']'
2026-10-05T08:48:10.8230980Z + for LIB_NAME in '$LIB_NAMES'
2026-10-05T08:48:10.8231760Z + LIB=/private/var/tmp/_bazel_telegram_ios/29e64aec8f64c22cffe1a8ef8cee6a69/execroot/_main/bazel-out/ios_arm64-opt-ios-arm64-min13.0-ST-57b073d392e5/bin/submodules/ffmpeg/build/thin/arm64/lib/libavutil.a
2026-10-05T08:48:10.8232880Z + '[' -f /private/var/tmp/_bazel_telegram_ios/29e64aec8f64c22cffe1a8ef8cee6a69/execroot/_main/bazel-out/ios_arm64-opt-ios-arm64-min13.0-ST-57b073d392e5/bin/submodules/ffmpeg/build/thin/arm64/lib/libavutil.a ']'
2026-10-05T08:48:10.8233550Z + for LIB_NAME in '$LIB_NAMES'
2026-10-05T08:48:10.8234190Z + LIB=/private/var/tmp/_bazel_telegram_ios/29e64aec8f64c22cffe1a8ef8cee6a69/execroot/_main/bazel-out/ios_arm64-opt-ios-arm64-min13.0-ST-57b073d392e5/bin/submodules/ffmpeg/build/thin/arm64/lib/libswresample.a
2026-10-05T08:48:10.8235330Z + '[' -f /private/var/tmp/_bazel_telegram_ios/29e64aec8f64c22cffe1a8ef8cee6a69/execroot/_main/bazel-out/ios_arm64-opt-ios-arm64-min13.0-ST-57b073d392e5/bin/submodules/ffmpeg/build/thin/arm64/lib/libswresample.a ']'
2026-10-05T08:48:10.8235980Z + '[' y ']'
2026-10-05T08:48:10.8236110Z ++ which pkg-config
2026-10-05T08:48:10.8236710Z + '[' '!' /private/var/tmp/_bazel_telegram_ios/29e64aec8f64c22cffe1a8ef8cee6a69/execroot/_main/bazel-out/ios_arm64-opt-ios-arm64-min13.0-ST-57b073d392e5/bin/submodules/ffmpeg/FFMpegSource/pkg-config ']'
2026-10-05T08:48:10.8237840Z + echo PATH=/private/var/tmp/_bazel_telegram_ios/29e64aec8f64c22cffe1a8ef8cee6a69/execroot/_main/bazel-out/ios_arm64-opt-ios-arm64-min13.0-ST-57b073d392e5/bin/submodules/ffmpeg/FFMpegSource:/usr/bin:/bin:/usr/sbin:/sbin
2026-10-05T08:48:10.8238530Z ++ which pkg-config
2026-10-05T08:48:10.8239140Z + echo pkg-config=/private/var/tmp/_bazel_telegram_ios/29e64aec8f64c22cffe1a8ef8cee6a69/execroot/_main/bazel-out/ios_arm64-opt-ios-arm64-min13.0-ST-57b073d392e5/bin/submodules/ffmpeg/FFMpegSource/pkg-config
2026-10-05T08:48:10.8239790Z + IS_LINUX=false
2026-10-05T08:48:10.8239950Z + for A in '$ARCHS'
2026-10-05T08:48:10.8240090Z + case "$A" in
2026-10-05T08:48:10.8240220Z + '[' false = false ']'
2026-10-05T08:48:10.8240860Z ++ which /private/var/tmp/_bazel_telegram_ios/29e64aec8f64c22cffe1a8ef8cee6a69/execroot/_main/bazel-out/ios_arm64-opt-ios-arm64-min13.0-ST-57b073d392e5/bin/submodules/ffmpeg/FFMpegSource/gas-preprocessor.pl
2026-10-05T08:48:10.8242000Z + '[' '!' /private/var/tmp/_bazel_telegram_ios/29e64aec8f64c22cffe1a8ef8cee6a69/execroot/_main/bazel-out/ios_arm64-opt-ios-arm64-min13.0-ST-57b073d392e5/bin/submodules/ffmpeg/FFMpegSource/gas-preprocessor.pl ']'
2026-10-05T08:48:10.8243310Z + '[' '!' -r /private/var/tmp/_bazel_telegram_ios/29e64aec8f64c22cffe1a8ef8cee6a69/execroot/_main/bazel-out/ios_arm64-opt-ios-arm64-min13.0-ST-57b073d392e5/bin/submodules/ffmpeg/FFMpegSource/ffmpeg-7.1.1 ']'
2026-10-05T08:48:10.8243960Z + for RAW_ARCH in '$ARCHS'
2026-10-05T08:48:10.8244120Z + ARCH=arm64
2026-10-05T08:48:10.8244260Z + '[' arm64 == sim_arm64 ']'
2026-10-05T08:48:10.8244430Z + '[' arm64 == macos_arm64 ']'
2026-10-05T08:48:10.8244610Z + echo 'building arm64...'
2026-10-05T08:48:10.8245210Z + mkdir -p /private/var/tmp/_bazel_telegram_ios/29e64aec8f64c22cffe1a8ef8cee6a69/execroot/_main/bazel-out/ios_arm64-opt-ios-arm64-min13.0-ST-57b073d392e5/bin/submodules/ffmpeg/build/scratch/arm64
2026-10-05T08:48:10.8246260Z + pushd /private/var/tmp/_bazel_telegram_ios/29e64aec8f64c22cffe1a8ef8cee6a69/execroot/_main/bazel-out/ios_arm64-opt-ios-arm64-min13.0-ST-57b073d392e5/bin/submodules/ffmpeg/build/scratch/arm64
2026-10-05T08:48:10.8248720Z + LIBOPUS_PATH=/private/var/tmp/_bazel_telegram_ios/29e64aec8f64c22cffe1a8ef8cee6a69/execroot/_main/bazel-out/ios_arm64-opt-ios-arm64-min13.0-ST-57b073d392e5/bin/submodules/ffmpeg/FFMpegSource/libopus
2026-10-05T08:48:10.8250070Z + LIBVPX_PATH=/private/var/tmp/_bazel_telegram_ios/29e64aec8f64c22cffe1a8ef8cee6a69/execroot/_main/bazel-out/ios_arm64-opt-ios-arm64-min13.0-ST-57b073d392e5/bin/submodules/ffmpeg/FFMpegSource/libvpx
2026-10-05T08:48:10.8251420Z + LIBDAV1D_PATH=/private/var/tmp/_bazel_telegram_ios/29e64aec8f64c22cffe1a8ef8cee6a69/execroot/_main/bazel-out/ios_arm64-opt-ios-arm64-min13.0-ST-57b073d392e5/bin/submodules/ffmpeg/FFMpegSource/libdav1d
2026-10-05T08:48:10.8252090Z + '[' arm64 = linux_arm64 ']'
2026-10-05T08:48:10.8252270Z + '[' arm64 = linux_x86_64 ']'
2026-10-05T08:48:10.8252530Z + CFLAGS='-DCONFIG_SAFE_BITSTREAM_READER=1 -arch arm64'
2026-10-05T08:48:10.8252770Z + '[' arm64 = sim_arm64 ']'
2026-10-05T08:48:10.8252980Z + '[' arm64 = macos_arm64 ']'
2026-10-05T08:48:10.8253210Z + PLATFORM=iPhoneOS
2026-10-05T08:48:10.8253490Z + CFLAGS='-DCONFIG_SAFE_BITSTREAM_READER=1 -arch arm64 -mios-version-min=13.0'
2026-10-05T08:48:10.8253860Z + '[' arm64 = arm64 ']'
2026-10-05T08:48:10.8254030Z + EXPORT=GASPP_FIX_XCODE5=1
2026-10-05T08:48:10.8254230Z + '[' iPhoneOS '!=' linux ']'
2026-10-05T08:48:10.8254400Z ++ echo iPhoneOS
2026-10-05T08:48:10.8254550Z ++ tr '[:upper:]' '[:lower:]'
2026-10-05T08:48:10.8254710Z + XCRUN_SDK=iphoneos
2026-10-05T08:48:10.8254880Z + CC='xcrun -sdk iphoneos clang'
2026-10-05T08:48:10.8255050Z + '[' arm64 = arm64 ']'
2026-10-05T08:48:10.8255810Z + AS='/private/var/tmp/_bazel_telegram_ios/29e64aec8f64c22cffe1a8ef8cee6a69/execroot/_main/bazel-out/ios_arm64-opt-ios-arm64-min13.0-ST-57b073d392e5/bin/submodules/ffmpeg/FFMpegSource/gas-preprocessor.pl -arch aarch64 -- xcrun -sdk iphoneos clang'
2026-10-05T08:48:10.8256730Z + CXXFLAGS='-DCONFIG_SAFE_BITSTREAM_READER=1 -arch arm64 -mios-version-min=13.0'
2026-10-05T08:48:10.8257150Z + LDFLAGS='-DCONFIG_SAFE_BITSTREAM_READER=1 -arch arm64 -mios-version-min=13.0'
2026-10-05T08:48:10.8257960Z + CONFIGURED_MARKER=/private/var/tmp/_bazel_telegram_ios/29e64aec8f64c22cffe1a8ef8cee6a69/execroot/_main/bazel-out/ios_arm64-opt-ios-arm64-min13.0-ST-57b073d392e5/bin/submodules/ffmpeg/build/thin/arm64/configured_marker
2026-10-05T08:48:10.8258660Z + CONFIGURED_MARKER_CONTENTS=
2026-10-05T08:48:10.8259320Z + '[' -r /private/var/tmp/_bazel_telegram_ios/29e64aec8f64c22cffe1a8ef8cee6a69/execroot/_main/bazel-out/ios_arm64-opt-ios-arm64-min13.0-ST-57b073d392e5/bin/submodules/ffmpeg/build/thin/arm64/configured_marker ']'
2026-10-05T08:48:10.8262030Z + '[' '' = '--enable-cross-compile --disable-programs                  --disable-armv5te --disable-armv6 --disable-armv6t2                  --disable-doc --enable-pic --disable-all --disable-everything                  --enable-avcodec                   --enable-swresample                  --enable-avformat                  --disable-xlib                  --enable-libopus                  --enable-libvpx                  --enable-libdav1d                  --enable-bsf=aac_adtstoasc,vp9_superframe,h264_mp4toannexb                  --enable-decoder=h264,libvpx_vp9,hevc,libopus,flac,pcm_s16le,pcm_s24le,pcm_f32le,libdav1d,av1,mp3                  --enable-demuxer=aac,mov,m4v,mp3,ogg,libopus,flac,wav,aiff,matroska,mpegts,                  --enable-parser=aac,h264,mp3,libopus                  --enable-protocol=file                  --enable-muxer=mp4,matroska,ogg,mpegts                   --disable-debug' ']'
2026-10-05T08:48:10.8264950Z + mkdir -p /private/var/tmp/_bazel_telegram_ios/29e64aec8f64c22cffe1a8ef8cee6a69/execroot/_main/bazel-out/ios_arm64-opt-ios-arm64-min13.0-ST-57b073d392e5/bin/submodules/ffmpeg/build/thin/arm64
2026-10-05T08:48:10.8265570Z + '[' iPhoneOS = linux ']'
2026-10-05T08:48:10.8265780Z + TMPDIR=/var/folders/df/djsxfhc17x95674wsm_g8s980000gn/T
2026-10-05T08:48:10.8273050Z + /private/var/tmp/_bazel_telegram_ios/29e64aec8f64c22cffe1a8ef8cee6a69/execroot/_main/bazel-out/ios_arm64-opt-ios-arm64-min13.0-ST-57b073d392e5/bin/submodules/ffmpeg/FFMpegSource/ffmpeg-7.1.1/configure --target-os=darwin --arch=arm64 '--cc=xcrun -sdk iphoneos clang' '--as=/private/var/tmp/_bazel_telegram_ios/29e64aec8f64c22cffe1a8ef8cee6a69/execroot/_main/bazel-out/ios_arm64-opt-ios-arm64-min13.0-ST-57b073d392e5/bin/submodules/ffmpeg/FFMpegSource/gas-preprocessor.pl -arch aarch64 -- xcrun -sdk iphoneos clang' --enable-cross-compile --disable-programs --disable-armv5te --disable-armv6 --disable-armv6t2 --disable-doc --enable-pic --disable-all --disable-everything --enable-avcodec --enable-swresample --enable-avformat --disable-xlib --enable-libopus --enable-libvpx --enable-libdav1d --enable-bsf=aac_adtstoasc,vp9_superframe,h264_mp4toannexb --enable-decoder=h264,libvpx_vp9,hevc,libopus,flac,pcm_s16le,pcm_s24le,pcm_f32le,libdav1d,av1,mp3 --enable-demuxer=aac,mov,m4v,mp3,ogg,libopus,flac,wav,aiff,matroska,mpegts, --enable-parser=aac,h264,mp3,libopus --enable-protocol=file --enable-muxer=mp4,matroska,ogg,mpegts --disable-debug --enable-audiotoolbox --enable-decoder=alac_at,gsm_ms_at,aac_at --enable-encoder=libvpx_vp9,aac_at --enable-hwaccel=h264_videotoolbox,hevc_videotoolbox,av1_videotoolbox '--extra-cflags=-DCONFIG_SAFE_BITSTREAM_READER=1 -arch arm64 -mios-version-min=13.0' '--extra-ldflags=-DCONFIG_SAFE_BITSTREAM_READER=1 -arch arm64 -mios-version-min=13.0' --prefix=/private/var/tmp/_bazel_telegram_ios/29e64aec8f64c22cffe1a8ef8cee6a69/execroot/_main/bazel-out/ios_arm64-opt-ios-arm64-min13.0-ST-57b073d392e5/bin/submodules/ffmpeg/build/thin/arm64 --pkg-config=/private/var/tmp/_bazel_telegram_ios/29e64aec8f64c22cffe1a8ef8cee6a69/execroot/_main/bazel-out/ios_arm64-opt-ios-arm64-min13.0-ST-57b073d392e5/bin/submodules/ffmpeg/FFMpegSource/pkg-config '--pkg-config-flags=--libopus_path /private/var/tmp/_bazel_telegram_ios/29e64aec8f64c22cffe1a8ef8cee6a69/execroot/_main/bazel-out/ios_arm64-opt-ios-arm64-min13.0-ST-57b073d392e5/bin/submodules/ffmpeg/FFMpegSource/libopus --libvpx_path /private/var/tmp/_bazel_telegram_ios/29e64aec8f64c22cffe1a8ef8cee6a69/execroot/_main/bazel-out/ios_arm64-opt-ios-arm64-min13.0-ST-57b073d392e5/bin/submodules/ffmpeg/FFMpegSource/libvpx --libdav1d_path /private/var/tmp/_bazel_telegram_ios/29e64aec8f64c22cffe1a8ef8cee6a69/execroot/_main/bazel-out/ios_arm64-opt-ios-arm64-min13.0-ST-57b073d392e5/bin/submodules/ffmpeg/FFMpegSource/libdav1d'
2026-10-05T08:48:10.8281690Z /private/var/tmp/_bazel_telegram_ios/29e64aec8f64c22cffe1a8ef8cee6a69/execroot/_main/bazel-out/ios_arm64-opt-ios-arm64-min13.0-ST-57b073d392e5/bin/submodules/ffmpeg/FFMpegSource/pkg-config: line 116: ARGS: bad array subscript
2026-10-05T08:48:10.8283080Z /private/var/tmp/_bazel_telegram_ios/29e64aec8f64c22cffe1a8ef8cee6a69/execroot/_main/bazel-out/ios_arm64-opt-ios-arm64-min13.0-ST-57b073d392e5/bin/submodules/ffmpeg/FFMpegSource/pkg-config: line 116: ARGS: bad array subscript
2026-10-05T08:48:10.8284310Z /private/var/tmp/_bazel_telegram_ios/29e64aec8f64c22cffe1a8ef8cee6a69/execroot/_main/bazel-out/ios_arm64-opt-ios-arm64-min13.0-ST-57b073d392e5/bin/submodules/ffmpeg/FFMpegSource/pkg-config: line 116: ARGS: bad array subscript
2026-10-05T08:48:10.8285900Z /private/var/tmp/_bazel_telegram_ios/29e64aec8f64c22cffe1a8ef8cee6a69/execroot/_main/bazel-out/ios_arm64-opt-ios-arm64-min13.0-ST-57b073d392e5/bin/submodules/ffmpeg/FFMpegSource/pkg-config: line 116: ARGS: bad array subscript
2026-10-05T08:48:10.8287210Z /private/var/tmp/_bazel_telegram_ios/29e64aec8f64c22cffe1a8ef8cee6a69/execroot/_main/bazel-out/ios_arm64-opt-ios-arm64-min13.0-ST-57b073d392e5/bin/submodules/ffmpeg/FFMpegSource/pkg-config: line 116: ARGS: bad array subscript
2026-10-05T08:48:10.8290580Z + echo '--enable-cross-compile --disable-programs                  --disable-armv5te --disable-armv6 --disable-armv6t2                  --disable-doc --enable-pic --disable-all --disable-everything                  --enable-avcodec                   --enable-swresample                  --enable-avformat                  --disable-xlib                  --enable-libopus                  --enable-libvpx                  --enable-libdav1d                  --enable-bsf=aac_adtstoasc,vp9_superframe,h264_mp4toannexb                  --enable-decoder=h264,libvpx_vp9,hevc,libopus,flac,pcm_s16le,pcm_s24le,pcm_f32le,libdav1d,av1,mp3                  --enable-demuxer=aac,mov,m4v,mp3,ogg,libopus,flac,wav,aiff,matroska,mpegts,                  --enable-parser=aac,h264,mp3,libopus                  --enable-protocol=file                  --enable-muxer=mp4,matroska,ogg,mpegts                   --disable-debug'
2026-10-05T08:48:10.8293480Z ++ nproc
2026-10-05T08:48:10.8294760Z ++ PATH=/private/var/tmp/_bazel_telegram_ios/29e64aec8f64c22cffe1a8ef8cee6a69/execroot/_main/bazel-out/ios_arm64-opt-ios-arm64-min13.0-ST-57b073d392e5/bin/submodules/ffmpeg/FFMpegSource:/usr/bin:/bin:/usr/sbin:/sbin:/usr/sbin
2026-10-05T08:48:10.8295500Z ++ sysctl -n hw.logicalcpu
2026-10-05T08:48:10.8295670Z + CORE_COUNT=3
2026-10-05T08:48:10.8295840Z + make -j3 install GASPP_FIX_XCODE5=1
2026-10-05T08:48:10.8296300Z src/libavformat/rawdec.c:106:12: warning: unused function 'raw_data_read_header' [-Wunused-function]
2026-10-05T08:48:10.8296720Z   106 | static int raw_data_read_header(AVFormatContext *s)
2026-10-05T08:48:10.8297020Z       |            ^~~~~~~~~~~~~~~~~~~~
2026-10-05T08:48:10.8297250Z 1 warning generated.
2026-10-05T08:48:10.8297610Z src/libavcodec/aac_ac3_parser.c:151:17: warning: unused variable 'profile' [-Wunused-variable]
2026-10-05T08:48:10.8298020Z   151 |             int profile;
2026-10-05T08:48:10.8298250Z       |                 ^~~~~~~
2026-10-05T08:48:10.8298460Z 1 warning generated.
2026-10-05T08:48:10.8298840Z src/libavcodec/audiotoolboxdec.c:39:5: warning: '__MAC_OS_X_VERSION_MIN_REQUIRED' is not defined, evaluates to 0 [-Wundef]
2026-10-05T08:48:10.8299800Z    39 | #if __MAC_OS_X_VERSION_MIN_REQUIRED < 101100
2026-10-05T08:48:10.8300020Z       |     ^
2026-10-05T08:48:10.8300350Z src/libavcodec/audiotoolboxenc.c:678:1: warning: 'ch_layouts' is deprecated [-Wdeprecated-declarations]
2026-10-05T08:48:10.8300910Z   678 | FFAT_ENC(aac,          AV_CODEC_ID_AAC,          aac_profiles, , aac_at_channel_layouts, aac_at_ch_layouts)
2026-10-05T08:48:10.8301260Z       | ^
2026-10-05T08:48:10.8301510Z src/libavcodec/audiotoolboxenc.c:653:12: note: expanded from macro 'FFAT_ENC'
2026-10-05T08:48:10.8301840Z   653 |         .p.ch_layouts   = CH_LAYOUTS, \
2026-10-05T08:48:10.8302050Z       |            ^
2026-10-05T08:48:10.8302340Z src/libavcodec/codec.h:240:5: note: 'ch_layouts' has been explicitly marked deprecated here
2026-10-05T08:48:10.8302690Z   240 |     attribute_deprecated
2026-10-05T08:48:10.8302860Z       |     ^
2026-10-05T08:48:10.8303130Z src/libavutil/attributes.h:100:49: note: expanded from macro 'attribute_deprecated'
2026-10-05T08:48:10.8303550Z   100 | #    define attribute_deprecated __attribute__((deprecated))
2026-10-05T08:48:10.8303860Z       |                                                 ^
2026-10-05T08:48:10.8304530Z src/libavcodec/audiotoolboxenc.c:678:1: warning: 'sample_fmts' is deprecated [-Wdeprecated-declarations]
2026-10-05T08:48:10.8305170Z   678 | FFAT_ENC(aac,          AV_CODEC_ID_AAC,          aac_profiles, , aac_at_channel_layouts, aac_at_ch_layouts)
2026-10-05T08:48:10.8305510Z       | ^
2026-10-05T08:48:10.8305760Z src/libavcodec/audiotoolboxenc.c:654:12: note: expanded from macro 'FFAT_ENC'
2026-10-05T08:48:10.8306210Z   654 |         .p.sample_fmts  = (const enum AVSampleFormat[]) { \
2026-10-05T08:48:10.8306450Z       |            ^
2026-10-05T08:48:10.8306740Z src/libavcodec/codec.h:218:5: note: 'sample_fmts' has been explicitly marked deprecated here
2026-10-05T08:48:10.8307080Z   218 |     attribute_deprecated
2026-10-05T08:48:10.8307260Z       |     ^
2026-10-05T08:48:10.8307520Z src/libavutil/attributes.h:100:49: note: expanded from macro 'attribute_deprecated'
2026-10-05T08:48:10.8307900Z   100 | #    define attribute_deprecated __attribute__((deprecated))
2026-10-05T08:48:10.8308180Z       |                                                 ^
2026-10-05T08:48:10.8308570Z src/libavcodec/audiotoolboxenc.c:680:1: warning: 'ch_layouts' is deprecated [-Wdeprecated-declarations]
2026-10-05T08:48:10.8309020Z   680 | FFAT_ENC(alac,         AV_CODEC_ID_ALAC,         NULL, , NULL, NULL)
2026-10-05T08:48:10.8309280Z       | ^
2026-10-05T08:48:10.8309520Z src/libavcodec/audiotoolboxenc.c:653:12: note: expanded from macro 'FFAT_ENC'
2026-10-05T08:48:10.8309840Z   653 |         .p.ch_layouts   = CH_LAYOUTS, \
2026-10-05T08:48:10.8318610Z       |            ^
2026-10-05T08:48:10.8319030Z src/libavcodec/codec.h:240:5: note: 'ch_layouts' has been explicitly marked deprecated here
2026-10-05T08:48:10.8319380Z   240 |     attribute_deprecated
2026-10-05T08:48:10.8319910Z       |     ^
2026-10-05T08:48:10.8320200Z src/libavutil/attributes.h:100:49: note: expanded from macro 'attribute_deprecated'
2026-10-05T08:48:10.8320600Z   100 | #    define attribute_deprecated __attribute__((deprecated))
2026-10-05T08:48:10.8320910Z       |                                                 ^
2026-10-05T08:48:10.8321400Z src/libavcodec/audiotoolboxenc.c:680:1: warning: 'sample_fmts' is deprecated [-Wdeprecated-declarations]
2026-10-05T08:48:10.8321860Z   680 | FFAT_ENC(alac,         AV_CODEC_ID_ALAC,         NULL, , NULL, NULL)
2026-10-05T08:48:10.8322130Z       | ^
2026-10-05T08:48:10.8322390Z src/libavcodec/audiotoolboxenc.c:654:12: note: expanded from macro 'FFAT_ENC'
2026-10-05T08:48:10.8322760Z   654 |         .p.sample_fmts  = (const enum AVSampleFormat[]) { \
2026-10-05T08:48:10.8323020Z       |            ^
2026-10-05T08:48:10.8323310Z src/libavcodec/codec.h:218:5: note: 'sample_fmts' has been explicitly marked deprecated here
2026-10-05T08:48:10.8323650Z   218 |     attribute_deprecated
2026-10-05T08:48:10.8323820Z       |     ^
2026-10-05T08:48:10.8324080Z src/libavutil/attributes.h:100:49: note: expanded from macro 'attribute_deprecated'
2026-10-05T08:48:10.8324470Z   100 | #    define attribute_deprecated __attribute__((deprecated))
2026-10-05T08:48:10.8324750Z       |                                                 ^
2026-10-05T08:48:10.8325140Z src/libavcodec/audiotoolboxenc.c:681:1: warning: 'ch_layouts' is deprecated [-Wdeprecated-declarations]
2026-10-05T08:48:10.8325590Z   681 | FFAT_ENC(ilbc,         AV_CODEC_ID_ILBC,         NULL, , NULL, NULL)
2026-10-05T08:48:10.8325850Z       | ^
2026-10-05T08:48:10.8326090Z src/libavcodec/audiotoolboxenc.c:653:12: note: expanded from macro 'FFAT_ENC'
2026-10-05T08:48:10.8326410Z   653 |         .p.ch_layouts   = CH_LAYOUTS, \
2026-10-05T08:48:10.8326610Z       |            ^
2026-10-05T08:48:10.8326890Z src/libavcodec/codec.h:240:5: note: 'ch_layouts' has been explicitly marked deprecated here
2026-10-05T08:48:10.8327230Z   240 |     attribute_deprecated
2026-10-05T08:48:10.8327400Z       |     ^
2026-10-05T08:48:10.8327650Z src/libavutil/attributes.h:100:49: note: expanded from macro 'attribute_deprecated'
2026-10-05T08:48:10.8328040Z   100 | #    define attribute_deprecated __attribute__((deprecated))
2026-10-05T08:48:10.8328820Z       |                                                 ^
2026-10-05T08:48:10.8329210Z src/libavcodec/audiotoolboxenc.c:681:1: warning: 'sample_fmts' is deprecated [-Wdeprecated-declarations]
2026-10-05T08:48:10.8329760Z   681 | FFAT_ENC(ilbc,         AV_CODEC_ID_ILBC,         NULL, , NULL, NULL)
2026-10-05T08:48:10.8330150Z       | ^
2026-10-05T08:48:10.8330430Z src/libavcodec/audiotoolboxenc.c:654:12: note: expanded from macro 'FFAT_ENC'
2026-10-05T08:48:10.8330790Z   654 |         .p.sample_fmts  = (const enum AVSampleFormat[]) { \
2026-10-05T08:48:10.8331040Z       |            ^
2026-10-05T08:48:10.8331360Z src/libavcodec/codec.h:218:5: note: 'sample_fmts' has been explicitly marked deprecated here
2026-10-05T08:48:10.8331760Z   218 |     attribute_deprecated
2026-10-05T08:48:10.8331940Z       |     ^
2026-10-05T08:48:10.8332190Z src/libavutil/attributes.h:100:49: note: expanded from macro 'attribute_deprecated'
2026-10-05T08:48:10.8332580Z   100 | #    define attribute_deprecated __attribute__((deprecated))
2026-10-05T08:48:10.8332870Z       |                                                 ^
2026-10-05T08:48:10.8333660Z src/libavcodec/audiotoolboxenc.c:682:1: warning: 'ch_layouts' is deprecated [-Wdeprecated-declarations]
2026-10-05T08:48:10.8334310Z   682 | FFAT_ENC(pcm_alaw,     AV_CODEC_ID_PCM_ALAW,     NULL, , NULL, NULL)
2026-10-05T08:48:10.8334610Z       | ^
2026-10-05T08:48:10.8334850Z src/libavcodec/audiotoolboxenc.c:653:12: note: expanded from macro 'FFAT_ENC'
2026-10-05T08:48:10.8335180Z   653 |         .p.ch_layouts   = CH_LAYOUTS, \
2026-10-05T08:48:10.8335380Z       |            ^
2026-10-05T08:48:10.8335850Z src/libavcodec/codec.h:240:5: note: 'ch_layouts' has been explicitly marked deprecated here
2026-10-05T08:48:10.8336200Z   240 |     attribute_deprecated
2026-10-05T08:48:10.8336370Z       |     ^
2026-10-05T08:48:10.8336630Z src/libavutil/attributes.h:100:49: note: expanded from macro 'attribute_deprecated'
2026-10-05T08:48:10.8337030Z   100 | #    define attribute_deprecated __attribute__((deprecated))
2026-10-05T08:48:10.8337450Z       |                                                 ^
2026-10-05T08:48:10.8337850Z src/libavcodec/audiotoolboxenc.c:682:1: warning: 'sample_fmts' is deprecated [-Wdeprecated-declarations]
2026-10-05T08:48:10.8338380Z   682 | FFAT_ENC(pcm_alaw,     AV_CODEC_ID_PCM_ALAW,     NULL, , NULL, NULL)
2026-10-05T08:48:10.8338680Z       | ^
2026-10-05T08:48:10.8338930Z src/libavcodec/audiotoolboxenc.c:654:12: note: expanded from macro 'FFAT_ENC'
2026-10-05T08:48:10.8339420Z   654 |         .p.sample_fmts  = (const enum AVSampleFormat[]) { \
2026-10-05T08:48:10.8339670Z       |            ^
2026-10-05T08:48:10.8339960Z src/libavcodec/codec.h:218:5: note: 'sample_fmts' has been explicitly marked deprecated here
2026-10-05T08:48:10.8340310Z   218 |     attribute_deprecated
2026-10-05T08:48:10.8340480Z       |     ^
2026-10-05T08:48:10.8340740Z src/libavutil/attributes.h:100:49: note: expanded from macro 'attribute_deprecated'
2026-10-05T08:48:10.8341140Z   100 | #    define attribute_deprecated __attribute__((deprecated))
2026-10-05T08:48:10.8341500Z       |                                                 ^
2026-10-05T08:48:10.8341890Z src/libavcodec/audiotoolboxenc.c:683:1: warning: 'ch_layouts' is deprecated [-Wdeprecated-declarations]
2026-10-05T08:48:10.8357700Z   683 | FFAT_ENC(pcm_mulaw,    AV_CODEC_ID_PCM_MULAW,    NULL, , NULL, NULL)
2026-10-05T08:48:10.8357980Z       | ^
2026-10-05T08:48:10.8358250Z src/libavcodec/audiotoolboxenc.c:653:12: note: expanded from macro 'FFAT_ENC'
2026-10-05T08:48:10.8358570Z   653 |         .p.ch_layouts   = CH_LAYOUTS, \
2026-10-05T08:48:10.8358780Z       |            ^
2026-10-05T08:48:10.8359070Z src/libavcodec/codec.h:240:5: note: 'ch_layouts' has been explicitly marked deprecated here
2026-10-05T08:48:10.8359410Z   240 |     attribute_deprecated
2026-10-05T08:48:10.8359580Z       |     ^
2026-10-05T08:48:10.8359830Z src/libavutil/attributes.h:100:49: note: expanded from macro 'attribute_deprecated'
2026-10-05T08:48:10.8360580Z   100 | #    define attribute_deprecated __attribute__((deprecated))
2026-10-05T08:48:10.8360880Z       |                                                 ^
2026-10-05T08:48:10.8361260Z src/libavcodec/audiotoolboxenc.c:683:1: warning: 'sample_fmts' is deprecated [-Wdeprecated-declarations]
2026-10-05T08:48:10.8361720Z   683 | FFAT_ENC(pcm_mulaw,    AV_CODEC_ID_PCM_MULAW,    NULL, , NULL, NULL)
2026-10-05T08:48:10.8361990Z       | ^
2026-10-05T08:48:10.8362230Z src/libavcodec/audiotoolboxenc.c:654:12: note: expanded from macro 'FFAT_ENC'
2026-10-05T08:48:10.8362590Z   654 |         .p.sample_fmts  = (const enum AVSampleFormat[]) { \
2026-10-05T08:48:10.8362840Z       |            ^
2026-10-05T08:48:10.8363210Z src/libavcodec/codec.h:218:5: note: 'sample_fmts' has been explicitly marked deprecated here
2026-10-05T08:48:10.8363600Z   218 |     attribute_deprecated
2026-10-05T08:48:10.8363860Z       |     ^
2026-10-05T08:48:10.8364130Z src/libavutil/attributes.h:100:49: note: expanded from macro 'attribute_deprecated'
2026-10-05T08:48:10.8364520Z   100 | #    define attribute_deprecated __attribute__((deprecated))
2026-10-05T08:48:10.8364810Z       |                                                 ^
2026-10-05T08:48:10.8365020Z 1 warning generated.
2026-10-05T08:48:10.8365170Z 10 warnings generated.
2026-10-05T08:48:10.8365470Z src/libavcodec/flacdec.c:830:8: warning: 'sample_fmts' is deprecated [-Wdeprecated-declarations]
2026-10-05T08:48:10.8365920Z   830 |     .p.sample_fmts  = (const enum AVSampleFormat[]) { AV_SAMPLE_FMT_S16,
2026-10-05T08:48:10.8366200Z       |        ^
2026-10-05T08:48:10.8366470Z src/libavcodec/codec.h:218:5: note: 'sample_fmts' has been explicitly marked deprecated here
2026-10-05T08:48:10.8366930Z   218 |     attribute_deprecated
2026-10-05T08:48:10.8367150Z       |     ^
2026-10-05T08:48:10.8367430Z src/libavutil/attributes.h:100:49: note: expanded from macro 'attribute_deprecated'
2026-10-05T08:48:10.8367820Z   100 | #    define attribute_deprecated __attribute__((deprecated))
2026-10-05T08:48:10.8368100Z       |                                                 ^
2026-10-05T08:48:10.8368380Z 1 warning generated.
2026-10-05T08:48:10.8368780Z src/libavcodec/libopusdec.c:247:8: warning: 'sample_fmts' is deprecated [-Wdeprecated-declarations]
2026-10-05T08:48:10.8370460Z   247 |     .p.sample_fmts  = (const enum AVSampleFormat[]){ AV_SAMPLE_FMT_FLT,
2026-10-05T08:48:10.8371200Z       |        ^
2026-10-05T08:48:10.8371630Z src/libavcodec/codec.h:218:5: note: 'sample_fmts' has been explicitly marked deprecated here
2026-10-05T08:48:10.8372030Z   218 |     attribute_deprecated
2026-10-05T08:48:10.8372250Z       |     ^
2026-10-05T08:48:10.8372670Z src/libavutil/attributes.h:100:49: note: expanded from macro 'attribute_deprecated'
2026-10-05T08:48:10.8373120Z   100 | #    define attribute_deprecated __attribute__((deprecated))
2026-10-05T08:48:10.8373480Z       |                                                 ^
2026-10-05T08:48:10.8373690Z 1 warning generated.
2026-10-05T08:48:10.8374130Z src/libavcodec/mpegaudiodec_fixed.c:109:8: warning: 'sample_fmts' is deprecated [-Wdeprecated-declarations]
2026-10-05T08:48:10.8374740Z   109 |     .p.sample_fmts  = (const enum AVSampleFormat[]) { AV_SAMPLE_FMT_S16P,
2026-10-05T08:48:10.8375110Z       |        ^
2026-10-05T08:48:10.8375440Z src/libavcodec/codec.h:218:5: note: 'sample_fmts' has been explicitly marked deprecated here
2026-10-05T08:48:10.8375830Z   218 |     attribute_deprecated
2026-10-05T08:48:10.8376010Z       |     ^
2026-10-05T08:48:10.8376390Z src/libavutil/attributes.h:100:49: note: expanded from macro 'attribute_deprecated'
2026-10-05T08:48:10.8376830Z   100 | #    define attribute_deprecated __attribute__((deprecated))
2026-10-05T08:48:10.8377200Z       |                                                 ^
2026-10-05T08:48:10.8377560Z src/libavcodec/pcm.c:287:39: warning: 'sample_fmts' is deprecated [-Wdeprecated-declarations]
2026-10-05T08:48:10.8377950Z   287 |     avctx->sample_fmt = avctx->codec->sample_fmts[0];
2026-10-05T08:48:10.8378390Z       |                                       ^
2026-10-05T08:48:10.8378840Z src/libavcodec/codec.h:218:5: note: 'sample_fmts' has been explicitly marked deprecated here
2026-10-05T08:48:10.8379230Z   218 |     attribute_deprecated
2026-10-05T08:48:10.8379520Z       |     ^
2026-10-05T08:48:10.8379810Z src/libavutil/attributes.h:100:49: note: expanded from macro 'attribute_deprecated'
2026-10-05T08:48:10.8380430Z   100 | #    define attribute_deprecated __attribute__((deprecated))
2026-10-05T08:48:10.8381270Z       |                                                 ^
2026-10-05T08:48:10.8381790Z src/libavcodec/pcm.c:602:1: warning: 'sample_fmts' is deprecated [-Wdeprecated-declarations]
2026-10-05T08:48:10.8382410Z   602 | PCM_CODEC  (PCM_F32LE,        AV_SAMPLE_FMT_FLT, pcm_f32le,        "PCM 32-bit floating point little-endian");
2026-10-05T08:48:10.8382830Z       | ^
2026-10-05T08:48:10.8383060Z src/libavcodec/pcm.c:595:5: note: expanded from macro 'PCM_CODEC'
2026-10-05T08:48:10.8383380Z   595 |     PCM_DECODER(id, sample_fmt_, name, long_name_)
2026-10-05T08:48:10.8383600Z       |     ^
2026-10-05T08:48:10.8383820Z src/libavcodec/pcm.c:591:5: note: expanded from macro 'PCM_DECODER'
2026-10-05T08:48:10.8384200Z   591 |     PCM_DECODER_3(CONFIG_ ## id ## _DECODER, id, sample_fmt, name, long_name)
2026-10-05T08:48:10.8384490Z       |     ^
2026-10-05T08:48:10.8384760Z src/libavcodec/pcm.c:589:5: note: expanded from macro 'PCM_DECODER_3'
2026-10-05T08:48:10.8385130Z   589 |     PCM_DECODER_2(cf, id, sample_fmt, name, long_name)
2026-10-05T08:48:10.8385410Z       |     ^
2026-10-05T08:48:10.8385670Z src/libavcodec/pcm.c:587:5: note: expanded from macro 'PCM_DECODER_2'
2026-10-05T08:48:10.8386280Z   587 |     PCM_DECODER_ ## cf(id, sample_fmt, name, long_name)
2026-10-05T08:48:10.8386540Z       |     ^
2026-10-05T08:48:10.8386710Z <scratch space>:117:1: note: expanded from here
2026-10-05T08:48:10.8386930Z   117 | PCM_DECODER_1
2026-10-05T08:48:10.8387080Z       | ^
2026-10-05T08:48:10.8387290Z src/libavcodec/pcm.c:582:8: note: expanded from macro 'PCM_DECODER_1'
2026-10-05T08:48:10.8387670Z   582 |     .p.sample_fmts  = (const enum AVSampleFormat[]){ sample_fmt_,           \
2026-10-05T08:48:10.8387980Z       |        ^
2026-10-05T08:48:10.8388330Z src/libavcodec/codec.h:218:5: note: 'sample_fmts' has been explicitly marked deprecated here
2026-10-05T08:48:10.8388690Z   218 |     attribute_deprecated
2026-10-05T08:48:10.8388860Z       |     ^
2026-10-05T08:48:10.8389120Z src/libavutil/attributes.h:100:49: note: expanded from macro 'attribute_deprecated'
2026-10-05T08:48:10.8389500Z   100 | #    define attribute_deprecated __attribute__((deprecated))
2026-10-05T08:48:10.8389790Z       |                                                 ^
2026-10-05T08:48:10.8390150Z src/libavcodec/pcm.c:611:1: warning: 'sample_fmts' is deprecated [-Wdeprecated-declarations]
2026-10-05T08:48:10.8390640Z   611 | PCM_CODEC  (PCM_S16LE,        AV_SAMPLE_FMT_S16, pcm_s16le,        "PCM signed 16-bit little-endian");
2026-10-05T08:48:10.8390990Z       | ^
2026-10-05T08:48:10.8391190Z src/libavcodec/pcm.c:595:5: note: expanded from macro 'PCM_CODEC'
2026-10-05T08:48:10.8391500Z   595 |     PCM_DECODER(id, sample_fmt_, name, long_name_)
2026-10-05T08:48:10.8391710Z       |     ^
2026-10-05T08:48:10.8391930Z src/libavcodec/pcm.c:591:5: note: expanded from macro 'PCM_DECODER'
2026-10-05T08:48:10.8392300Z   591 |     PCM_DECODER_3(CONFIG_ ## id ## _DECODER, id, sample_fmt, name, long_name)
2026-10-05T08:48:10.8392580Z       |     ^
2026-10-05T08:48:10.8392800Z src/libavcodec/pcm.c:589:5: note: expanded from macro 'PCM_DECODER_3'
2026-10-05T08:48:10.8393130Z   589 |     PCM_DECODER_2(cf, id, sample_fmt, name, long_name)
2026-10-05T08:48:10.8393360Z       |     ^
2026-10-05T08:48:10.8393580Z src/libavcodec/pcm.c:587:5: note: expanded from macro 'PCM_DECODER_2'
2026-10-05T08:48:10.8393900Z   587 |     PCM_DECODER_ ## cf(id, sample_fmt, name, long_name)
2026-10-05T08:48:10.8394140Z       |     ^
2026-10-05T08:48:10.8394430Z <scratch space>:172:1: note: expanded from here
2026-10-05T08:48:10.8394640Z   172 | PCM_DECODER_1
2026-10-05T08:48:10.8394790Z       | ^
2026-10-05T08:48:10.8395000Z src/libavcodec/pcm.c:582:8: note: expanded from macro 'PCM_DECODER_1'
2026-10-05T08:48:10.8395370Z   582 |     .p.sample_fmts  = (const enum AVSampleFormat[]){ sample_fmt_,           \
2026-10-05T08:48:10.8395660Z       |        ^
2026-10-05T08:48:10.8395940Z src/libavcodec/codec.h:218:5: note: 'sample_fmts' has been explicitly marked deprecated here
2026-10-05T08:48:10.8396290Z   218 |     attribute_deprecated
2026-10-05T08:48:10.8396460Z       |     ^
2026-10-05T08:48:10.8396760Z src/libavutil/attributes.h:100:49: note: expanded from macro 'attribute_deprecated'
2026-10-05T08:48:10.8397230Z   100 | #    define attribute_deprecated __attribute__((deprecated))
2026-10-05T08:48:10.8397670Z       |                                                 ^
2026-10-05T08:48:10.8398020Z src/libavcodec/pcm.c:615:1: warning: 'sample_fmts' is deprecated [-Wdeprecated-declarations]
2026-10-05T08:48:10.8398620Z   615 | PCM_CODEC  (PCM_S24LE,        AV_SAMPLE_FMT_S32, pcm_s24le,        "PCM signed 24-bit little-endian");
2026-10-05T08:48:10.8399030Z       | ^
2026-10-05T08:48:10.8399260Z src/libavcodec/pcm.c:595:5: note: expanded from macro 'PCM_CODEC'
2026-10-05T08:48:10.8399630Z   595 |     PCM_DECODER(id, sample_fmt_, name, long_name_)
2026-10-05T08:48:10.8399890Z       |     ^
2026-10-05T08:48:10.8400140Z src/libavcodec/pcm.c:591:5: note: expanded from macro 'PCM_DECODER'
2026-10-05T08:48:10.8400530Z   591 |     PCM_DECODER_3(CONFIG_ ## id ## _DECODER, id, sample_fmt, name, long_name)
2026-10-05T08:48:10.8400830Z       |     ^
2026-10-05T08:48:10.8401200Z src/libavcodec/pcm.c:589:5: note: expanded from macro 'PCM_DECODER_3'
2026-10-05T08:48:10.8401560Z   589 |     PCM_DECODER_2(cf, id, sample_fmt, name, long_name)
2026-10-05T08:48:10.8401790Z       |     ^
2026-10-05T08:48:10.8402010Z src/libavcodec/pcm.c:587:5: note: expanded from macro 'PCM_DECODER_2'
2026-10-05T08:48:10.8402340Z   587 |     PCM_DECODER_ ## cf(id, sample_fmt, name, long_name)
2026-10-05T08:48:10.8402780Z       |     ^
2026-10-05T08:48:10.8404340Z <scratch space>:200:1: note: expanded from here
2026-10-05T08:48:10.8404590Z   200 | PCM_DECODER_1
2026-10-05T08:48:10.8404740Z       | ^
2026-10-05T08:48:10.8405010Z src/libavcodec/pcm.c:582:8: note: expanded from macro 'PCM_DECODER_1'
2026-10-05T08:48:10.8405450Z   582 |     .p.sample_fmts  = (const enum AVSampleFormat[]){ sample_fmt_,           \
2026-10-05T08:48:10.8405750Z       |        ^
2026-10-05T08:48:10.8406030Z src/libavcodec/codec.h:218:5: note: 'sample_fmts' has been explicitly marked deprecated here
2026-10-05T08:48:10.8406420Z   218 |     attribute_deprecated
2026-10-05T08:48:10.8406740Z       |     ^
2026-10-05T08:48:10.8407120Z src/libavutil/attributes.h:100:49: note: expanded from macro 'attribute_deprecated'
2026-10-05T08:48:10.8407710Z   100 | #    define attribute_deprecated __attribute__((deprecated))
2026-10-05T08:48:10.8408080Z       |                                                 ^
2026-10-05T08:48:10.8408430Z src/libavcodec/pcm.c:41:20: warning: unused function 'pcm_encode_init' [-Wunused-function]
2026-10-05T08:48:10.8408940Z    41 | static av_cold int pcm_encode_init(AVCodecContext *avctx)
2026-10-05T08:48:10.8409310Z       |                    ^~~~~~~~~~~~~~~
2026-10-05T08:48:10.8409830Z src/libavcodec/pcm.c:96:12: warning: unused function 'pcm_encode_frame' [-Wunused-function]
2026-10-05T08:48:10.8410460Z    96 | static int pcm_encode_frame(AVCodecContext *avctx, AVPacket *avpkt,
2026-10-05T08:48:10.8410770Z       |            ^~~~~~~~~~~~~~~~
2026-10-05T08:48:10.8410940Z 6 warnings generated.
2026-10-05T08:48:10.8411100Z 1 warning generated.
2026-10-05T08:48:10.8411600Z src/libavutil/hwcontext_videotoolbox.c:591:34: warning: comparison of different enumeration types ('enum AVColorPrimaries' and 'enum AVColorSpace') [-Wenum-compare]
2026-10-05T08:48:10.8412190Z   591 |         if (src->color_primaries != AVCOL_SPC_UNSPECIFIED)
2026-10-05T08:48:10.8412940Z       |             ~~~~~~~~~~~~~~~~~~~~ ^  ~~~~~~~~~~~~~~~~~~~~~
2026-10-05T08:48:10.8413280Z 1 warning generated.
2026-10-05T08:48:10.8413440Z + popd
2026-10-05T08:48:10.8413650Z + UPDATED_LIBS_HASH=
2026-10-05T08:48:10.8413890Z + for ARCH in '$ARCHS'
2026-10-05T08:48:10.8414080Z + for LIB_NAME in '$LIB_NAMES'
2026-10-05T08:48:10.8414760Z + LIB=/private/var/tmp/_bazel_telegram_ios/29e64aec8f64c22cffe1a8ef8cee6a69/execroot/_main/bazel-out/ios_arm64-opt-ios-arm64-min13.0-ST-57b073d392e5/bin/submodules/ffmpeg/build/thin/arm64/lib/libavcodec.a
2026-10-05T08:48:10.8416010Z + '[' -f /private/var/tmp/_bazel_telegram_ios/29e64aec8f64c22cffe1a8ef8cee6a69/execroot/_main/bazel-out/ios_arm64-opt-ios-arm64-min13.0-ST-57b073d392e5/bin/submodules/ffmpeg/build/thin/arm64/lib/libavcodec.a ']'
2026-10-05T08:48:10.8417180Z ++ crc32 /private/var/tmp/_bazel_telegram_ios/29e64aec8f64c22cffe1a8ef8cee6a69/execroot/_main/bazel-out/ios_arm64-opt-ios-arm64-min13.0-ST-57b073d392e5/bin/submodules/ffmpeg/build/thin/arm64/lib/libavcodec.a
2026-10-05T08:48:10.8417840Z + LIB_DATE=6ee66363
2026-10-05T08:48:10.8418530Z + UPDATED_LIBS_HASH=' arm64//private/var/tmp/_bazel_telegram_ios/29e64aec8f64c22cffe1a8ef8cee6a69/execroot/_main/bazel-out/ios_arm64-opt-ios-arm64-min13.0-ST-57b073d392e5/bin/submodules/ffmpeg/build/thin/arm64/lib/libavcodec.a:6ee66363'
2026-10-05T08:48:10.8419310Z + for LIB_NAME in '$LIB_NAMES'
2026-10-05T08:48:10.8427990Z + LIB=/private/var/tmp/_bazel_telegram_ios/29e64aec8f64c22cffe1a8ef8cee6a69/execroot/_main/bazel-out/ios_arm64-opt-ios-arm64-min13.0-ST-57b073d392e5/bin/submodules/ffmpeg/build/thin/arm64/lib/libavformat.a
2026-10-05T08:48:10.8429410Z + '[' -f /private/var/tmp/_bazel_telegram_ios/29e64aec8f64c22cffe1a8ef8cee6a69/execroot/_main/bazel-out/ios_arm64-opt-ios-arm64-min13.0-ST-57b073d392e5/bin/submodules/ffmpeg/build/thin/arm64/lib/libavformat.a ']'
2026-10-05T08:48:10.8430560Z ++ crc32 /private/var/tmp/_bazel_telegram_ios/29e64aec8f64c22cffe1a8ef8cee6a69/execroot/_main/bazel-out/ios_arm64-opt-ios-arm64-min13.0-ST-57b073d392e5/bin/submodules/ffmpeg/build/thin/arm64/lib/libavformat.a
2026-10-05T08:48:10.8431240Z + LIB_DATE=17d48612
2026-10-05T08:48:10.8432540Z + UPDATED_LIBS_HASH=' arm64//private/var/tmp/_bazel_telegram_ios/29e64aec8f64c22cffe1a8ef8cee6a69/execroot/_main/bazel-out/ios_arm64-opt-ios-arm64-min13.0-ST-57b073d392e5/bin/submodules/ffmpeg/build/thin/arm64/lib/libavcodec.a:6ee66363 arm64//private/var/tmp/_bazel_telegram_ios/29e64aec8f64c22cffe1a8ef8cee6a69/execroot/_main/bazel-out/ios_arm64-opt-ios-arm64-min13.0-ST-57b073d392e5/bin/submodules/ffmpeg/build/thin/arm64/lib/libavformat.a:17d48612'
2026-10-05T08:48:10.8433880Z + for LIB_NAME in '$LIB_NAMES'
2026-10-05T08:48:10.8434520Z + LIB=/private/var/tmp/_bazel_telegram_ios/29e64aec8f64c22cffe1a8ef8cee6a69/execroot/_main/bazel-out/ios_arm64-opt-ios-arm64-min13.0-ST-57b073d392e5/bin/submodules/ffmpeg/build/thin/arm64/lib/libavutil.a
2026-10-05T08:48:10.8435640Z + '[' -f /private/var/tmp/_bazel_telegram_ios/29e64aec8f64c22cffe1a8ef8cee6a69/execroot/_main/bazel-out/ios_arm64-opt-ios-arm64-min13.0-ST-57b073d392e5/bin/submodules/ffmpeg/build/thin/arm64/lib/libavutil.a ']'
2026-10-05T08:48:10.8436750Z ++ crc32 /private/var/tmp/_bazel_telegram_ios/29e64aec8f64c22cffe1a8ef8cee6a69/execroot/_main/bazel-out/ios_arm64-opt-ios-arm64-min13.0-ST-57b073d392e5/bin/submodules/ffmpeg/build/thin/arm64/lib/libavutil.a
2026-10-05T08:48:10.8437400Z + LIB_DATE=fae6b22e
2026-10-05T08:48:10.8439350Z + UPDATED_LIBS_HASH=' arm64//private/var/tmp/_bazel_telegram_ios/29e64aec8f64c22cffe1a8ef8cee6a69/execroot/_main/bazel-out/ios_arm64-opt-ios-arm64-min13.0-ST-57b073d392e5/bin/submodules/ffmpeg/build/thin/arm64/lib/libavcodec.a:6ee66363 arm64//private/var/tmp/_bazel_telegram_ios/29e64aec8f64c22cffe1a8ef8cee6a69/execroot/_main/bazel-out/ios_arm64-opt-ios-arm64-min13.0-ST-57b073d392e5/bin/submodules/ffmpeg/build/thin/arm64/lib/libavformat.a:17d48612 arm64//private/var/tmp/_bazel_telegram_ios/29e64aec8f64c22cffe1a8ef8cee6a69/execroot/_main/bazel-out/ios_arm64-opt-ios-arm64-min13.0-ST-57b073d392e5/bin/submodules/ffmpeg/build/thin/arm64/lib/libavutil.a:fae6b22e'
2026-10-05T08:48:10.8441520Z + for LIB_NAME in '$LIB_NAMES'
2026-10-05T08:48:10.8442320Z + LIB=/private/var/tmp/_bazel_telegram_ios/29e64aec8f64c22cffe1a8ef8cee6a69/execroot/_main/bazel-out/ios_arm64-opt-ios-arm64-min13.0-ST-57b073d392e5/bin/submodules/ffmpeg/build/thin/arm64/lib/libswresample.a
2026-10-05T08:48:10.8443860Z + '[' -f /private/var/tmp/_bazel_telegram_ios/29e64aec8f64c22cffe1a8ef8cee6a69/execroot/_main/bazel-out/ios_arm64-opt-ios-arm64-min13.0-ST-57b073d392e5/bin/submodules/ffmpeg/build/thin/arm64/lib/libswresample.a ']'
2026-10-05T08:48:10.8445570Z ++ crc32 /private/var/tmp/_bazel_telegram_ios/29e64aec8f64c22cffe1a8ef8cee6a69/execroot/_main/bazel-out/ios_arm64-opt-ios-arm64-min13.0-ST-57b073d392e5/bin/submodules/ffmpeg/build/thin/arm64/lib/libswresample.a
2026-10-05T08:48:10.8446350Z + LIB_DATE=b9b38d98
2026-10-05T08:48:10.8449490Z + UPDATED_LIBS_HASH=' arm64//private/var/tmp/_bazel_telegram_ios/29e64aec8f64c22cffe1a8ef8cee6a69/execroot/_main/bazel-out/ios_arm64-opt-ios-arm64-min13.0-ST-57b073d392e5/bin/submodules/ffmpeg/build/thin/arm64/lib/libavcodec.a:6ee66363 arm64//private/var/tmp/_bazel_telegram_ios/29e64aec8f64c22cffe1a8ef8cee6a69/execroot/_main/bazel-out/ios_arm64-opt-ios-arm64-min13.0-ST-57b073d392e5/bin/submodules/ffmpeg/build/thin/arm64/lib/libavformat.a:17d48612 arm64//private/var/tmp/_bazel_telegram_ios/29e64aec8f64c22cffe1a8ef8cee6a69/execroot/_main/bazel-out/ios_arm64-opt-ios-arm64-min13.0-ST-57b073d392e5/bin/submodules/ffmpeg/build/thin/arm64/lib/libavutil.a:fae6b22e arm64//private/var/tmp/_bazel_telegram_ios/29e64aec8f64c22cffe1a8ef8cee6a69/execroot/_main/bazel-out/ios_arm64-opt-ios-arm64-min13.0-ST-57b073d392e5/bin/submodules/ffmpeg/build/thin/arm64/lib/libswresample.a:b9b38d98'
2026-10-05T08:48:10.8455800Z + '[' ' arm64//private/var/tmp/_bazel_telegram_ios/29e64aec8f64c22cffe1a8ef8cee6a69/execroot/_main/bazel-out/ios_arm64-opt-ios-arm64-min13.0-ST-57b073d392e5/bin/submodules/ffmpeg/build/thin/arm64/lib/libavcodec.a:6ee66363 arm64//private/var/tmp/_bazel_telegram_ios/29e64aec8f64c22cffe1a8ef8cee6a69/execroot/_main/bazel-out/ios_arm64-opt-ios-arm64-min13.0-ST-57b073d392e5/bin/submodules/ffmpeg/build/thin/arm64/lib/libavformat.a:17d48612 arm64//private/var/tmp/_bazel_telegram_ios/29e64aec8f64c22cffe1a8ef8cee6a69/execroot/_main/bazel-out/ios_arm64-opt-ios-arm64-min13.0-ST-57b073d392e5/bin/submodules/ffmpeg/build/thin/arm64/lib/libavutil.a:fae6b22e arm64//private/var/tmp/_bazel_telegram_ios/29e64aec8f64c22cffe1a8ef8cee6a69/execroot/_main/bazel-out/ios_arm64-opt-ios-arm64-min13.0-ST-57b073d392e5/bin/submodules/ffmpeg/build/thin/arm64/lib/libswresample.a:b9b38d98' = '' ']'
2026-10-05T08:48:10.8461390Z + echo 'UPDATED_LIBS_HASH= arm64//private/var/tmp/_bazel_telegram_ios/29e64aec8f64c22cffe1a8ef8cee6a69/execroot/_main/bazel-out/ios_arm64-opt-ios-arm64-min13.0-ST-57b073d392e5/bin/submodules/ffmpeg/build/thin/arm64/lib/libavcodec.a:6ee66363 arm64//private/var/tmp/_bazel_telegram_ios/29e64aec8f64c22cffe1a8ef8cee6a69/execroot/_main/bazel-out/ios_arm64-opt-ios-arm64-min13.0-ST-57b073d392e5/bin/submodules/ffmpeg/build/thin/arm64/lib/libavformat.a:17d48612 arm64//private/var/tmp/_bazel_telegram_ios/29e64aec8f64c22cffe1a8ef8cee6a69/execroot/_main/bazel-out/ios_arm64-opt-ios-arm64-min13.0-ST-57b073d392e5/bin/submodules/ffmpeg/build/thin/arm64/lib/libavutil.a:fae6b22e arm64//private/var/tmp/_bazel_telegram_ios/29e64aec8f64c22cffe1a8ef8cee6a69/execroot/_main/bazel-out/ios_arm64-opt-ios-arm64-min13.0-ST-57b073d392e5/bin/submodules/ffmpeg/build/thin/arm64/lib/libswresample.a:b9b38d98'
2026-10-05T08:48:10.8464020Z + echo LIBS_HASH=
2026-10-05T08:48:10.8464160Z + LIPO=y
2026-10-05T08:48:10.8464290Z + '[' y ']'
2026-10-05T08:48:10.8464910Z + echo 'building fat binaries in /private/var/tmp/_bazel_telegram_ios/29e64aec8f64c22cffe1a8ef8cee6a69/execroot/_main/bazel-out/ios_arm64-opt-ios-arm64-min13.0-ST-57b073d392e5/bin/submodules/ffmpeg/build/FFmpeg-iOS'
2026-10-05T08:48:10.8466380Z + mkdir -p /private/var/tmp/_bazel_telegram_ios/29e64aec8f64c22cffe1a8ef8cee6a69/execroot/_main/bazel-out/ios_arm64-opt-ios-arm64-min13.0-ST-57b073d392e5/bin/submodules/ffmpeg/build/FFmpeg-iOS/lib
2026-10-05T08:48:10.8467460Z + set - arm64
2026-10-05T08:48:10.8468640Z + cp /private/var/tmp/_bazel_telegram_ios/29e64aec8f64c22cffe1a8ef8cee6a69/execroot/_main/bazel-out/ios_arm64-opt-ios-arm64-min13.0-ST-57b073d392e5/bin/submodules/ffmpeg/build/FFmpeg-iOS/include/libavutil/hwcontext.h bazel-out/ios_arm64-opt-ios-arm64-min13.0-ST-57b073d392e5/bin/submodules/ffmpeg/Public/third_party/ffmpeg/libavutil/hwcontext.h
2026-10-05T08:48:10.8471030Z + cp /private/var/tmp/_bazel_telegram_ios/29e64aec8f64c22cffe1a8ef8cee6a69/execroot/_main/bazel-out/ios_arm64-opt-ios-arm64-min13.0-ST-57b073d392e5/bin/submodules/ffmpeg/build/FFmpeg-iOS/include/libavutil/time.h bazel-out/ios_arm64-opt-ios-arm64-min13.0-ST-57b073d392e5/bin/submodules/ffmpeg/Public/third_party/ffmpeg/libavutil/time.h
2026-10-05T08:48:10.8473110Z + cp /private/var/tmp/_bazel_telegram_ios/29e64aec8f64c22cffe1a8ef8cee6a69/execroot/_main/bazel-out/ios_arm64-opt-ios-arm64-min13.0-ST-57b073d392e5/bin/submodules/ffmpeg/build/FFmpeg-iOS/include/libavutil/iamf.h bazel-out/ios_arm64-opt-ios-arm64-min13.0-ST-57b073d392e5/bin/submodules/ffmpeg/Public/third_party/ffmpeg/libavutil/iamf.h
2026-10-05T08:48:10.8474990Z + cp /private/var/tmp/_bazel_telegram_ios/29e64aec8f64c22cffe1a8ef8cee6a69/execroot/_main/bazel-out/ios_arm64-opt-ios-arm64-min13.0-ST-57b073d392e5/bin/submodules/ffmpeg/build/FFmpeg-iOS/include/libavutil/intfloat.h bazel-out/ios_arm64-opt-ios-arm64-min13.0-ST-57b073d392e5/bin/submodules/ffmpeg/Public/third_party/ffmpeg/libavutil/intfloat.h
2026-10-05T08:48:10.8477940Z + cp /private/var/tmp/_bazel_telegram_ios/29e64aec8f64c22cffe1a8ef8cee6a69/execroot/_main/bazel-out/ios_arm64-opt-ios-arm64-min13.0-ST-57b073d392e5/bin/submodules/ffmpeg/build/FFmpeg-iOS/include/libavutil/error.h bazel-out/ios_arm64-opt-ios-arm64-min13.0-ST-57b073d392e5/bin/submodules/ffmpeg/Public/third_party/ffmpeg/libavutil/error.h
2026-10-05T08:48:10.8480850Z + cp /private/var/tmp/_bazel_telegram_ios/29e64aec8f64c22cffe1a8ef8cee6a69/execroot/_main/bazel-out/ios_arm64-opt-ios-arm64-min13.0-ST-57b073d392e5/bin/submodules/ffmpeg/build/FFmpeg-iOS/include/libavutil/detection_bbox.h bazel-out/ios_arm64-opt-ios-arm64-min13.0-ST-57b073d392e5/bin/submodules/ffmpeg/Public/third_party/ffmpeg/libavutil/detection_bbox.h
2026-10-05T08:48:10.8483070Z + cp /private/var/tmp/_bazel_telegram_ios/29e64aec8f64c22cffe1a8ef8cee6a69/execroot/_main/bazel-out/ios_arm64-opt-ios-arm64-min13.0-ST-57b073d392e5/bin/submodules/ffmpeg/build/FFmpeg-iOS/include/libavutil/ambient_viewing_environment.h bazel-out/ios_arm64-opt-ios-arm64-min13.0-ST-57b073d392e5/bin/submodules/ffmpeg/Public/third_party/ffmpeg/libavutil/ambient_viewing_environment.h
2026-10-05T08:48:10.8485260Z + cp /private/var/tmp/_bazel_telegram_ios/29e64aec8f64c22cffe1a8ef8cee6a69/execroot/_main/bazel-out/ios_arm64-opt-ios-arm64-min13.0-ST-57b073d392e5/bin/submodules/ffmpeg/build/FFmpeg-iOS/include/libavutil/fifo.h bazel-out/ios_arm64-opt-ios-arm64-min13.0-ST-57b073d392e5/bin/submodules/ffmpeg/Public/third_party/ffmpeg/libavutil/fifo.h
2026-10-05T08:48:10.8487730Z + cp /private/var/tmp/_bazel_telegram_ios/29e64aec8f64c22cffe1a8ef8cee6a69/execroot/_main/bazel-out/ios_arm64-opt-ios-arm64-min13.0-ST-57b073d392e5/bin/submodules/ffmpeg/build/FFmpeg-iOS/include/libavutil/blowfish.h bazel-out/ios_arm64-opt-ios-arm64-min13.0-ST-57b073d392e5/bin/submodules/ffmpeg/Public/third_party/ffmpeg/libavutil/blowfish.h
2026-10-05T08:48:10.8490180Z + cp /private/var/tmp/_bazel_telegram_ios/29e64aec8f64c22cffe1a8ef8cee6a69/execroot/_main/bazel-out/ios_arm64-opt-ios-arm64-min13.0-ST-57b073d392e5/bin/submodules/ffmpeg/build/FFmpeg-iOS/include/libavutil/replaygain.h bazel-out/ios_arm64-opt-ios-arm64-min13.0-ST-57b073d392e5/bin/submodules/ffmpeg/Public/third_party/ffmpeg/libavutil/replaygain.h
2026-10-05T08:48:10.8492220Z + cp /private/var/tmp/_bazel_telegram_ios/29e64aec8f64c22cffe1a8ef8cee6a69/execroot/_main/bazel-out/ios_arm64-opt-ios-arm64-min13.0-ST-57b073d392e5/bin/submodules/ffmpeg/build/FFmpeg-iOS/include/libavutil/version.h bazel-out/ios_arm64-opt-ios-arm64-min13.0-ST-57b073d392e5/bin/submodules/ffmpeg/Public/third_party/ffmpeg/libavutil/version.h
2026-10-05T08:48:10.8494260Z + cp /private/var/tmp/_bazel_telegram_ios/29e64aec8f64c22cffe1a8ef8cee6a69/execroot/_main/bazel-out/ios_arm64-opt-ios-arm64-min13.0-ST-57b073d392e5/bin/submodules/ffmpeg/build/FFmpeg-iOS/include/libavutil/murmur3.h bazel-out/ios_arm64-opt-ios-arm64-min13.0-ST-57b073d392e5/bin/submodules/ffmpeg/Public/third_party/ffmpeg/libavutil/murmur3.h
2026-10-05T08:48:10.8496130Z + cp /private/var/tmp/_bazel_telegram_ios/29e64aec8f64c22cffe1a8ef8cee6a69/execroot/_main/bazel-out/ios_arm64-opt-ios-arm64-min13.0-ST-57b073d392e5/bin/submodules/ffmpeg/build/FFmpeg-iOS/include/libavutil/stereo3d.h bazel-out/ios_arm64-opt-ios-arm64-min13.0-ST-57b073d392e5/bin/submodules/ffmpeg/Public/third_party/ffmpeg/libavutil/stereo3d.h
2026-10-05T08:48:10.8498090Z + cp /private/var/tmp/_bazel_telegram_ios/29e64aec8f64c22cffe1a8ef8cee6a69/execroot/_main/bazel-out/ios_arm64-opt-ios-arm64-min13.0-ST-57b073d392e5/bin/submodules/ffmpeg/build/FFmpeg-iOS/include/libavutil/samplefmt.h bazel-out/ios_arm64-opt-ios-arm64-min13.0-ST-57b073d392e5/bin/submodules/ffmpeg/Public/third_party/ffmpeg/libavutil/samplefmt.h
2026-10-05T08:48:10.8500260Z + cp /private/var/tmp/_bazel_telegram_ios/29e64aec8f64c22cffe1a8ef8cee6a69/execroot/_main/bazel-out/ios_arm64-opt-ios-arm64-min13.0-ST-57b073d392e5/bin/submodules/ffmpeg/build/FFmpeg-iOS/include/libavutil/pixdesc.h bazel-out/ios_arm64-opt-ios-arm64-min13.0-ST-57b073d392e5/bin/submodules/ffmpeg/Public/third_party/ffmpeg/libavutil/pixdesc.h
2026-10-05T08:48:10.8502390Z + cp /private/var/tmp/_bazel_telegram_ios/29e64aec8f64c22cffe1a8ef8cee6a69/execroot/_main/bazel-out/ios_arm64-opt-ios-arm64-min13.0-ST-57b073d392e5/bin/submodules/ffmpeg/build/FFmpeg-iOS/include/libavutil/base64.h bazel-out/ios_arm64-opt-ios-arm64-min13.0-ST-57b073d392e5/bin/submodules/ffmpeg/Public/third_party/ffmpeg/libavutil/base64.h
2026-10-05T08:48:10.8504670Z + cp /private/var/tmp/_bazel_telegram_ios/29e64aec8f64c22cffe1a8ef8cee6a69/execroot/_main/bazel-out/ios_arm64-opt-ios-arm64-min13.0-ST-57b073d392e5/bin/submodules/ffmpeg/build/FFmpeg-iOS/include/libavutil/rational.h bazel-out/ios_arm64-opt-ios-arm64-min13.0-ST-57b073d392e5/bin/submodules/ffmpeg/Public/third_party/ffmpeg/libavutil/rational.h
2026-10-05T08:48:10.8506530Z + cp /private/var/tmp/_bazel_telegram_ios/29e64aec8f64c22cffe1a8ef8cee6a69/execroot/_main/bazel-out/ios_arm64-opt-ios-arm64-min13.0-ST-57b073d392e5/bin/submodules/ffmpeg/build/FFmpeg-iOS/include/libavutil/sha.h bazel-out/ios_arm64-opt-ios-arm64-min13.0-ST-57b073d392e5/bin/submodules/ffmpeg/Public/third_party/ffmpeg/libavutil/sha.h
2026-10-05T08:48:10.8508480Z + cp /private/var/tmp/_bazel_telegram_ios/29e64aec8f64c22cffe1a8ef8cee6a69/execroot/_main/bazel-out/ios_arm64-opt-ios-arm64-min13.0-ST-57b073d392e5/bin/submodules/ffmpeg/build/FFmpeg-iOS/include/libavutil/motion_vector.h bazel-out/ios_arm64-opt-ios-arm64-min13.0-ST-57b073d392e5/bin/submodules/ffmpeg/Public/third_party/ffmpeg/libavutil/motion_vector.h
2026-10-05T08:48:10.8510940Z + cp /private/var/tmp/_bazel_telegram_ios/29e64aec8f64c22cffe1a8ef8cee6a69/execroot/_main/bazel-out/ios_arm64-opt-ios-arm64-min13.0-ST-57b073d392e5/bin/submodules/ffmpeg/build/FFmpeg-iOS/include/libavutil/uuid.h bazel-out/ios_arm64-opt-ios-arm64-min13.0-ST-57b073d392e5/bin/submodules/ffmpeg/Public/third_party/ffmpeg/libavutil/uuid.h
2026-10-05T08:48:10.8512840Z + cp /private/var/tmp/_bazel_telegram_ios/29e64aec8f64c22cffe1a8ef8cee6a69/execroot/_main/bazel-out/ios_arm64-opt-ios-arm64-min13.0-ST-57b073d392e5/bin/submodules/ffmpeg/build/FFmpeg-iOS/include/libavutil/avconfig.h bazel-out/ios_arm64-opt-ios-arm64-min13.0-ST-57b073d392e5/bin/submodules/ffmpeg/Public/third_party/ffmpeg/libavutil/avconfig.h
2026-10-05T08:48:10.8514980Z + cp /private/var/tmp/_bazel_telegram_ios/29e64aec8f64c22cffe1a8ef8cee6a69/execroot/_main/bazel-out/ios_arm64-opt-ios-arm64-min13.0-ST-57b073d392e5/bin/submodules/ffmpeg/build/FFmpeg-iOS/include/libavutil/lfg.h bazel-out/ios_arm64-opt-ios-arm64-min13.0-ST-57b073d392e5/bin/submodules/ffmpeg/Public/third_party/ffmpeg/libavutil/lfg.h
2026-10-05T08:48:10.8517160Z + cp /private/var/tmp/_bazel_telegram_ios/29e64aec8f64c22cffe1a8ef8cee6a69/execroot/_main/bazel-out/ios_arm64-opt-ios-arm64-min13.0-ST-57b073d392e5/bin/submodules/ffmpeg/build/FFmpeg-iOS/include/libavutil/avutil.h bazel-out/ios_arm64-opt-ios-arm64-min13.0-ST-57b073d392e5/bin/submodules/ffmpeg/Public/third_party/ffmpeg/libavutil/avutil.h
2026-10-05T08:48:10.8519280Z + cp /private/var/tmp/_bazel_telegram_ios/29e64aec8f64c22cffe1a8ef8cee6a69/execroot/_main/bazel-out/ios_arm64-opt-ios-arm64-min13.0-ST-57b073d392e5/bin/submodules/ffmpeg/build/FFmpeg-iOS/include/libavutil/xtea.h bazel-out/ios_arm64-opt-ios-arm64-min13.0-ST-57b073d392e5/bin/submodules/ffmpeg/Public/third_party/ffmpeg/libavutil/xtea.h
2026-10-05T08:48:10.8522650Z + cp /private/var/tmp/_bazel_telegram_ios/29e64aec8f64c22cffe1a8ef8cee6a69/execroot/_main/bazel-out/ios_arm64-opt-ios-arm64-min13.0-ST-57b073d392e5/bin/submodules/ffmpeg/build/FFmpeg-iOS/include/libavutil/crc.h bazel-out/ios_arm64-opt-ios-arm64-min13.0-ST-57b073d392e5/bin/submodules/ffmpeg/Public/third_party/ffmpeg/libavutil/crc.h
2026-10-05T08:48:10.8524850Z + cp /private/var/tmp/_bazel_telegram_ios/29e64aec8f64c22cffe1a8ef8cee6a69/execroot/_main/bazel-out/ios_arm64-opt-ios-arm64-min13.0-ST-57b073d392e5/bin/submodules/ffmpeg/build/FFmpeg-iOS/include/libavutil/frame.h bazel-out/ios_arm64-opt-ios-arm64-min13.0-ST-57b073d392e5/bin/submodules/ffmpeg/Public/third_party/ffmpeg/libavutil/frame.h
2026-10-05T08:48:10.8527150Z + cp /private/var/tmp/_bazel_telegram_ios/29e64aec8f64c22cffe1a8ef8cee6a69/execroot/_main/bazel-out/ios_arm64-opt-ios-arm64-min13.0-ST-57b073d392e5/bin/submodules/ffmpeg/build/FFmpeg-iOS/include/libavutil/file.h bazel-out/ios_arm64-opt-ios-arm64-min13.0-ST-57b073d392e5/bin/submodules/ffmpeg/Public/third_party/ffmpeg/libavutil/file.h
2026-10-05T08:48:10.8529530Z + cp /private/var/tmp/_bazel_telegram_ios/29e64aec8f64c22cffe1a8ef8cee6a69/execroot/_main/bazel-out/ios_arm64-opt-ios-arm64-min13.0-ST-57b073d392e5/bin/submodules/ffmpeg/build/FFmpeg-iOS/include/libavutil/md5.h bazel-out/ios_arm64-opt-ios-arm64-min13.0-ST-57b073d392e5/bin/submodules/ffmpeg/Public/third_party/ffmpeg/libavutil/md5.h
2026-10-05T08:48:10.8532220Z + cp /private/var/tmp/_bazel_telegram_ios/29e64aec8f64c22cffe1a8ef8cee6a69/execroot/_main/bazel-out/ios_arm64-opt-ios-arm64-min13.0-ST-57b073d392e5/bin/submodules/ffmpeg/build/FFmpeg-iOS/include/libavutil/cast5.h bazel-out/ios_arm64-opt-ios-arm64-min13.0-ST-57b073d392e5/bin/submodules/ffmpeg/Public/third_party/ffmpeg/libavutil/cast5.h
2026-10-05T08:48:10.8534270Z + cp /private/var/tmp/_bazel_telegram_ios/29e64aec8f64c22cffe1a8ef8cee6a69/execroot/_main/bazel-out/ios_arm64-opt-ios-arm64-min13.0-ST-57b073d392e5/bin/submodules/ffmpeg/build/FFmpeg-iOS/include/libavutil/spherical.h bazel-out/ios_arm64-opt-ios-arm64-min13.0-ST-57b073d392e5/bin/submodules/ffmpeg/Public/third_party/ffmpeg/libavutil/spherical.h
2026-10-05T08:48:10.8536590Z + cp /private/var/tmp/_bazel_telegram_ios/29e64aec8f64c22cffe1a8ef8cee6a69/execroot/_main/bazel-out/ios_arm64-opt-ios-arm64-min13.0-ST-57b073d392e5/bin/submodules/ffmpeg/build/FFmpeg-iOS/include/libavutil/ffversion.h bazel-out/ios_arm64-opt-ios-arm64-min13.0-ST-57b073d392e5/bin/submodules/ffmpeg/Public/third_party/ffmpeg/libavutil/ffversion.h
2026-10-05T08:48:10.8538700Z + cp /private/var/tmp/_bazel_telegram_ios/29e64aec8f64c22cffe1a8ef8cee6a69/execroot/_main/bazel-out/ios_arm64-opt-ios-arm64-min13.0-ST-57b073d392e5/bin/submodules/ffmpeg/build/FFmpeg-iOS/include/libavutil/audio_fifo.h bazel-out/ios_arm64-opt-ios-arm64-min13.0-ST-57b073d392e5/bin/submodules/ffmpeg/Public/third_party/ffmpeg/libavutil/audio_fifo.h
2026-10-05T08:48:10.8540860Z + cp /private/var/tmp/_bazel_telegram_ios/29e64aec8f64c22cffe1a8ef8cee6a69/execroot/_main/bazel-out/ios_arm64-opt-ios-arm64-min13.0-ST-57b073d392e5/bin/submodules/ffmpeg/build/FFmpeg-iOS/include/libavutil/tree.h bazel-out/ios_arm64-opt-ios-arm64-min13.0-ST-57b073d392e5/bin/submodules/ffmpeg/Public/third_party/ffmpeg/libavutil/tree.h
2026-10-05T08:48:10.8543400Z + cp /private/var/tmp/_bazel_telegram_ios/29e64aec8f64c22cffe1a8ef8cee6a69/execroot/_main/bazel-out/ios_arm64-opt-ios-arm64-min13.0-ST-57b073d392e5/bin/submodules/ffmpeg/build/FFmpeg-iOS/include/libavutil/threadmessage.h bazel-out/ios_arm64-opt-ios-arm64-min13.0-ST-57b073d392e5/bin/submodules/ffmpeg/Public/third_party/ffmpeg/libavutil/threadmessage.h
2026-10-05T08:48:10.8545650Z + cp /private/var/tmp/_bazel_telegram_ios/29e64aec8f64c22cffe1a8ef8cee6a69/execroot/_main/bazel-out/ios_arm64-opt-ios-arm64-min13.0-ST-57b073d392e5/bin/submodules/ffmpeg/build/FFmpeg-iOS/include/libavutil/attributes.h bazel-out/ios_arm64-opt-ios-arm64-min13.0-ST-57b073d392e5/bin/submodules/ffmpeg/Public/third_party/ffmpeg/libavutil/attributes.h
2026-10-05T08:48:10.8547990Z + cp /private/var/tmp/_bazel_telegram_ios/29e64aec8f64c22cffe1a8ef8cee6a69/execroot/_main/bazel-out/ios_arm64-opt-ios-arm64-min13.0-ST-57b073d392e5/bin/submodules/ffmpeg/build/FFmpeg-iOS/include/libavutil/hdr_dynamic_vivid_metadata.h bazel-out/ios_arm64-opt-ios-arm64-min13.0-ST-57b073d392e5/bin/submodules/ffmpeg/Public/third_party/ffmpeg/libavutil/hdr_dynamic_vivid_metadata.h
2026-10-05T08:48:10.8550670Z + cp /private/var/tmp/_bazel_telegram_ios/29e64aec8f64c22cffe1a8ef8cee6a69/execroot/_main/bazel-out/ios_arm64-opt-ios-arm64-min13.0-ST-57b073d392e5/bin/submodules/ffmpeg/build/FFmpeg-iOS/include/libavutil/adler32.h bazel-out/ios_arm64-opt-ios-arm64-min13.0-ST-57b073d392e5/bin/submodules/ffmpeg/Public/third_party/ffmpeg/libavutil/adler32.h
2026-10-05T08:48:10.8552790Z + cp /private/var/tmp/_bazel_telegram_ios/29e64aec8f64c22cffe1a8ef8cee6a69/execroot/_main/bazel-out/ios_arm64-opt-ios-arm64-min13.0-ST-57b073d392e5/bin/submodules/ffmpeg/build/FFmpeg-iOS/include/libavutil/timecode.h bazel-out/ios_arm64-opt-ios-arm64-min13.0-ST-57b073d392e5/bin/submodules/ffmpeg/Public/third_party/ffmpeg/libavutil/timecode.h
2026-10-05T08:48:10.8554690Z + cp /private/var/tmp/_bazel_telegram_ios/29e64aec8f64c22cffe1a8ef8cee6a69/execroot/_main/bazel-out/ios_arm64-opt-ios-arm64-min13.0-ST-57b073d392e5/bin/submodules/ffmpeg/build/FFmpeg-iOS/include/libavutil/dovi_meta.h bazel-out/ios_arm64-opt-ios-arm64-min13.0-ST-57b073d392e5/bin/submodules/ffmpeg/Public/third_party/ffmpeg/libavutil/dovi_meta.h
2026-10-05T08:48:10.8556540Z + cp /private/var/tmp/_bazel_telegram_ios/29e64aec8f64c22cffe1a8ef8cee6a69/execroot/_main/bazel-out/ios_arm64-opt-ios-arm64-min13.0-ST-57b073d392e5/bin/submodules/ffmpeg/build/FFmpeg-iOS/include/libavutil/tx.h bazel-out/ios_arm64-opt-ios-arm64-min13.0-ST-57b073d392e5/bin/submodules/ffmpeg/Public/third_party/ffmpeg/libavutil/tx.h
2026-10-05T08:48:10.8558380Z + cp /private/var/tmp/_bazel_telegram_ios/29e64aec8f64c22cffe1a8ef8cee6a69/execroot/_main/bazel-out/ios_arm64-opt-ios-arm64-min13.0-ST-57b073d392e5/bin/submodules/ffmpeg/build/FFmpeg-iOS/include/libavutil/sha512.h bazel-out/ios_arm64-opt-ios-arm64-min13.0-ST-57b073d392e5/bin/submodules/ffmpeg/Public/third_party/ffmpeg/libavutil/sha512.h
2026-10-05T08:48:10.8560670Z + cp /private/var/tmp/_bazel_telegram_ios/29e64aec8f64c22cffe1a8ef8cee6a69/execroot/_main/bazel-out/ios_arm64-opt-ios-arm64-min13.0-ST-57b073d392e5/bin/submodules/ffmpeg/build/FFmpeg-iOS/include/libavutil/display.h bazel-out/ios_arm64-opt-ios-arm64-min13.0-ST-57b073d392e5/bin/submodules/ffmpeg/Public/third_party/ffmpeg/libavutil/display.h
2026-10-05T08:48:10.8562690Z + cp /private/var/tmp/_bazel_telegram_ios/29e64aec8f64c22cffe1a8ef8cee6a69/execroot/_main/bazel-out/ios_arm64-opt-ios-arm64-min13.0-ST-57b073d392e5/bin/submodules/ffmpeg/build/FFmpeg-iOS/include/libavutil/buffer.h bazel-out/ios_arm64-opt-ios-arm64-min13.0-ST-57b073d392e5/bin/submodules/ffmpeg/Public/third_party/ffmpeg/libavutil/buffer.h
2026-10-05T08:48:10.8564550Z + cp /private/var/tmp/_bazel_telegram_ios/29e64aec8f64c22cffe1a8ef8cee6a69/execroot/_main/bazel-out/ios_arm64-opt-ios-arm64-min13.0-ST-57b073d392e5/bin/submodules/ffmpeg/build/FFmpeg-iOS/include/libavutil/camellia.h bazel-out/ios_arm64-opt-ios-arm64-min13.0-ST-57b073d392e5/bin/submodules/ffmpeg/Public/third_party/ffmpeg/libavutil/camellia.h
2026-10-05T08:48:10.8566600Z + cp /private/var/tmp/_bazel_telegram_ios/29e64aec8f64c22cffe1a8ef8cee6a69/execroot/_main/bazel-out/ios_arm64-opt-ios-arm64-min13.0-ST-57b073d392e5/bin/submodules/ffmpeg/build/FFmpeg-iOS/include/libavutil/csp.h bazel-out/ios_arm64-opt-ios-arm64-min13.0-ST-57b073d392e5/bin/submodules/ffmpeg/Public/third_party/ffmpeg/libavutil/csp.h
2026-10-05T08:48:10.8568570Z + cp /private/var/tmp/_bazel_telegram_ios/29e64aec8f64c22cffe1a8ef8cee6a69/execroot/_main/bazel-out/ios_arm64-opt-ios-arm64-min13.0-ST-57b073d392e5/bin/submodules/ffmpeg/build/FFmpeg-iOS/include/libavutil/video_hint.h bazel-out/ios_arm64-opt-ios-arm64-min13.0-ST-57b073d392e5/bin/submodules/ffmpeg/Public/third_party/ffmpeg/libavutil/video_hint.h
2026-10-05T08:48:10.8570600Z + cp /private/var/tmp/_bazel_telegram_ios/29e64aec8f64c22cffe1a8ef8cee6a69/execroot/_main/bazel-out/ios_arm64-opt-ios-arm64-min13.0-ST-57b073d392e5/bin/submodules/ffmpeg/build/FFmpeg-iOS/include/libavutil/pixelutils.h bazel-out/ios_arm64-opt-ios-arm64-min13.0-ST-57b073d392e5/bin/submodules/ffmpeg/Public/third_party/ffmpeg/libavutil/pixelutils.h
2026-10-05T08:48:10.8572610Z + cp /private/var/tmp/_bazel_telegram_ios/29e64aec8f64c22cffe1a8ef8cee6a69/execroot/_main/bazel-out/ios_arm64-opt-ios-arm64-min13.0-ST-57b073d392e5/bin/submodules/ffmpeg/build/FFmpeg-iOS/include/libavutil/common.h bazel-out/ios_arm64-opt-ios-arm64-min13.0-ST-57b073d392e5/bin/submodules/ffmpeg/Public/third_party/ffmpeg/libavutil/common.h
2026-10-05T08:48:10.8575160Z + cp /private/var/tmp/_bazel_telegram_ios/29e64aec8f64c22cffe1a8ef8cee6a69/execroot/_main/bazel-out/ios_arm64-opt-ios-arm64-min13.0-ST-57b073d392e5/bin/submodules/ffmpeg/build/FFmpeg-iOS/include/libavutil/hmac.h bazel-out/ios_arm64-opt-ios-arm64-min13.0-ST-57b073d392e5/bin/submodules/ffmpeg/Public/third_party/ffmpeg/libavutil/hmac.h
2026-10-05T08:48:10.8577180Z + cp /private/var/tmp/_bazel_telegram_ios/29e64aec8f64c22cffe1a8ef8cee6a69/execroot/_main/bazel-out/ios_arm64-opt-ios-arm64-min13.0-ST-57b073d392e5/bin/submodules/ffmpeg/build/FFmpeg-iOS/include/libavutil/eval.h bazel-out/ios_arm64-opt-ios-arm64-min13.0-ST-57b073d392e5/bin/submodules/ffmpeg/Public/third_party/ffmpeg/libavutil/eval.h
2026-10-05T08:48:10.8579250Z + cp /private/var/tmp/_bazel_telegram_ios/29e64aec8f64c22cffe1a8ef8cee6a69/execroot/_main/bazel-out/ios_arm64-opt-ios-arm64-min13.0-ST-57b073d392e5/bin/submodules/ffmpeg/build/FFmpeg-iOS/include/libavutil/executor.h bazel-out/ios_arm64-opt-ios-arm64-min13.0-ST-57b073d392e5/bin/submodules/ffmpeg/Public/third_party/ffmpeg/libavutil/executor.h
2026-10-05T08:48:10.8581240Z + cp /private/var/tmp/_bazel_telegram_ios/29e64aec8f64c22cffe1a8ef8cee6a69/execroot/_main/bazel-out/ios_arm64-opt-ios-arm64-min13.0-ST-57b073d392e5/bin/submodules/ffmpeg/build/FFmpeg-iOS/include/libavutil/dict.h bazel-out/ios_arm64-opt-ios-arm64-min13.0-ST-57b073d392e5/bin/submodules/ffmpeg/Public/third_party/ffmpeg/libavutil/dict.h
2026-10-05T08:48:10.8583390Z + cp /private/var/tmp/_bazel_telegram_ios/29e64aec8f64c22cffe1a8ef8cee6a69/execroot/_main/bazel-out/ios_arm64-opt-ios-arm64-min13.0-ST-57b073d392e5/bin/submodules/ffmpeg/build/FFmpeg-iOS/include/libavutil/random_seed.h bazel-out/ios_arm64-opt-ios-arm64-min13.0-ST-57b073d392e5/bin/submodules/ffmpeg/Public/third_party/ffmpeg/libavutil/random_seed.h
2026-10-05T08:48:10.8585560Z + cp /private/var/tmp/_bazel_telegram_ios/29e64aec8f64c22cffe1a8ef8cee6a69/execroot/_main/bazel-out/ios_arm64-opt-ios-arm64-min13.0-ST-57b073d392e5/bin/submodules/ffmpeg/build/FFmpeg-iOS/include/libavutil/opt.h bazel-out/ios_arm64-opt-ios-arm64-min13.0-ST-57b073d392e5/bin/submodules/ffmpeg/Public/third_party/ffmpeg/libavutil/opt.h
2026-10-05T08:48:10.8587680Z + cp /private/var/tmp/_bazel_telegram_ios/29e64aec8f64c22cffe1a8ef8cee6a69/execroot/_main/bazel-out/ios_arm64-opt-ios-arm64-min13.0-ST-57b073d392e5/bin/submodules/ffmpeg/build/FFmpeg-iOS/include/libavutil/mastering_display_metadata.h bazel-out/ios_arm64-opt-ios-arm64-min13.0-ST-57b073d392e5/bin/submodules/ffmpeg/Public/third_party/ffmpeg/libavutil/mastering_display_metadata.h
2026-10-05T08:48:10.8590060Z + cp /private/var/tmp/_bazel_telegram_ios/29e64aec8f64c22cffe1a8ef8cee6a69/execroot/_main/bazel-out/ios_arm64-opt-ios-arm64-min13.0-ST-57b073d392e5/bin/submodules/ffmpeg/build/FFmpeg-iOS/include/libavutil/log.h bazel-out/ios_arm64-opt-ios-arm64-min13.0-ST-57b073d392e5/bin/submodules/ffmpeg/Public/third_party/ffmpeg/libavutil/log.h
2026-10-05T08:48:10.8592130Z + cp /private/var/tmp/_bazel_telegram_ios/29e64aec8f64c22cffe1a8ef8cee6a69/execroot/_main/bazel-out/ios_arm64-opt-ios-arm64-min13.0-ST-57b073d392e5/bin/submodules/ffmpeg/build/FFmpeg-iOS/include/libavutil/aes.h bazel-out/ios_arm64-opt-ios-arm64-min13.0-ST-57b073d392e5/bin/submodules/ffmpeg/Public/third_party/ffmpeg/libavutil/aes.h
2026-10-05T08:48:10.8594260Z + cp /private/var/tmp/_bazel_telegram_ios/29e64aec8f64c22cffe1a8ef8cee6a69/execroot/_main/bazel-out/ios_arm64-opt-ios-arm64-min13.0-ST-57b073d392e5/bin/submodules/ffmpeg/build/FFmpeg-iOS/include/libavutil/macros.h bazel-out/ios_arm64-opt-ios-arm64-min13.0-ST-57b073d392e5/bin/submodules/ffmpeg/Public/third_party/ffmpeg/libavutil/macros.h
2026-10-05T08:48:10.8596430Z + cp /private/var/tmp/_bazel_telegram_ios/29e64aec8f64c22cffe1a8ef8cee6a69/execroot/_main/bazel-out/ios_arm64-opt-ios-arm64-min13.0-ST-57b073d392e5/bin/submodules/ffmpeg/build/FFmpeg-iOS/include/libavutil/bswap.h bazel-out/ios_arm64-opt-ios-arm64-min13.0-ST-57b073d392e5/bin/submodules/ffmpeg/Public/third_party/ffmpeg/libavutil/bswap.h
2026-10-05T08:48:10.8598540Z + cp /private/var/tmp/_bazel_telegram_ios/29e64aec8f64c22cffe1a8ef8cee6a69/execroot/_main/bazel-out/ios_arm64-opt-ios-arm64-min13.0-ST-57b073d392e5/bin/submodules/ffmpeg/build/FFmpeg-iOS/include/libavutil/rc4.h bazel-out/ios_arm64-opt-ios-arm64-min13.0-ST-57b073d392e5/bin/submodules/ffmpeg/Public/third_party/ffmpeg/libavutil/rc4.h
2026-10-05T08:48:10.8600590Z + cp /private/var/tmp/_bazel_telegram_ios/29e64aec8f64c22cffe1a8ef8cee6a69/execroot/_main/bazel-out/ios_arm64-opt-ios-arm64-min13.0-ST-57b073d392e5/bin/submodules/ffmpeg/build/FFmpeg-iOS/include/libavutil/tea.h bazel-out/ios_arm64-opt-ios-arm64-min13.0-ST-57b073d392e5/bin/submodules/ffmpeg/Public/third_party/ffmpeg/libavutil/tea.h
2026-10-05T08:48:10.8602450Z + cp /private/var/tmp/_bazel_telegram_ios/29e64aec8f64c22cffe1a8ef8cee6a69/execroot/_main/bazel-out/ios_arm64-opt-ios-arm64-min13.0-ST-57b073d392e5/bin/submodules/ffmpeg/build/FFmpeg-iOS/include/libavutil/cpu.h bazel-out/ios_arm64-opt-ios-arm64-min13.0-ST-57b073d392e5/bin/submodules/ffmpeg/Public/third_party/ffmpeg/libavutil/cpu.h
2026-10-05T08:48:10.8604470Z + cp /private/var/tmp/_bazel_telegram_ios/29e64aec8f64c22cffe1a8ef8cee6a69/execroot/_main/bazel-out/ios_arm64-opt-ios-arm64-min13.0-ST-57b073d392e5/bin/submodules/ffmpeg/build/FFmpeg-iOS/include/libavutil/lzo.h bazel-out/ios_arm64-opt-ios-arm64-min13.0-ST-57b073d392e5/bin/submodules/ffmpeg/Public/third_party/ffmpeg/libavutil/lzo.h
2026-10-05T08:48:10.8606410Z + cp /private/var/tmp/_bazel_telegram_ios/29e64aec8f64c22cffe1a8ef8cee6a69/execroot/_main/bazel-out/ios_arm64-opt-ios-arm64-min13.0-ST-57b073d392e5/bin/submodules/ffmpeg/build/FFmpeg-iOS/include/libavutil/des.h bazel-out/ios_arm64-opt-ios-arm64-min13.0-ST-57b073d392e5/bin/submodules/ffmpeg/Public/third_party/ffmpeg/libavutil/des.h
2026-10-05T08:48:10.8608510Z + cp /private/var/tmp/_bazel_telegram_ios/29e64aec8f64c22cffe1a8ef8cee6a69/execroot/_main/bazel-out/ios_arm64-opt-ios-arm64-min13.0-ST-57b073d392e5/bin/submodules/ffmpeg/build/FFmpeg-iOS/include/libavutil/channel_layout.h bazel-out/ios_arm64-opt-ios-arm64-min13.0-ST-57b073d392e5/bin/submodules/ffmpeg/Public/third_party/ffmpeg/libavutil/channel_layout.h
2026-10-05T08:48:10.8610740Z + cp /private/var/tmp/_bazel_telegram_ios/29e64aec8f64c22cffe1a8ef8cee6a69/execroot/_main/bazel-out/ios_arm64-opt-ios-arm64-min13.0-ST-57b073d392e5/bin/submodules/ffmpeg/build/FFmpeg-iOS/include/libavutil/encryption_info.h bazel-out/ios_arm64-opt-ios-arm64-min13.0-ST-57b073d392e5/bin/submodules/ffmpeg/Public/third_party/ffmpeg/libavutil/encryption_info.h
2026-10-05T08:48:10.8613100Z + cp /private/var/tmp/_bazel_telegram_ios/29e64aec8f64c22cffe1a8ef8cee6a69/execroot/_main/bazel-out/ios_arm64-opt-ios-arm64-min13.0-ST-57b073d392e5/bin/submodules/ffmpeg/build/FFmpeg-iOS/include/libavutil/twofish.h bazel-out/ios_arm64-opt-ios-arm64-min13.0-ST-57b073d392e5/bin/submodules/ffmpeg/Public/third_party/ffmpeg/libavutil/twofish.h
2026-10-05T08:48:10.8615250Z + cp /private/var/tmp/_bazel_telegram_ios/29e64aec8f64c22cffe1a8ef8cee6a69/execroot/_main/bazel-out/ios_arm64-opt-ios-arm64-min13.0-ST-57b073d392e5/bin/submodules/ffmpeg/build/FFmpeg-iOS/include/libavutil/imgutils.h bazel-out/ios_arm64-opt-ios-arm64-min13.0-ST-57b073d392e5/bin/submodules/ffmpeg/Public/third_party/ffmpeg/libavutil/imgutils.h
2026-10-05T08:48:10.8617650Z + cp /private/var/tmp/_bazel_telegram_ios/29e64aec8f64c22cffe1a8ef8cee6a69/execroot/_main/bazel-out/ios_arm64-opt-ios-arm64-min13.0-ST-57b073d392e5/bin/submodules/ffmpeg/build/FFmpeg-iOS/include/libavutil/hwcontext_videotoolbox.h bazel-out/ios_arm64-opt-ios-arm64-min13.0-ST-57b073d392e5/bin/submodules/ffmpeg/Public/third_party/ffmpeg/libavutil/hwcontext_videotoolbox.h
2026-10-05T08:48:10.8620110Z + cp /private/var/tmp/_bazel_telegram_ios/29e64aec8f64c22cffe1a8ef8cee6a69/execroot/_main/bazel-out/ios_arm64-opt-ios-arm64-min13.0-ST-57b073d392e5/bin/submodules/ffmpeg/build/FFmpeg-iOS/include/libavutil/video_enc_params.h bazel-out/ios_arm64-opt-ios-arm64-min13.0-ST-57b073d392e5/bin/submodules/ffmpeg/Public/third_party/ffmpeg/libavutil/video_enc_params.h
2026-10-05T08:48:10.8622650Z + cp /private/var/tmp/_bazel_telegram_ios/29e64aec8f64c22cffe1a8ef8cee6a69/execroot/_main/bazel-out/ios_arm64-opt-ios-arm64-min13.0-ST-57b073d392e5/bin/submodules/ffmpeg/build/FFmpeg-iOS/include/libavutil/mem.h bazel-out/ios_arm64-opt-ios-arm64-min13.0-ST-57b073d392e5/bin/submodules/ffmpeg/Public/third_party/ffmpeg/libavutil/mem.h
2026-10-05T08:48:10.8624650Z + cp /private/var/tmp/_bazel_telegram_ios/29e64aec8f64c22cffe1a8ef8cee6a69/execroot/_main/bazel-out/ios_arm64-opt-ios-arm64-min13.0-ST-57b073d392e5/bin/submodules/ffmpeg/build/FFmpeg-iOS/include/libavutil/parseutils.h bazel-out/ios_arm64-opt-ios-arm64-min13.0-ST-57b073d392e5/bin/submodules/ffmpeg/Public/third_party/ffmpeg/libavutil/parseutils.h
2026-10-05T08:48:10.8627580Z + cp /private/var/tmp/_bazel_telegram_ios/29e64aec8f64c22cffe1a8ef8cee6a69/execroot/_main/bazel-out/ios_arm64-opt-ios-arm64-min13.0-ST-57b073d392e5/bin/submodules/ffmpeg/build/FFmpeg-iOS/include/libavutil/ripemd.h bazel-out/ios_arm64-opt-ios-arm64-min13.0-ST-57b073d392e5/bin/submodules/ffmpeg/Public/third_party/ffmpeg/libavutil/ripemd.h
2026-10-05T08:48:10.8630020Z + cp /private/var/tmp/_bazel_telegram_ios/29e64aec8f64c22cffe1a8ef8cee6a69/execroot/_main/bazel-out/ios_arm64-opt-ios-arm64-min13.0-ST-57b073d392e5/bin/submodules/ffmpeg/build/FFmpeg-iOS/include/libavutil/bprint.h bazel-out/ios_arm64-opt-ios-arm64-min13.0-ST-57b073d392e5/bin/submodules/ffmpeg/Public/third_party/ffmpeg/libavutil/bprint.h
2026-10-05T08:48:10.8632350Z + cp /private/var/tmp/_bazel_telegram_ios/29e64aec8f64c22cffe1a8ef8cee6a69/execroot/_main/bazel-out/ios_arm64-opt-ios-arm64-min13.0-ST-57b073d392e5/bin/submodules/ffmpeg/build/FFmpeg-iOS/include/libavutil/hdr_dynamic_metadata.h bazel-out/ios_arm64-opt-ios-arm64-min13.0-ST-57b073d392e5/bin/submodules/ffmpeg/Public/third_party/ffmpeg/libavutil/hdr_dynamic_metadata.h
2026-10-05T08:48:10.8634990Z + cp /private/var/tmp/_bazel_telegram_ios/29e64aec8f64c22cffe1a8ef8cee6a69/execroot/_main/bazel-out/ios_arm64-opt-ios-arm64-min13.0-ST-57b073d392e5/bin/submodules/ffmpeg/build/FFmpeg-iOS/include/libavutil/pixfmt.h bazel-out/ios_arm64-opt-ios-arm64-min13.0-ST-57b073d392e5/bin/submodules/ffmpeg/Public/third_party/ffmpeg/libavutil/pixfmt.h
2026-10-05T08:48:10.8637060Z + cp /private/var/tmp/_bazel_telegram_ios/29e64aec8f64c22cffe1a8ef8cee6a69/execroot/_main/bazel-out/ios_arm64-opt-ios-arm64-min13.0-ST-57b073d392e5/bin/submodules/ffmpeg/build/FFmpeg-iOS/include/libavutil/aes_ctr.h bazel-out/ios_arm64-opt-ios-arm64-min13.0-ST-57b073d392e5/bin/submodules/ffmpeg/Public/third_party/ffmpeg/libavutil/aes_ctr.h
2026-10-05T08:48:10.8639300Z + cp /private/var/tmp/_bazel_telegram_ios/29e64aec8f64c22cffe1a8ef8cee6a69/execroot/_main/bazel-out/ios_arm64-opt-ios-arm64-min13.0-ST-57b073d392e5/bin/submodules/ffmpeg/build/FFmpeg-iOS/include/libavutil/timestamp.h bazel-out/ios_arm64-opt-ios-arm64-min13.0-ST-57b073d392e5/bin/submodules/ffmpeg/Public/third_party/ffmpeg/libavutil/timestamp.h
2026-10-05T08:48:10.8641490Z + cp /private/var/tmp/_bazel_telegram_ios/29e64aec8f64c22cffe1a8ef8cee6a69/execroot/_main/bazel-out/ios_arm64-opt-ios-arm64-min13.0-ST-57b073d392e5/bin/submodules/ffmpeg/build/FFmpeg-iOS/include/libavutil/downmix_info.h bazel-out/ios_arm64-opt-ios-arm64-min13.0-ST-57b073d392e5/bin/submodules/ffmpeg/Public/third_party/ffmpeg/libavutil/downmix_info.h
2026-10-05T08:48:10.8644920Z + cp /private/var/tmp/_bazel_telegram_ios/29e64aec8f64c22cffe1a8ef8cee6a69/execroot/_main/bazel-out/ios_arm64-opt-ios-arm64-min13.0-ST-57b073d392e5/bin/submodules/ffmpeg/build/FFmpeg-iOS/include/libavutil/avassert.h bazel-out/ios_arm64-opt-ios-arm64-min13.0-ST-57b073d392e5/bin/submodules/ffmpeg/Public/third_party/ffmpeg/libavutil/avassert.h
2026-10-05T08:48:10.8646940Z + cp /private/var/tmp/_bazel_telegram_ios/29e64aec8f64c22cffe1a8ef8cee6a69/execroot/_main/bazel-out/ios_arm64-opt-ios-arm64-min13.0-ST-57b073d392e5/bin/submodules/ffmpeg/build/FFmpeg-iOS/include/libavutil/hash.h bazel-out/ios_arm64-opt-ios-arm64-min13.0-ST-57b073d392e5/bin/submodules/ffmpeg/Public/third_party/ffmpeg/libavutil/hash.h
2026-10-05T08:48:10.8649130Z + cp /private/var/tmp/_bazel_telegram_ios/29e64aec8f64c22cffe1a8ef8cee6a69/execroot/_main/bazel-out/ios_arm64-opt-ios-arm64-min13.0-ST-57b073d392e5/bin/submodules/ffmpeg/build/FFmpeg-iOS/include/libavutil/mathematics.h bazel-out/ios_arm64-opt-ios-arm64-min13.0-ST-57b073d392e5/bin/submodules/ffmpeg/Public/third_party/ffmpeg/libavutil/mathematics.h
2026-10-05T08:48:10.8651400Z + cp /private/var/tmp/_bazel_telegram_ios/29e64aec8f64c22cffe1a8ef8cee6a69/execroot/_main/bazel-out/ios_arm64-opt-ios-arm64-min13.0-ST-57b073d392e5/bin/submodules/ffmpeg/build/FFmpeg-iOS/include/libavutil/intreadwrite.h bazel-out/ios_arm64-opt-ios-arm64-min13.0-ST-57b073d392e5/bin/submodules/ffmpeg/Public/third_party/ffmpeg/libavutil/intreadwrite.h
2026-10-05T08:48:10.8653490Z + cp /private/var/tmp/_bazel_telegram_ios/29e64aec8f64c22cffe1a8ef8cee6a69/execroot/_main/bazel-out/ios_arm64-opt-ios-arm64-min13.0-ST-57b073d392e5/bin/submodules/ffmpeg/build/FFmpeg-iOS/include/libavutil/film_grain_params.h bazel-out/ios_arm64-opt-ios-arm64-min13.0-ST-57b073d392e5/bin/submodules/ffmpeg/Public/third_party/ffmpeg/libavutil/film_grain_params.h
2026-10-05T08:48:10.8655640Z + cp /private/var/tmp/_bazel_telegram_ios/29e64aec8f64c22cffe1a8ef8cee6a69/execroot/_main/bazel-out/ios_arm64-opt-ios-arm64-min13.0-ST-57b073d392e5/bin/submodules/ffmpeg/build/FFmpeg-iOS/include/libavutil/avstring.h bazel-out/ios_arm64-opt-ios-arm64-min13.0-ST-57b073d392e5/bin/submodules/ffmpeg/Public/third_party/ffmpeg/libavutil/avstring.h
2026-10-05T08:48:10.8657840Z + cp /private/var/tmp/_bazel_telegram_ios/29e64aec8f64c22cffe1a8ef8cee6a69/execroot/_main/bazel-out/ios_arm64-opt-ios-arm64-min13.0-ST-57b073d392e5/bin/submodules/ffmpeg/build/FFmpeg-iOS/include/libavformat/version.h bazel-out/ios_arm64-opt-ios-arm64-min13.0-ST-57b073d392e5/bin/submodules/ffmpeg/Public/third_party/ffmpeg/libavformat/version.h
2026-10-05T08:48:10.8660220Z + cp /private/var/tmp/_bazel_telegram_ios/29e64aec8f64c22cffe1a8ef8cee6a69/execroot/_main/bazel-out/ios_arm64-opt-ios-arm64-min13.0-ST-57b073d392e5/bin/submodules/ffmpeg/build/FFmpeg-iOS/include/libavformat/version_major.h bazel-out/ios_arm64-opt-ios-arm64-min13.0-ST-57b073d392e5/bin/submodules/ffmpeg/Public/third_party/ffmpeg/libavformat/version_major.h
2026-10-05T08:48:10.8662520Z + cp /private/var/tmp/_bazel_telegram_ios/29e64aec8f64c22cffe1a8ef8cee6a69/execroot/_main/bazel-out/ios_arm64-opt-ios-arm64-min13.0-ST-57b073d392e5/bin/submodules/ffmpeg/build/FFmpeg-iOS/include/libavformat/avio.h bazel-out/ios_arm64-opt-ios-arm64-min13.0-ST-57b073d392e5/bin/submodules/ffmpeg/Public/third_party/ffmpeg/libavformat/avio.h
2026-10-05T08:48:10.8664990Z + cp /private/var/tmp/_bazel_telegram_ios/29e64aec8f64c22cffe1a8ef8cee6a69/execroot/_main/bazel-out/ios_arm64-opt-ios-arm64-min13.0-ST-57b073d392e5/bin/submodules/ffmpeg/build/FFmpeg-iOS/include/libavformat/avformat.h bazel-out/ios_arm64-opt-ios-arm64-min13.0-ST-57b073d392e5/bin/submodules/ffmpeg/Public/third_party/ffmpeg/libavformat/avformat.h
2026-10-05T08:48:10.8667160Z + cp /private/var/tmp/_bazel_telegram_ios/29e64aec8f64c22cffe1a8ef8cee6a69/execroot/_main/bazel-out/ios_arm64-opt-ios-arm64-min13.0-ST-57b073d392e5/bin/submodules/ffmpeg/build/FFmpeg-iOS/include/libavcodec/adts_parser.h bazel-out/ios_arm64-opt-ios-arm64-min13.0-ST-57b073d392e5/bin/submodules/ffmpeg/Public/third_party/ffmpeg/libavcodec/adts_parser.h
2026-10-05T08:48:10.8669380Z + cp /private/var/tmp/_bazel_telegram_ios/29e64aec8f64c22cffe1a8ef8cee6a69/execroot/_main/bazel-out/ios_arm64-opt-ios-arm64-min13.0-ST-57b073d392e5/bin/submodules/ffmpeg/build/FFmpeg-iOS/include/libavcodec/avcodec.h bazel-out/ios_arm64-opt-ios-arm64-min13.0-ST-57b073d392e5/bin/submodules/ffmpeg/Public/third_party/ffmpeg/libavcodec/avcodec.h
2026-10-05T08:48:10.8671480Z + cp /private/var/tmp/_bazel_telegram_ios/29e64aec8f64c22cffe1a8ef8cee6a69/execroot/_main/bazel-out/ios_arm64-opt-ios-arm64-min13.0-ST-57b073d392e5/bin/submodules/ffmpeg/build/FFmpeg-iOS/include/libavcodec/defs.h bazel-out/ios_arm64-opt-ios-arm64-min13.0-ST-57b073d392e5/bin/submodules/ffmpeg/Public/third_party/ffmpeg/libavcodec/defs.h
2026-10-05T08:48:10.8673600Z + cp /private/var/tmp/_bazel_telegram_ios/29e64aec8f64c22cffe1a8ef8cee6a69/execroot/_main/bazel-out/ios_arm64-opt-ios-arm64-min13.0-ST-57b073d392e5/bin/submodules/ffmpeg/build/FFmpeg-iOS/include/libavcodec/version.h bazel-out/ios_arm64-opt-ios-arm64-min13.0-ST-57b073d392e5/bin/submodules/ffmpeg/Public/third_party/ffmpeg/libavcodec/version.h
2026-10-05T08:48:10.8675690Z + cp /private/var/tmp/_bazel_telegram_ios/29e64aec8f64c22cffe1a8ef8cee6a69/execroot/_main/bazel-out/ios_arm64-opt-ios-arm64-min13.0-ST-57b073d392e5/bin/submodules/ffmpeg/build/FFmpeg-iOS/include/libavcodec/codec_par.h bazel-out/ios_arm64-opt-ios-arm64-min13.0-ST-57b073d392e5/bin/submodules/ffmpeg/Public/third_party/ffmpeg/libavcodec/codec_par.h
2026-10-05T08:48:10.8677780Z + cp /private/var/tmp/_bazel_telegram_ios/29e64aec8f64c22cffe1a8ef8cee6a69/execroot/_main/bazel-out/ios_arm64-opt-ios-arm64-min13.0-ST-57b073d392e5/bin/submodules/ffmpeg/build/FFmpeg-iOS/include/libavcodec/codec_desc.h bazel-out/ios_arm64-opt-ios-arm64-min13.0-ST-57b073d392e5/bin/submodules/ffmpeg/Public/third_party/ffmpeg/libavcodec/codec_desc.h
2026-10-05T08:48:10.8679990Z + cp /private/var/tmp/_bazel_telegram_ios/29e64aec8f64c22cffe1a8ef8cee6a69/execroot/_main/bazel-out/ios_arm64-opt-ios-arm64-min13.0-ST-57b073d392e5/bin/submodules/ffmpeg/build/FFmpeg-iOS/include/libavcodec/videotoolbox.h bazel-out/ios_arm64-opt-ios-arm64-min13.0-ST-57b073d392e5/bin/submodules/ffmpeg/Public/third_party/ffmpeg/libavcodec/videotoolbox.h
2026-10-05T08:48:10.8682040Z + cp /private/var/tmp/_bazel_telegram_ios/29e64aec8f64c22cffe1a8ef8cee6a69/execroot/_main/bazel-out/ios_arm64-opt-ios-arm64-min13.0-ST-57b073d392e5/bin/submodules/ffmpeg/build/FFmpeg-iOS/include/libavcodec/avfft.h bazel-out/ios_arm64-opt-ios-arm64-min13.0-ST-57b073d392e5/bin/submodules/ffmpeg/Public/third_party/ffmpeg/libavcodec/avfft.h
2026-10-05T08:48:10.8684180Z + cp /private/var/tmp/_bazel_telegram_ios/29e64aec8f64c22cffe1a8ef8cee6a69/execroot/_main/bazel-out/ios_arm64-opt-ios-arm64-min13.0-ST-57b073d392e5/bin/submodules/ffmpeg/build/FFmpeg-iOS/include/libavcodec/codec.h bazel-out/ios_arm64-opt-ios-arm64-min13.0-ST-57b073d392e5/bin/submodules/ffmpeg/Public/third_party/ffmpeg/libavcodec/codec.h
2026-10-05T08:48:10.8686300Z + cp /private/var/tmp/_bazel_telegram_ios/29e64aec8f64c22cffe1a8ef8cee6a69/execroot/_main/bazel-out/ios_arm64-opt-ios-arm64-min13.0-ST-57b073d392e5/bin/submodules/ffmpeg/build/FFmpeg-iOS/include/libavcodec/packet.h bazel-out/ios_arm64-opt-ios-arm64-min13.0-ST-57b073d392e5/bin/submodules/ffmpeg/Public/third_party/ffmpeg/libavcodec/packet.h
2026-10-05T08:48:10.8688590Z + cp /private/var/tmp/_bazel_telegram_ios/29e64aec8f64c22cffe1a8ef8cee6a69/execroot/_main/bazel-out/ios_arm64-opt-ios-arm64-min13.0-ST-57b073d392e5/bin/submodules/ffmpeg/build/FFmpeg-iOS/include/libavcodec/version_major.h bazel-out/ios_arm64-opt-ios-arm64-min13.0-ST-57b073d392e5/bin/submodules/ffmpeg/Public/third_party/ffmpeg/libavcodec/version_major.h
2026-10-05T08:48:10.8690610Z + cp /private/var/tmp/_bazel_telegram_ios/29e64aec8f64c22cffe1a8ef8cee6a69/execroot/_main/bazel-out/ios_arm64-opt-ios-arm64-min13.0-ST-57b073d392e5/bin/submodules/ffmpeg/build/FFmpeg-iOS/include/libavcodec/bsf.h bazel-out/ios_arm64-opt-ios-arm64-min13.0-ST-57b073d392e5/bin/submodules/ffmpeg/Public/third_party/ffmpeg/libavcodec/bsf.h
2026-10-05T08:48:10.8692730Z + cp /private/var/tmp/_bazel_telegram_ios/29e64aec8f64c22cffe1a8ef8cee6a69/execroot/_main/bazel-out/ios_arm64-opt-ios-arm64-min13.0-ST-57b073d392e5/bin/submodules/ffmpeg/build/FFmpeg-iOS/include/libavcodec/codec_id.h bazel-out/ios_arm64-opt-ios-arm64-min13.0-ST-57b073d392e5/bin/submodules/ffmpeg/Public/third_party/ffmpeg/libavcodec/codec_id.h
2026-10-05T08:48:10.8694970Z + cp /private/var/tmp/_bazel_telegram_ios/29e64aec8f64c22cffe1a8ef8cee6a69/execroot/_main/bazel-out/ios_arm64-opt-ios-arm64-min13.0-ST-57b073d392e5/bin/submodules/ffmpeg/build/FFmpeg-iOS/include/libavcodec/dirac.h bazel-out/ios_arm64-opt-ios-arm64-min13.0-ST-57b073d392e5/bin/submodules/ffmpeg/Public/third_party/ffmpeg/libavcodec/dirac.h
2026-10-05T08:48:10.8697330Z + cp /private/var/tmp/_bazel_telegram_ios/29e64aec8f64c22cffe1a8ef8cee6a69/execroot/_main/bazel-out/ios_arm64-opt-ios-arm64-min13.0-ST-57b073d392e5/bin/submodules/ffmpeg/build/FFmpeg-iOS/include/libavcodec/avdct.h bazel-out/ios_arm64-opt-ios-arm64-min13.0-ST-57b073d392e5/bin/submodules/ffmpeg/Public/third_party/ffmpeg/libavcodec/avdct.h
2026-10-05T08:48:10.8700540Z + cp /private/var/tmp/_bazel_telegram_ios/29e64aec8f64c22cffe1a8ef8cee6a69/execroot/_main/bazel-out/ios_arm64-opt-ios-arm64-min13.0-ST-57b073d392e5/bin/submodules/ffmpeg/build/FFmpeg-iOS/include/libavcodec/ac3_parser.h bazel-out/ios_arm64-opt-ios-arm64-min13.0-ST-57b073d392e5/bin/submodules/ffmpeg/Public/third_party/ffmpeg/libavcodec/ac3_parser.h
2026-10-05T08:48:10.8706480Z + cp /private/var/tmp/_bazel_telegram_ios/29e64aec8f64c22cffe1a8ef8cee6a69/execroot/_main/bazel-out/ios_arm64-opt-ios-arm64-min13.0-ST-57b073d392e5/bin/submodules/ffmpeg/build/FFmpeg-iOS/include/libavcodec/vorbis_parser.h bazel-out/ios_arm64-opt-ios-arm64-min13.0-ST-57b073d392e5/bin/submodules/ffmpeg/Public/third_party/ffmpeg/libavcodec/vorbis_parser.h
2026-10-05T08:48:10.8711750Z + cp /private/var/tmp/_bazel_telegram_ios/29e64aec8f64c22cffe1a8ef8cee6a69/execroot/_main/bazel-out/ios_arm64-opt-ios-arm64-min13.0-ST-57b073d392e5/bin/submodules/ffmpeg/build/FFmpeg-iOS/include/libavcodec/dv_profile.h bazel-out/ios_arm64-opt-ios-arm64-min13.0-ST-57b073d392e5/bin/submodules/ffmpeg/Public/third_party/ffmpeg/libavcodec/dv_profile.h
2026-10-05T08:48:10.8714740Z + cp /private/var/tmp/_bazel_telegram_ios/29e64aec8f64c22cffe1a8ef8cee6a69/execroot/_main/bazel-out/ios_arm64-opt-ios-arm64-min13.0-ST-57b073d392e5/bin/submodules/ffmpeg/build/FFmpeg-iOS/include/libswresample/version.h bazel-out/ios_arm64-opt-ios-arm64-min13.0-ST-57b073d392e5/bin/submodules/ffmpeg/Public/third_party/ffmpeg/libswresample/version.h
2026-10-05T08:48:10.8720400Z + cp /private/var/tmp/_bazel_telegram_ios/29e64aec8f64c22cffe1a8ef8cee6a69/execroot/_main/bazel-out/ios_arm64-opt-ios-arm64-min13.0-ST-57b073d392e5/bin/submodules/ffmpeg/build/FFmpeg-iOS/include/libswresample/version_major.h bazel-out/ios_arm64-opt-ios-arm64-min13.0-ST-57b073d392e5/bin/submodules/ffmpeg/Public/third_party/ffmpeg/libswresample/version_major.h
2026-10-05T08:48:10.8723440Z + cp /private/var/tmp/_bazel_telegram_ios/29e64aec8f64c22cffe1a8ef8cee6a69/execroot/_main/bazel-out/ios_arm64-opt-ios-arm64-min13.0-ST-57b073d392e5/bin/submodules/ffmpeg/build/FFmpeg-iOS/include/libswresample/swresample.h bazel-out/ios_arm64-opt-ios-arm64-min13.0-ST-57b073d392e5/bin/submodules/ffmpeg/Public/third_party/ffmpeg/libswresample/swresample.h
2026-10-05T08:48:10.8727280Z + cp /private/var/tmp/_bazel_telegram_ios/29e64aec8f64c22cffe1a8ef8cee6a69/execroot/_main/bazel-out/ios_arm64-opt-ios-arm64-min13.0-ST-57b073d392e5/bin/submodules/ffmpeg/build/FFmpeg-iOS/include/libavutil/hwcontext.h bazel-out/ios_arm64-opt-ios-arm64-min13.0-ST-57b073d392e5/bin/submodules/ffmpeg/Public/libavutil/hwcontext.h
2026-10-05T08:48:10.8729190Z + cp /private/var/tmp/_bazel_telegram_ios/29e64aec8f64c22cffe1a8ef8cee6a69/execroot/_main/bazel-out/ios_arm64-opt-ios-arm64-min13.0-ST-57b073d392e5/bin/submodules/ffmpeg/build/FFmpeg-iOS/include/libavutil/time.h bazel-out/ios_arm64-opt-ios-arm64-min13.0-ST-57b073d392e5/bin/submodules/ffmpeg/Public/libavutil/time.h
2026-10-05T08:48:10.8731140Z + cp /private/var/tmp/_bazel_telegram_ios/29e64aec8f64c22cffe1a8ef8cee6a69/execroot/_main/bazel-out/ios_arm64-opt-ios-arm64-min13.0-ST-57b073d392e5/bin/submodules/ffmpeg/build/FFmpeg-iOS/include/libavutil/iamf.h bazel-out/ios_arm64-opt-ios-arm64-min13.0-ST-57b073d392e5/bin/submodules/ffmpeg/Public/libavutil/iamf.h
2026-10-05T08:48:10.8732910Z + cp /private/var/tmp/_bazel_telegram_ios/29e64aec8f64c22cffe1a8ef8cee6a69/execroot/_main/bazel-out/ios_arm64-opt-ios-arm64-min13.0-ST-57b073d392e5/bin/submodules/ffmpeg/build/FFmpeg-iOS/include/libavutil/intfloat.h bazel-out/ios_arm64-opt-ios-arm64-min13.0-ST-57b073d392e5/bin/submodules/ffmpeg/Public/libavutil/intfloat.h
2026-10-05T08:48:10.8737900Z + cp /private/var/tmp/_bazel_telegram_ios/29e64aec8f64c22cffe1a8ef8cee6a69/execroot/_main/bazel-out/ios_arm64-opt-ios-arm64-min13.0-ST-57b073d392e5/bin/submodules/ffmpeg/build/FFmpeg-iOS/include/libavutil/error.h bazel-out/ios_arm64-opt-ios-arm64-min13.0-ST-57b073d392e5/bin/submodules/ffmpeg/Public/libavutil/error.h
2026-10-05T08:48:10.8740830Z + cp /private/var/tmp/_bazel_telegram_ios/29e64aec8f64c22cffe1a8ef8cee6a69/execroot/_main/bazel-out/ios_arm64-opt-ios-arm64-min13.0-ST-57b073d392e5/bin/submodules/ffmpeg/build/FFmpeg-iOS/include/libavutil/detection_bbox.h bazel-out/ios_arm64-opt-ios-arm64-min13.0-ST-57b073d392e5/bin/submodules/ffmpeg/Public/libavutil/detection_bbox.h
2026-10-05T08:48:10.8745910Z + cp /private/var/tmp/_bazel_telegram_ios/29e64aec8f64c22cffe1a8ef8cee6a69/execroot/_main/bazel-out/ios_arm64-opt-ios-arm64-min13.0-ST-57b073d392e5/bin/submodules/ffmpeg/build/FFmpeg-iOS/include/libavutil/ambient_viewing_environment.h bazel-out/ios_arm64-opt-ios-arm64-min13.0-ST-57b073d392e5/bin/submodules/ffmpeg/Public/libavutil/ambient_viewing_environment.h
2026-10-05T08:48:10.8751220Z + cp /private/var/tmp/_bazel_telegram_ios/29e64aec8f64c22cffe1a8ef8cee6a69/execroot/_main/bazel-out/ios_arm64-opt-ios-arm64-min13.0-ST-57b073d392e5/bin/submodules/ffmpeg/build/FFmpeg-iOS/include/libavutil/fifo.h bazel-out/ios_arm64-opt-ios-arm64-min13.0-ST-57b073d392e5/bin/submodules/ffmpeg/Public/libavutil/fifo.h
2026-10-05T08:48:10.8756310Z + cp /private/var/tmp/_bazel_telegram_ios/29e64aec8f64c22cffe1a8ef8cee6a69/execroot/_main/bazel-out/ios_arm64-opt-ios-arm64-min13.0-ST-57b073d392e5/bin/submodules/ffmpeg/build/FFmpeg-iOS/include/libavutil/blowfish.h bazel-out/ios_arm64-opt-ios-arm64-min13.0-ST-57b073d392e5/bin/submodules/ffmpeg/Public/libavutil/blowfish.h
2026-10-05T08:48:10.8761790Z + cp /private/var/tmp/_bazel_telegram_ios/29e64aec8f64c22cffe1a8ef8cee6a69/execroot/_main/bazel-out/ios_arm64-opt-ios-arm64-min13.0-ST-57b073d392e5/bin/submodules/ffmpeg/build/FFmpeg-iOS/include/libavutil/replaygain.h bazel-out/ios_arm64-opt-ios-arm64-min13.0-ST-57b073d392e5/bin/submodules/ffmpeg/Public/libavutil/replaygain.h
2026-10-05T08:48:10.8767170Z + cp /private/var/tmp/_bazel_telegram_ios/29e64aec8f64c22cffe1a8ef8cee6a69/execroot/_main/bazel-out/ios_arm64-opt-ios-arm64-min13.0-ST-57b073d392e5/bin/submodules/ffmpeg/build/FFmpeg-iOS/include/libavutil/version.h bazel-out/ios_arm64-opt-ios-arm64-min13.0-ST-57b073d392e5/bin/submodules/ffmpeg/Public/libavutil/version.h
2026-10-05T08:48:10.8773170Z + cp /private/var/tmp/_bazel_telegram_ios/29e64aec8f64c22cffe1a8ef8cee6a69/execroot/_main/bazel-out/ios_arm64-opt-ios-arm64-min13.0-ST-57b073d392e5/bin/submodules/ffmpeg/build/FFmpeg-iOS/include/libavutil/murmur3.h bazel-out/ios_arm64-opt-ios-arm64-min13.0-ST-57b073d392e5/bin/submodules/ffmpeg/Public/libavutil/murmur3.h
2026-10-05T08:48:10.8778130Z + cp /private/var/tmp/_bazel_telegram_ios/29e64aec8f64c22cffe1a8ef8cee6a69/execroot/_main/bazel-out/ios_arm64-opt-ios-arm64-min13.0-ST-57b073d392e5/bin/submodules/ffmpeg/build/FFmpeg-iOS/include/libavutil/stereo3d.h bazel-out/ios_arm64-opt-ios-arm64-min13.0-ST-57b073d392e5/bin/submodules/ffmpeg/Public/libavutil/stereo3d.h
2026-10-05T08:48:10.8783460Z + cp /private/var/tmp/_bazel_telegram_ios/29e64aec8f64c22cffe1a8ef8cee6a69/execroot/_main/bazel-out/ios_arm64-opt-ios-arm64-min13.0-ST-57b073d392e5/bin/submodules/ffmpeg/build/FFmpeg-iOS/include/libavutil/samplefmt.h bazel-out/ios_arm64-opt-ios-arm64-min13.0-ST-57b073d392e5/bin/submodules/ffmpeg/Public/libavutil/samplefmt.h
2026-10-05T08:48:10.8787970Z + cp /private/var/tmp/_bazel_telegram_ios/29e64aec8f64c22cffe1a8ef8cee6a69/execroot/_main/bazel-out/ios_arm64-opt-ios-arm64-min13.0-ST-57b073d392e5/bin/submodules/ffmpeg/build/FFmpeg-iOS/include/libavutil/pixdesc.h bazel-out/ios_arm64-opt-ios-arm64-min13.0-ST-57b073d392e5/bin/submodules/ffmpeg/Public/libavutil/pixdesc.h
2026-10-05T08:48:10.8790220Z + cp /private/var/tmp/_bazel_telegram_ios/29e64aec8f64c22cffe1a8ef8cee6a69/execroot/_main/bazel-out/ios_arm64-opt-ios-arm64-min13.0-ST-57b073d392e5/bin/submodules/ffmpeg/build/FFmpeg-iOS/include/libavutil/base64.h bazel-out/ios_arm64-opt-ios-arm64-min13.0-ST-57b073d392e5/bin/submodules/ffmpeg/Public/libavutil/base64.h
2026-10-05T08:48:10.8794060Z + cp /private/var/tmp/_bazel_telegram_ios/29e64aec8f64c22cffe1a8ef8cee6a69/execroot/_main/bazel-out/ios_arm64-opt-ios-arm64-min13.0-ST-57b073d392e5/bin/submodules/ffmpeg/build/FFmpeg-iOS/include/libavutil/rational.h bazel-out/ios_arm64-opt-ios-arm64-min13.0-ST-57b073d392e5/bin/submodules/ffmpeg/Public/libavutil/rational.h
2026-10-05T08:48:10.8795940Z + cp /private/var/tmp/_bazel_telegram_ios/29e64aec8f64c22cffe1a8ef8cee6a69/execroot/_main/bazel-out/ios_arm64-opt-ios-arm64-min13.0-ST-57b073d392e5/bin/submodules/ffmpeg/build/FFmpeg-iOS/include/libavutil/sha.h bazel-out/ios_arm64-opt-ios-arm64-min13.0-ST-57b073d392e5/bin/submodules/ffmpeg/Public/libavutil/sha.h
2026-10-05T08:48:10.8799060Z + cp /private/var/tmp/_bazel_telegram_ios/29e64aec8f64c22cffe1a8ef8cee6a69/execroot/_main/bazel-out/ios_arm64-opt-ios-arm64-min13.0-ST-57b073d392e5/bin/submodules/ffmpeg/build/FFmpeg-iOS/include/libavutil/motion_vector.h bazel-out/ios_arm64-opt-ios-arm64-min13.0-ST-57b073d392e5/bin/submodules/ffmpeg/Public/libavutil/motion_vector.h
2026-10-05T08:48:10.8801080Z + cp /private/var/tmp/_bazel_telegram_ios/29e64aec8f64c22cffe1a8ef8cee6a69/execroot/_main/bazel-out/ios_arm64-opt-ios-arm64-min13.0-ST-57b073d392e5/bin/submodules/ffmpeg/build/FFmpeg-iOS/include/libavutil/uuid.h bazel-out/ios_arm64-opt-ios-arm64-min13.0-ST-57b073d392e5/bin/submodules/ffmpeg/Public/libavutil/uuid.h
2026-10-05T08:48:10.8804010Z + cp /private/var/tmp/_bazel_telegram_ios/29e64aec8f64c22cffe1a8ef8cee6a69/execroot/_main/bazel-out/ios_arm64-opt-ios-arm64-min13.0-ST-57b073d392e5/bin/submodules/ffmpeg/build/FFmpeg-iOS/include/libavutil/avconfig.h bazel-out/ios_arm64-opt-ios-arm64-min13.0-ST-57b073d392e5/bin/submodules/ffmpeg/Public/libavutil/avconfig.h
2026-10-05T08:48:10.8805960Z + cp /private/var/tmp/_bazel_telegram_ios/29e64aec8f64c22cffe1a8ef8cee6a69/execroot/_main/bazel-out/ios_arm64-opt-ios-arm64-min13.0-ST-57b073d392e5/bin/submodules/ffmpeg/build/FFmpeg-iOS/include/libavutil/lfg.h bazel-out/ios_arm64-opt-ios-arm64-min13.0-ST-57b073d392e5/bin/submodules/ffmpeg/Public/libavutil/lfg.h
2026-10-05T08:48:10.8809050Z + cp /private/var/tmp/_bazel_telegram_ios/29e64aec8f64c22cffe1a8ef8cee6a69/execroot/_main/bazel-out/ios_arm64-opt-ios-arm64-min13.0-ST-57b073d392e5/bin/submodules/ffmpeg/build/FFmpeg-iOS/include/libavutil/avutil.h bazel-out/ios_arm64-opt-ios-arm64-min13.0-ST-57b073d392e5/bin/submodules/ffmpeg/Public/libavutil/avutil.h
2026-10-05T08:48:10.8811290Z + cp /private/var/tmp/_bazel_telegram_ios/29e64aec8f64c22cffe1a8ef8cee6a69/execroot/_main/bazel-out/ios_arm64-opt-ios-arm64-min13.0-ST-57b073d392e5/bin/submodules/ffmpeg/build/FFmpeg-iOS/include/libavutil/xtea.h bazel-out/ios_arm64-opt-ios-arm64-min13.0-ST-57b073d392e5/bin/submodules/ffmpeg/Public/libavutil/xtea.h
2026-10-05T08:48:10.8813150Z + cp /private/var/tmp/_bazel_telegram_ios/29e64aec8f64c22cffe1a8ef8cee6a69/execroot/_main/bazel-out/ios_arm64-opt-ios-arm64-min13.0-ST-57b073d392e5/bin/submodules/ffmpeg/build/FFmpeg-iOS/include/libavutil/crc.h bazel-out/ios_arm64-opt-ios-arm64-min13.0-ST-57b073d392e5/bin/submodules/ffmpeg/Public/libavutil/crc.h
2026-10-05T08:48:10.8814940Z + cp /private/var/tmp/_bazel_telegram_ios/29e64aec8f64c22cffe1a8ef8cee6a69/execroot/_main/bazel-out/ios_arm64-opt-ios-arm64-min13.0-ST-57b073d392e5/bin/submodules/ffmpeg/build/FFmpeg-iOS/include/libavutil/frame.h bazel-out/ios_arm64-opt-ios-arm64-min13.0-ST-57b073d392e5/bin/submodules/ffmpeg/Public/libavutil/frame.h
2026-10-05T08:48:10.8816880Z + cp /private/var/tmp/_bazel_telegram_ios/29e64aec8f64c22cffe1a8ef8cee6a69/execroot/_main/bazel-out/ios_arm64-opt-ios-arm64-min13.0-ST-57b073d392e5/bin/submodules/ffmpeg/build/FFmpeg-iOS/include/libavutil/file.h bazel-out/ios_arm64-opt-ios-arm64-min13.0-ST-57b073d392e5/bin/submodules/ffmpeg/Public/libavutil/file.h
2026-10-05T08:48:10.8819180Z + cp /private/var/tmp/_bazel_telegram_ios/29e64aec8f64c22cffe1a8ef8cee6a69/execroot/_main/bazel-out/ios_arm64-opt-ios-arm64-min13.0-ST-57b073d392e5/bin/submodules/ffmpeg/build/FFmpeg-iOS/include/libavutil/md5.h bazel-out/ios_arm64-opt-ios-arm64-min13.0-ST-57b073d392e5/bin/submodules/ffmpeg/Public/libavutil/md5.h
2026-10-05T08:48:10.8821000Z + cp /private/var/tmp/_bazel_telegram_ios/29e64aec8f64c22cffe1a8ef8cee6a69/execroot/_main/bazel-out/ios_arm64-opt-ios-arm64-min13.0-ST-57b073d392e5/bin/submodules/ffmpeg/build/FFmpeg-iOS/include/libavutil/cast5.h bazel-out/ios_arm64-opt-ios-arm64-min13.0-ST-57b073d392e5/bin/submodules/ffmpeg/Public/libavutil/cast5.h
2026-10-05T08:48:10.8822780Z + cp /private/var/tmp/_bazel_telegram_ios/29e64aec8f64c22cffe1a8ef8cee6a69/execroot/_main/bazel-out/ios_arm64-opt-ios-arm64-min13.0-ST-57b073d392e5/bin/submodules/ffmpeg/build/FFmpeg-iOS/include/libavutil/spherical.h bazel-out/ios_arm64-opt-ios-arm64-min13.0-ST-57b073d392e5/bin/submodules/ffmpeg/Public/libavutil/spherical.h
2026-10-05T08:48:10.8824600Z + cp /private/var/tmp/_bazel_telegram_ios/29e64aec8f64c22cffe1a8ef8cee6a69/execroot/_main/bazel-out/ios_arm64-opt-ios-arm64-min13.0-ST-57b073d392e5/bin/submodules/ffmpeg/build/FFmpeg-iOS/include/libavutil/ffversion.h bazel-out/ios_arm64-opt-ios-arm64-min13.0-ST-57b073d392e5/bin/submodules/ffmpeg/Public/libavutil/ffversion.h
2026-10-05T08:48:10.8827180Z + cp /private/var/tmp/_bazel_telegram_ios/29e64aec8f64c22cffe1a8ef8cee6a69/execroot/_main/bazel-out/ios_arm64-opt-ios-arm64-min13.0-ST-57b073d392e5/bin/submodules/ffmpeg/build/FFmpeg-iOS/include/libavutil/audio_fifo.h bazel-out/ios_arm64-opt-ios-arm64-min13.0-ST-57b073d392e5/bin/submodules/ffmpeg/Public/libavutil/audio_fifo.h
2026-10-05T08:48:10.8832680Z + cp /private/var/tmp/_bazel_telegram_ios/29e64aec8f64c22cffe1a8ef8cee6a69/execroot/_main/bazel-out/ios_arm64-opt-ios-arm64-min13.0-ST-57b073d392e5/bin/submodules/ffmpeg/build/FFmpeg-iOS/include/libavutil/tree.h bazel-out/ios_arm64-opt-ios-arm64-min13.0-ST-57b073d392e5/bin/submodules/ffmpeg/Public/libavutil/tree.h
2026-10-05T08:48:10.8838130Z + cp /private/var/tmp/_bazel_telegram_ios/29e64aec8f64c22cffe1a8ef8cee6a69/execroot/_main/bazel-out/ios_arm64-opt-ios-arm64-min13.0-ST-57b073d392e5/bin/submodules/ffmpeg/build/FFmpeg-iOS/include/libavutil/threadmessage.h bazel-out/ios_arm64-opt-ios-arm64-min13.0-ST-57b073d392e5/bin/submodules/ffmpeg/Public/libavutil/threadmessage.h
2026-10-05T08:48:10.8843750Z + cp /private/var/tmp/_bazel_telegram_ios/29e64aec8f64c22cffe1a8ef8cee6a69/execroot/_main/bazel-out/ios_arm64-opt-ios-arm64-min13.0-ST-57b073d392e5/bin/submodules/ffmpeg/build/FFmpeg-iOS/include/libavutil/attributes.h bazel-out/ios_arm64-opt-ios-arm64-min13.0-ST-57b073d392e5/bin/submodules/ffmpeg/Public/libavutil/attributes.h
2026-10-05T08:48:10.8847470Z + cp /private/var/tmp/_bazel_telegram_ios/29e64aec8f64c22cffe1a8ef8cee6a69/execroot/_main/bazel-out/ios_arm64-opt-ios-arm64-min13.0-ST-57b073d392e5/bin/submodules/ffmpeg/build/FFmpeg-iOS/include/libavutil/hdr_dynamic_vivid_metadata.h bazel-out/ios_arm64-opt-ios-arm64-min13.0-ST-57b073d392e5/bin/submodules/ffmpeg/Public/libavutil/hdr_dynamic_vivid_metadata.h
2026-10-05T08:48:10.8849710Z + cp /private/var/tmp/_bazel_telegram_ios/29e64aec8f64c22cffe1a8ef8cee6a69/execroot/_main/bazel-out/ios_arm64-opt-ios-arm64-min13.0-ST-57b073d392e5/bin/submodules/ffmpeg/build/FFmpeg-iOS/include/libavutil/adler32.h bazel-out/ios_arm64-opt-ios-arm64-min13.0-ST-57b073d392e5/bin/submodules/ffmpeg/Public/libavutil/adler32.h
2026-10-05T08:48:10.8851650Z + cp /private/var/tmp/_bazel_telegram_ios/29e64aec8f64c22cffe1a8ef8cee6a69/execroot/_main/bazel-out/ios_arm64-opt-ios-arm64-min13.0-ST-57b073d392e5/bin/submodules/ffmpeg/build/FFmpeg-iOS/include/libavutil/timecode.h bazel-out/ios_arm64-opt-ios-arm64-min13.0-ST-57b073d392e5/bin/submodules/ffmpeg/Public/libavutil/timecode.h
2026-10-05T08:48:10.8853550Z + cp /private/var/tmp/_bazel_telegram_ios/29e64aec8f64c22cffe1a8ef8cee6a69/execroot/_main/bazel-out/ios_arm64-opt-ios-arm64-min13.0-ST-57b073d392e5/bin/submodules/ffmpeg/build/FFmpeg-iOS/include/libavutil/dovi_meta.h bazel-out/ios_arm64-opt-ios-arm64-min13.0-ST-57b073d392e5/bin/submodules/ffmpeg/Public/libavutil/dovi_meta.h
2026-10-05T08:48:10.8855750Z + cp /private/var/tmp/_bazel_telegram_ios/29e64aec8f64c22cffe1a8ef8cee6a69/execroot/_main/bazel-out/ios_arm64-opt-ios-arm64-min13.0-ST-57b073d392e5/bin/submodules/ffmpeg/build/FFmpeg-iOS/include/libavutil/tx.h bazel-out/ios_arm64-opt-ios-arm64-min13.0-ST-57b073d392e5/bin/submodules/ffmpeg/Public/libavutil/tx.h
2026-10-05T08:48:10.8857710Z + cp /private/var/tmp/_bazel_telegram_ios/29e64aec8f64c22cffe1a8ef8cee6a69/execroot/_main/bazel-out/ios_arm64-opt-ios-arm64-min13.0-ST-57b073d392e5/bin/submodules/ffmpeg/build/FFmpeg-iOS/include/libavutil/sha512.h bazel-out/ios_arm64-opt-ios-arm64-min13.0-ST-57b073d392e5/bin/submodules/ffmpeg/Public/libavutil/sha512.h
2026-10-05T08:48:10.8860360Z + cp /private/var/tmp/_bazel_telegram_ios/29e64aec8f64c22cffe1a8ef8cee6a69/execroot/_main/bazel-out/ios_arm64-opt-ios-arm64-min13.0-ST-57b073d392e5/bin/submodules/ffmpeg/build/FFmpeg-iOS/include/libavutil/display.h bazel-out/ios_arm64-opt-ios-arm64-min13.0-ST-57b073d392e5/bin/submodules/ffmpeg/Public/libavutil/display.h
2026-10-05T08:48:10.8862230Z + cp /private/var/tmp/_bazel_telegram_ios/29e64aec8f64c22cffe1a8ef8cee6a69/execroot/_main/bazel-out/ios_arm64-opt-ios-arm64-min13.0-ST-57b073d392e5/bin/submodules/ffmpeg/build/FFmpeg-iOS/include/libavutil/buffer.h bazel-out/ios_arm64-opt-ios-arm64-min13.0-ST-57b073d392e5/bin/submodules/ffmpeg/Public/libavutil/buffer.h
2026-10-05T08:48:10.8865230Z + cp /private/var/tmp/_bazel_telegram_ios/29e64aec8f64c22cffe1a8ef8cee6a69/execroot/_main/bazel-out/ios_arm64-opt-ios-arm64-min13.0-ST-57b073d392e5/bin/submodules/ffmpeg/build/FFmpeg-iOS/include/libavutil/camellia.h bazel-out/ios_arm64-opt-ios-arm64-min13.0-ST-57b073d392e5/bin/submodules/ffmpeg/Public/libavutil/camellia.h
2026-10-05T08:48:10.8867340Z + cp /private/var/tmp/_bazel_telegram_ios/29e64aec8f64c22cffe1a8ef8cee6a69/execroot/_main/bazel-out/ios_arm64-opt-ios-arm64-min13.0-ST-57b073d392e5/bin/submodules/ffmpeg/build/FFmpeg-iOS/include/libavutil/csp.h bazel-out/ios_arm64-opt-ios-arm64-min13.0-ST-57b073d392e5/bin/submodules/ffmpeg/Public/libavutil/csp.h
2026-10-05T08:48:10.8869720Z + cp /private/var/tmp/_bazel_telegram_ios/29e64aec8f64c22cffe1a8ef8cee6a69/execroot/_main/bazel-out/ios_arm64-opt-ios-arm64-min13.0-ST-57b073d392e5/bin/submodules/ffmpeg/build/FFmpeg-iOS/include/libavutil/video_hint.h bazel-out/ios_arm64-opt-ios-arm64-min13.0-ST-57b073d392e5/bin/submodules/ffmpeg/Public/libavutil/video_hint.h
2026-10-05T08:48:10.8872680Z + cp /private/var/tmp/_bazel_telegram_ios/29e64aec8f64c22cffe1a8ef8cee6a69/execroot/_main/bazel-out/ios_arm64-opt-ios-arm64-min13.0-ST-57b073d392e5/bin/submodules/ffmpeg/build/FFmpeg-iOS/include/libavutil/pixelutils.h bazel-out/ios_arm64-opt-ios-arm64-min13.0-ST-57b073d392e5/bin/submodules/ffmpeg/Public/libavutil/pixelutils.h
2026-10-05T08:48:10.8874500Z + cp /private/var/tmp/_bazel_telegram_ios/29e64aec8f64c22cffe1a8ef8cee6a69/execroot/_main/bazel-out/ios_arm64-opt-ios-arm64-min13.0-ST-57b073d392e5/bin/submodules/ffmpeg/build/FFmpeg-iOS/include/libavutil/common.h bazel-out/ios_arm64-opt-ios-arm64-min13.0-ST-57b073d392e5/bin/submodules/ffmpeg/Public/libavutil/common.h
2026-10-05T08:48:10.8876270Z + cp /private/var/tmp/_bazel_telegram_ios/29e64aec8f64c22cffe1a8ef8cee6a69/execroot/_main/bazel-out/ios_arm64-opt-ios-arm64-min13.0-ST-57b073d392e5/bin/submodules/ffmpeg/build/FFmpeg-iOS/include/libavutil/hmac.h bazel-out/ios_arm64-opt-ios-arm64-min13.0-ST-57b073d392e5/bin/submodules/ffmpeg/Public/libavutil/hmac.h
2026-10-05T08:48:10.8878050Z + cp /private/var/tmp/_bazel_telegram_ios/29e64aec8f64c22cffe1a8ef8cee6a69/execroot/_main/bazel-out/ios_arm64-opt-ios-arm64-min13.0-ST-57b073d392e5/bin/submodules/ffmpeg/build/FFmpeg-iOS/include/libavutil/eval.h bazel-out/ios_arm64-opt-ios-arm64-min13.0-ST-57b073d392e5/bin/submodules/ffmpeg/Public/libavutil/eval.h
2026-10-05T08:48:10.8880020Z + cp /private/var/tmp/_bazel_telegram_ios/29e64aec8f64c22cffe1a8ef8cee6a69/execroot/_main/bazel-out/ios_arm64-opt-ios-arm64-min13.0-ST-57b073d392e5/bin/submodules/ffmpeg/build/FFmpeg-iOS/include/libavutil/executor.h bazel-out/ios_arm64-opt-ios-arm64-min13.0-ST-57b073d392e5/bin/submodules/ffmpeg/Public/libavutil/executor.h
2026-10-05T08:48:10.8881830Z + cp /private/var/tmp/_bazel_telegram_ios/29e64aec8f64c22cffe1a8ef8cee6a69/execroot/_main/bazel-out/ios_arm64-opt-ios-arm64-min13.0-ST-57b073d392e5/bin/submodules/ffmpeg/build/FFmpeg-iOS/include/libavutil/dict.h bazel-out/ios_arm64-opt-ios-arm64-min13.0-ST-57b073d392e5/bin/submodules/ffmpeg/Public/libavutil/dict.h
2026-10-05T08:48:10.8883610Z + cp /private/var/tmp/_bazel_telegram_ios/29e64aec8f64c22cffe1a8ef8cee6a69/execroot/_main/bazel-out/ios_arm64-opt-ios-arm64-min13.0-ST-57b073d392e5/bin/submodules/ffmpeg/build/FFmpeg-iOS/include/libavutil/random_seed.h bazel-out/ios_arm64-opt-ios-arm64-min13.0-ST-57b073d392e5/bin/submodules/ffmpeg/Public/libavutil/random_seed.h
2026-10-05T08:48:10.8885390Z + cp /private/var/tmp/_bazel_telegram_ios/29e64aec8f64c22cffe1a8ef8cee6a69/execroot/_main/bazel-out/ios_arm64-opt-ios-arm64-min13.0-ST-57b073d392e5/bin/submodules/ffmpeg/build/FFmpeg-iOS/include/libavutil/opt.h bazel-out/ios_arm64-opt-ios-arm64-min13.0-ST-57b073d392e5/bin/submodules/ffmpeg/Public/libavutil/opt.h
2026-10-05T08:48:10.8888050Z + cp /private/var/tmp/_bazel_telegram_ios/29e64aec8f64c22cffe1a8ef8cee6a69/execroot/_main/bazel-out/ios_arm64-opt-ios-arm64-min13.0-ST-57b073d392e5/bin/submodules/ffmpeg/build/FFmpeg-iOS/include/libavutil/mastering_display_metadata.h bazel-out/ios_arm64-opt-ios-arm64-min13.0-ST-57b073d392e5/bin/submodules/ffmpeg/Public/libavutil/mastering_display_metadata.h
2026-10-05T08:48:10.8890540Z + cp /private/var/tmp/_bazel_telegram_ios/29e64aec8f64c22cffe1a8ef8cee6a69/execroot/_main/bazel-out/ios_arm64-opt-ios-arm64-min13.0-ST-57b073d392e5/bin/submodules/ffmpeg/build/FFmpeg-iOS/include/libavutil/log.h bazel-out/ios_arm64-opt-ios-arm64-min13.0-ST-57b073d392e5/bin/submodules/ffmpeg/Public/libavutil/log.h
2026-10-05T08:48:10.8892480Z + cp /private/var/tmp/_bazel_telegram_ios/29e64aec8f64c22cffe1a8ef8cee6a69/execroot/_main/bazel-out/ios_arm64-opt-ios-arm64-min13.0-ST-57b073d392e5/bin/submodules/ffmpeg/build/FFmpeg-iOS/include/libavutil/aes.h bazel-out/ios_arm64-opt-ios-arm64-min13.0-ST-57b073d392e5/bin/submodules/ffmpeg/Public/libavutil/aes.h
2026-10-05T08:48:10.8894520Z + cp /private/var/tmp/_bazel_telegram_ios/29e64aec8f64c22cffe1a8ef8cee6a69/execroot/_main/bazel-out/ios_arm64-opt-ios-arm64-min13.0-ST-57b073d392e5/bin/submodules/ffmpeg/build/FFmpeg-iOS/include/libavutil/macros.h bazel-out/ios_arm64-opt-ios-arm64-min13.0-ST-57b073d392e5/bin/submodules/ffmpeg/Public/libavutil/macros.h
2026-10-05T08:48:10.8896760Z + cp /private/var/tmp/_bazel_telegram_ios/29e64aec8f64c22cffe1a8ef8cee6a69/execroot/_main/bazel-out/ios_arm64-opt-ios-arm64-min13.0-ST-57b073d392e5/bin/submodules/ffmpeg/build/FFmpeg-iOS/include/libavutil/bswap.h bazel-out/ios_arm64-opt-ios-arm64-min13.0-ST-57b073d392e5/bin/submodules/ffmpeg/Public/libavutil/bswap.h
2026-10-05T08:48:10.8898520Z + cp /private/var/tmp/_bazel_telegram_ios/29e64aec8f64c22cffe1a8ef8cee6a69/execroot/_main/bazel-out/ios_arm64-opt-ios-arm64-min13.0-ST-57b073d392e5/bin/submodules/ffmpeg/build/FFmpeg-iOS/include/libavutil/rc4.h bazel-out/ios_arm64-opt-ios-arm64-min13.0-ST-57b073d392e5/bin/submodules/ffmpeg/Public/libavutil/rc4.h
2026-10-05T08:48:10.8900820Z + cp /private/var/tmp/_bazel_telegram_ios/29e64aec8f64c22cffe1a8ef8cee6a69/execroot/_main/bazel-out/ios_arm64-opt-ios-arm64-min13.0-ST-57b073d392e5/bin/submodules/ffmpeg/build/FFmpeg-iOS/include/libavutil/tea.h bazel-out/ios_arm64-opt-ios-arm64-min13.0-ST-57b073d392e5/bin/submodules/ffmpeg/Public/libavutil/tea.h
2026-10-05T08:48:10.8902580Z + cp /private/var/tmp/_bazel_telegram_ios/29e64aec8f64c22cffe1a8ef8cee6a69/execroot/_main/bazel-out/ios_arm64-opt-ios-arm64-min13.0-ST-57b073d392e5/bin/submodules/ffmpeg/build/FFmpeg-iOS/include/libavutil/cpu.h bazel-out/ios_arm64-opt-ios-arm64-min13.0-ST-57b073d392e5/bin/submodules/ffmpeg/Public/libavutil/cpu.h
2026-10-05T08:48:10.8904700Z + cp /private/var/tmp/_bazel_telegram_ios/29e64aec8f64c22cffe1a8ef8cee6a69/execroot/_main/bazel-out/ios_arm64-opt-ios-arm64-min13.0-ST-57b073d392e5/bin/submodules/ffmpeg/build/FFmpeg-iOS/include/libavutil/lzo.h bazel-out/ios_arm64-opt-ios-arm64-min13.0-ST-57b073d392e5/bin/submodules/ffmpeg/Public/libavutil/lzo.h
2026-10-05T08:48:10.8906660Z + cp /private/var/tmp/_bazel_telegram_ios/29e64aec8f64c22cffe1a8ef8cee6a69/execroot/_main/bazel-out/ios_arm64-opt-ios-arm64-min13.0-ST-57b073d392e5/bin/submodules/ffmpeg/build/FFmpeg-iOS/include/libavutil/des.h bazel-out/ios_arm64-opt-ios-arm64-min13.0-ST-57b073d392e5/bin/submodules/ffmpeg/Public/libavutil/des.h
2026-10-05T08:48:10.8908710Z + cp /private/var/tmp/_bazel_telegram_ios/29e64aec8f64c22cffe1a8ef8cee6a69/execroot/_main/bazel-out/ios_arm64-opt-ios-arm64-min13.0-ST-57b073d392e5/bin/submodules/ffmpeg/build/FFmpeg-iOS/include/libavutil/channel_layout.h bazel-out/ios_arm64-opt-ios-arm64-min13.0-ST-57b073d392e5/bin/submodules/ffmpeg/Public/libavutil/channel_layout.h
2026-10-05T08:48:10.8910650Z + cp /private/var/tmp/_bazel_telegram_ios/29e64aec8f64c22cffe1a8ef8cee6a69/execroot/_main/bazel-out/ios_arm64-opt-ios-arm64-min13.0-ST-57b073d392e5/bin/submodules/ffmpeg/build/FFmpeg-iOS/include/libavutil/encryption_info.h bazel-out/ios_arm64-opt-ios-arm64-min13.0-ST-57b073d392e5/bin/submodules/ffmpeg/Public/libavutil/encryption_info.h
2026-10-05T08:48:10.8912480Z + cp /private/var/tmp/_bazel_telegram_ios/29e64aec8f64c22cffe1a8ef8cee6a69/execroot/_main/bazel-out/ios_arm64-opt-ios-arm64-min13.0-ST-57b073d392e5/bin/submodules/ffmpeg/build/FFmpeg-iOS/include/libavutil/twofish.h bazel-out/ios_arm64-opt-ios-arm64-min13.0-ST-57b073d392e5/bin/submodules/ffmpeg/Public/libavutil/twofish.h
2026-10-05T08:48:10.8914810Z + cp /private/var/tmp/_bazel_telegram_ios/29e64aec8f64c22cffe1a8ef8cee6a69/execroot/_main/bazel-out/ios_arm64-opt-ios-arm64-min13.0-ST-57b073d392e5/bin/submodules/ffmpeg/build/FFmpeg-iOS/include/libavutil/imgutils.h bazel-out/ios_arm64-opt-ios-arm64-min13.0-ST-57b073d392e5/bin/submodules/ffmpeg/Public/libavutil/imgutils.h
2026-10-05T08:48:10.8916730Z + cp /private/var/tmp/_bazel_telegram_ios/29e64aec8f64c22cffe1a8ef8cee6a69/execroot/_main/bazel-out/ios_arm64-opt-ios-arm64-min13.0-ST-57b073d392e5/bin/submodules/ffmpeg/build/FFmpeg-iOS/include/libavutil/hwcontext_videotoolbox.h bazel-out/ios_arm64-opt-ios-arm64-min13.0-ST-57b073d392e5/bin/submodules/ffmpeg/Public/libavutil/hwcontext_videotoolbox.h
2026-10-05T08:48:10.8918860Z + cp /private/var/tmp/_bazel_telegram_ios/29e64aec8f64c22cffe1a8ef8cee6a69/execroot/_main/bazel-out/ios_arm64-opt-ios-arm64-min13.0-ST-57b073d392e5/bin/submodules/ffmpeg/build/FFmpeg-iOS/include/libavutil/video_enc_params.h bazel-out/ios_arm64-opt-ios-arm64-min13.0-ST-57b073d392e5/bin/submodules/ffmpeg/Public/libavutil/video_enc_params.h
2026-10-05T08:48:10.8920780Z + cp /private/var/tmp/_bazel_telegram_ios/29e64aec8f64c22cffe1a8ef8cee6a69/execroot/_main/bazel-out/ios_arm64-opt-ios-arm64-min13.0-ST-57b073d392e5/bin/submodules/ffmpeg/build/FFmpeg-iOS/include/libavutil/mem.h bazel-out/ios_arm64-opt-ios-arm64-min13.0-ST-57b073d392e5/bin/submodules/ffmpeg/Public/libavutil/mem.h
2026-10-05T08:48:10.8922840Z + cp /private/var/tmp/_bazel_telegram_ios/29e64aec8f64c22cffe1a8ef8cee6a69/execroot/_main/bazel-out/ios_arm64-opt-ios-arm64-min13.0-ST-57b073d392e5/bin/submodules/ffmpeg/build/FFmpeg-iOS/include/libavutil/parseutils.h bazel-out/ios_arm64-opt-ios-arm64-min13.0-ST-57b073d392e5/bin/submodules/ffmpeg/Public/libavutil/parseutils.h
2026-10-05T08:48:10.8924740Z + cp /private/var/tmp/_bazel_telegram_ios/29e64aec8f64c22cffe1a8ef8cee6a69/execroot/_main/bazel-out/ios_arm64-opt-ios-arm64-min13.0-ST-57b073d392e5/bin/submodules/ffmpeg/build/FFmpeg-iOS/include/libavutil/ripemd.h bazel-out/ios_arm64-opt-ios-arm64-min13.0-ST-57b073d392e5/bin/submodules/ffmpeg/Public/libavutil/ripemd.h
2026-10-05T08:48:10.8926910Z + cp /private/var/tmp/_bazel_telegram_ios/29e64aec8f64c22cffe1a8ef8cee6a69/execroot/_main/bazel-out/ios_arm64-opt-ios-arm64-min13.0-ST-57b073d392e5/bin/submodules/ffmpeg/build/FFmpeg-iOS/include/libavutil/bprint.h bazel-out/ios_arm64-opt-ios-arm64-min13.0-ST-57b073d392e5/bin/submodules/ffmpeg/Public/libavutil/bprint.h
2026-10-05T08:48:10.8931630Z + cp /private/var/tmp/_bazel_telegram_ios/29e64aec8f64c22cffe1a8ef8cee6a69/execroot/_main/bazel-out/ios_arm64-opt-ios-arm64-min13.0-ST-57b073d392e5/bin/submodules/ffmpeg/build/FFmpeg-iOS/include/libavutil/hdr_dynamic_metadata.h bazel-out/ios_arm64-opt-ios-arm64-min13.0-ST-57b073d392e5/bin/submodules/ffmpeg/Public/libavutil/hdr_dynamic_metadata.h
2026-10-05T08:48:10.8937260Z + cp /private/var/tmp/_bazel_telegram_ios/29e64aec8f64c22cffe1a8ef8cee6a69/execroot/_main/bazel-out/ios_arm64-opt-ios-arm64-min13.0-ST-57b073d392e5/bin/submodules/ffmpeg/build/FFmpeg-iOS/include/libavutil/pixfmt.h bazel-out/ios_arm64-opt-ios-arm64-min13.0-ST-57b073d392e5/bin/submodules/ffmpeg/Public/libavutil/pixfmt.h
2026-10-05T08:48:10.8942230Z + cp /private/var/tmp/_bazel_telegram_ios/29e64aec8f64c22cffe1a8ef8cee6a69/execroot/_main/bazel-out/ios_arm64-opt-ios-arm64-min13.0-ST-57b073d392e5/bin/submodules/ffmpeg/build/FFmpeg-iOS/include/libavutil/aes_ctr.h bazel-out/ios_arm64-opt-ios-arm64-min13.0-ST-57b073d392e5/bin/submodules/ffmpeg/Public/libavutil/aes_ctr.h
2026-10-05T08:48:10.8947550Z + cp /private/var/tmp/_bazel_telegram_ios/29e64aec8f64c22cffe1a8ef8cee6a69/execroot/_main/bazel-out/ios_arm64-opt-ios-arm64-min13.0-ST-57b073d392e5/bin/submodules/ffmpeg/build/FFmpeg-iOS/include/libavutil/timestamp.h bazel-out/ios_arm64-opt-ios-arm64-min13.0-ST-57b073d392e5/bin/submodules/ffmpeg/Public/libavutil/timestamp.h
2026-10-05T08:48:10.8952960Z + cp /private/var/tmp/_bazel_telegram_ios/29e64aec8f64c22cffe1a8ef8cee6a69/execroot/_main/bazel-out/ios_arm64-opt-ios-arm64-min13.0-ST-57b073d392e5/bin/submodules/ffmpeg/build/FFmpeg-iOS/include/libavutil/downmix_info.h bazel-out/ios_arm64-opt-ios-arm64-min13.0-ST-57b073d392e5/bin/submodules/ffmpeg/Public/libavutil/downmix_info.h
2026-10-05T08:48:10.8958370Z + cp /private/var/tmp/_bazel_telegram_ios/29e64aec8f64c22cffe1a8ef8cee6a69/execroot/_main/bazel-out/ios_arm64-opt-ios-arm64-min13.0-ST-57b073d392e5/bin/submodules/ffmpeg/build/FFmpeg-iOS/include/libavutil/avassert.h bazel-out/ios_arm64-opt-ios-arm64-min13.0-ST-57b073d392e5/bin/submodules/ffmpeg/Public/libavutil/avassert.h
2026-10-05T08:48:10.8963210Z + cp /private/var/tmp/_bazel_telegram_ios/29e64aec8f64c22cffe1a8ef8cee6a69/execroot/_main/bazel-out/ios_arm64-opt-ios-arm64-min13.0-ST-57b073d392e5/bin/submodules/ffmpeg/build/FFmpeg-iOS/include/libavutil/hash.h bazel-out/ios_arm64-opt-ios-arm64-min13.0-ST-57b073d392e5/bin/submodules/ffmpeg/Public/libavutil/hash.h
2026-10-05T08:48:10.8969130Z + cp /private/var/tmp/_bazel_telegram_ios/29e64aec8f64c22cffe1a8ef8cee6a69/execroot/_main/bazel-out/ios_arm64-opt-ios-arm64-min13.0-ST-57b073d392e5/bin/submodules/ffmpeg/build/FFmpeg-iOS/include/libavutil/mathematics.h bazel-out/ios_arm64-opt-ios-arm64-min13.0-ST-57b073d392e5/bin/submodules/ffmpeg/Public/libavutil/mathematics.h
2026-10-05T08:48:10.8974550Z + cp /private/var/tmp/_bazel_telegram_ios/29e64aec8f64c22cffe1a8ef8cee6a69/execroot/_main/bazel-out/ios_arm64-opt-ios-arm64-min13.0-ST-57b073d392e5/bin/submodules/ffmpeg/build/FFmpeg-iOS/include/libavutil/intreadwrite.h bazel-out/ios_arm64-opt-ios-arm64-min13.0-ST-57b073d392e5/bin/submodules/ffmpeg/Public/libavutil/intreadwrite.h
2026-10-05T08:48:10.8979710Z + cp /private/var/tmp/_bazel_telegram_ios/29e64aec8f64c22cffe1a8ef8cee6a69/execroot/_main/bazel-out/ios_arm64-opt-ios-arm64-min13.0-ST-57b073d392e5/bin/submodules/ffmpeg/build/FFmpeg-iOS/include/libavutil/film_grain_params.h bazel-out/ios_arm64-opt-ios-arm64-min13.0-ST-57b073d392e5/bin/submodules/ffmpeg/Public/libavutil/film_grain_params.h
2026-10-05T08:48:10.8984910Z + cp /private/var/tmp/_bazel_telegram_ios/29e64aec8f64c22cffe1a8ef8cee6a69/execroot/_main/bazel-out/ios_arm64-opt-ios-arm64-min13.0-ST-57b073d392e5/bin/submodules/ffmpeg/build/FFmpeg-iOS/include/libavutil/avstring.h bazel-out/ios_arm64-opt-ios-arm64-min13.0-ST-57b073d392e5/bin/submodules/ffmpeg/Public/libavutil/avstring.h
2026-10-05T08:48:10.8990660Z + cp /private/var/tmp/_bazel_telegram_ios/29e64aec8f64c22cffe1a8ef8cee6a69/execroot/_main/bazel-out/ios_arm64-opt-ios-arm64-min13.0-ST-57b073d392e5/bin/submodules/ffmpeg/build/FFmpeg-iOS/include/libavformat/version.h bazel-out/ios_arm64-opt-ios-arm64-min13.0-ST-57b073d392e5/bin/submodules/ffmpeg/Public/libavformat/version.h
2026-10-05T08:48:10.8995750Z + cp /private/var/tmp/_bazel_telegram_ios/29e64aec8f64c22cffe1a8ef8cee6a69/execroot/_main/bazel-out/ios_arm64-opt-ios-arm64-min13.0-ST-57b073d392e5/bin/submodules/ffmpeg/build/FFmpeg-iOS/include/libavformat/version_major.h bazel-out/ios_arm64-opt-ios-arm64-min13.0-ST-57b073d392e5/bin/submodules/ffmpeg/Public/libavformat/version_major.h
2026-10-05T08:48:10.9035010Z + cp /private/var/tmp/_bazel_telegram_ios/29e64aec8f64c22cffe1a8ef8cee6a69/execroot/_main/bazel-out/ios_arm64-opt-ios-arm64-min13.0-ST-57b073d392e5/bin/submodules/ffmpeg/build/FFmpeg-iOS/include/libavformat/avio.h bazel-out/ios_arm64-opt-ios-arm64-min13.0-ST-57b073d392e5/bin/submodules/ffmpeg/Public/libavformat/avio.h
2026-10-05T08:48:10.9040110Z + cp /private/var/tmp/_bazel_telegram_ios/29e64aec8f64c22cffe1a8ef8cee6a69/execroot/_main/bazel-out/ios_arm64-opt-ios-arm64-min13.0-ST-57b073d392e5/bin/submodules/ffmpeg/build/FFmpeg-iOS/include/libavformat/avformat.h bazel-out/ios_arm64-opt-ios-arm64-min13.0-ST-57b073d392e5/bin/submodules/ffmpeg/Public/libavformat/avformat.h
2026-10-05T08:48:10.9045140Z + cp /private/var/tmp/_bazel_telegram_ios/29e64aec8f64c22cffe1a8ef8cee6a69/execroot/_main/bazel-out/ios_arm64-opt-ios-arm64-min13.0-ST-57b073d392e5/bin/submodules/ffmpeg/build/FFmpeg-iOS/include/libavcodec/adts_parser.h bazel-out/ios_arm64-opt-ios-arm64-min13.0-ST-57b073d392e5/bin/submodules/ffmpeg/Public/libavcodec/adts_parser.h
2026-10-05T08:48:10.9050140Z + cp /private/var/tmp/_bazel_telegram_ios/29e64aec8f64c22cffe1a8ef8cee6a69/execroot/_main/bazel-out/ios_arm64-opt-ios-arm64-min13.0-ST-57b073d392e5/bin/submodules/ffmpeg/build/FFmpeg-iOS/include/libavcodec/avcodec.h bazel-out/ios_arm64-opt-ios-arm64-min13.0-ST-57b073d392e5/bin/submodules/ffmpeg/Public/libavcodec/avcodec.h
2026-10-05T08:48:10.9055030Z + cp /private/var/tmp/_bazel_telegram_ios/29e64aec8f64c22cffe1a8ef8cee6a69/execroot/_main/bazel-out/ios_arm64-opt-ios-arm64-min13.0-ST-57b073d392e5/bin/submodules/ffmpeg/build/FFmpeg-iOS/include/libavcodec/defs.h bazel-out/ios_arm64-opt-ios-arm64-min13.0-ST-57b073d392e5/bin/submodules/ffmpeg/Public/libavcodec/defs.h
2026-10-05T08:48:10.9060870Z + cp /private/var/tmp/_bazel_telegram_ios/29e64aec8f64c22cffe1a8ef8cee6a69/execroot/_main/bazel-out/ios_arm64-opt-ios-arm64-min13.0-ST-57b073d392e5/bin/submodules/ffmpeg/build/FFmpeg-iOS/include/libavcodec/version.h bazel-out/ios_arm64-opt-ios-arm64-min13.0-ST-57b073d392e5/bin/submodules/ffmpeg/Public/libavcodec/version.h
2026-10-05T08:48:10.9065880Z + cp /private/var/tmp/_bazel_telegram_ios/29e64aec8f64c22cffe1a8ef8cee6a69/execroot/_main/bazel-out/ios_arm64-opt-ios-arm64-min13.0-ST-57b073d392e5/bin/submodules/ffmpeg/build/FFmpeg-iOS/include/libavcodec/codec_par.h bazel-out/ios_arm64-opt-ios-arm64-min13.0-ST-57b073d392e5/bin/submodules/ffmpeg/Public/libavcodec/codec_par.h
2026-10-05T08:48:10.9073550Z + cp /private/var/tmp/_bazel_telegram_ios/29e64aec8f64c22cffe1a8ef8cee6a69/execroot/_main/bazel-out/ios_arm64-opt-ios-arm64-min13.0-ST-57b073d392e5/bin/submodules/ffmpeg/build/FFmpeg-iOS/include/libavcodec/codec_desc.h bazel-out/ios_arm64-opt-ios-arm64-min13.0-ST-57b073d392e5/bin/submodules/ffmpeg/Public/libavcodec/codec_desc.h
2026-10-05T08:48:10.9075760Z + cp /private/var/tmp/_bazel_telegram_ios/29e64aec8f64c22cffe1a8ef8cee6a69/execroot/_main/bazel-out/ios_arm64-opt-ios-arm64-min13.0-ST-57b073d392e5/bin/submodules/ffmpeg/build/FFmpeg-iOS/include/libavcodec/videotoolbox.h bazel-out/ios_arm64-opt-ios-arm64-min13.0-ST-57b073d392e5/bin/submodules/ffmpeg/Public/libavcodec/videotoolbox.h
2026-10-05T08:48:10.9077620Z + cp /private/var/tmp/_bazel_telegram_ios/29e64aec8f64c22cffe1a8ef8cee6a69/execroot/_main/bazel-out/ios_arm64-opt-ios-arm64-min13.0-ST-57b073d392e5/bin/submodules/ffmpeg/build/FFmpeg-iOS/include/libavcodec/avfft.h bazel-out/ios_arm64-opt-ios-arm64-min13.0-ST-57b073d392e5/bin/submodules/ffmpeg/Public/libavcodec/avfft.h
2026-10-05T08:48:10.9079660Z + cp /private/var/tmp/_bazel_telegram_ios/29e64aec8f64c22cffe1a8ef8cee6a69/execroot/_main/bazel-out/ios_arm64-opt-ios-arm64-min13.0-ST-57b073d392e5/bin/submodules/ffmpeg/build/FFmpeg-iOS/include/libavcodec/codec.h bazel-out/ios_arm64-opt-ios-arm64-min13.0-ST-57b073d392e5/bin/submodules/ffmpeg/Public/libavcodec/codec.h
2026-10-05T08:48:10.9081610Z + cp /private/var/tmp/_bazel_telegram_ios/29e64aec8f64c22cffe1a8ef8cee6a69/execroot/_main/bazel-out/ios_arm64-opt-ios-arm64-min13.0-ST-57b073d392e5/bin/submodules/ffmpeg/build/FFmpeg-iOS/include/libavcodec/packet.h bazel-out/ios_arm64-opt-ios-arm64-min13.0-ST-57b073d392e5/bin/submodules/ffmpeg/Public/libavcodec/packet.h
2026-10-05T08:48:10.9083410Z + cp /private/var/tmp/_bazel_telegram_ios/29e64aec8f64c22cffe1a8ef8cee6a69/execroot/_main/bazel-out/ios_arm64-opt-ios-arm64-min13.0-ST-57b073d392e5/bin/submodules/ffmpeg/build/FFmpeg-iOS/include/libavcodec/version_major.h bazel-out/ios_arm64-opt-ios-arm64-min13.0-ST-57b073d392e5/bin/submodules/ffmpeg/Public/libavcodec/version_major.h
2026-10-05T08:48:10.9085200Z + cp /private/var/tmp/_bazel_telegram_ios/29e64aec8f64c22cffe1a8ef8cee6a69/execroot/_main/bazel-out/ios_arm64-opt-ios-arm64-min13.0-ST-57b073d392e5/bin/submodules/ffmpeg/build/FFmpeg-iOS/include/libavcodec/bsf.h bazel-out/ios_arm64-opt-ios-arm64-min13.0-ST-57b073d392e5/bin/submodules/ffmpeg/Public/libavcodec/bsf.h
2026-10-05T08:48:10.9087100Z + cp /private/var/tmp/_bazel_telegram_ios/29e64aec8f64c22cffe1a8ef8cee6a69/execroot/_main/bazel-out/ios_arm64-opt-ios-arm64-min13.0-ST-57b073d392e5/bin/submodules/ffmpeg/build/FFmpeg-iOS/include/libavcodec/codec_id.h bazel-out/ios_arm64-opt-ios-arm64-min13.0-ST-57b073d392e5/bin/submodules/ffmpeg/Public/libavcodec/codec_id.h
2026-10-05T08:48:10.9088860Z + cp /private/var/tmp/_bazel_telegram_ios/29e64aec8f64c22cffe1a8ef8cee6a69/execroot/_main/bazel-out/ios_arm64-opt-ios-arm64-min13.0-ST-57b073d392e5/bin/submodules/ffmpeg/build/FFmpeg-iOS/include/libavcodec/dirac.h bazel-out/ios_arm64-opt-ios-arm64-min13.0-ST-57b073d392e5/bin/submodules/ffmpeg/Public/libavcodec/dirac.h
2026-10-05T08:48:10.9090660Z + cp /private/var/tmp/_bazel_telegram_ios/29e64aec8f64c22cffe1a8ef8cee6a69/execroot/_main/bazel-out/ios_arm64-opt-ios-arm64-min13.0-ST-57b073d392e5/bin/submodules/ffmpeg/build/FFmpeg-iOS/include/libavcodec/avdct.h bazel-out/ios_arm64-opt-ios-arm64-min13.0-ST-57b073d392e5/bin/submodules/ffmpeg/Public/libavcodec/avdct.h
2026-10-05T08:48:10.9092610Z + cp /private/var/tmp/_bazel_telegram_ios/29e64aec8f64c22cffe1a8ef8cee6a69/execroot/_main/bazel-out/ios_arm64-opt-ios-arm64-min13.0-ST-57b073d392e5/bin/submodules/ffmpeg/build/FFmpeg-iOS/include/libavcodec/ac3_parser.h bazel-out/ios_arm64-opt-ios-arm64-min13.0-ST-57b073d392e5/bin/submodules/ffmpeg/Public/libavcodec/ac3_parser.h
2026-10-05T08:48:10.9095640Z + cp /private/var/tmp/_bazel_telegram_ios/29e64aec8f64c22cffe1a8ef8cee6a69/execroot/_main/bazel-out/ios_arm64-opt-ios-arm64-min13.0-ST-57b073d392e5/bin/submodules/ffmpeg/build/FFmpeg-iOS/include/libavcodec/vorbis_parser.h bazel-out/ios_arm64-opt-ios-arm64-min13.0-ST-57b073d392e5/bin/submodules/ffmpeg/Public/libavcodec/vorbis_parser.h
2026-10-05T08:48:10.9097570Z + cp /private/var/tmp/_bazel_telegram_ios/29e64aec8f64c22cffe1a8ef8cee6a69/execroot/_main/bazel-out/ios_arm64-opt-ios-arm64-min13.0-ST-57b073d392e5/bin/submodules/ffmpeg/build/FFmpeg-iOS/include/libavcodec/dv_profile.h bazel-out/ios_arm64-opt-ios-arm64-min13.0-ST-57b073d392e5/bin/submodules/ffmpeg/Public/libavcodec/dv_profile.h
2026-10-05T08:48:10.9099450Z + cp /private/var/tmp/_bazel_telegram_ios/29e64aec8f64c22cffe1a8ef8cee6a69/execroot/_main/bazel-out/ios_arm64-opt-ios-arm64-min13.0-ST-57b073d392e5/bin/submodules/ffmpeg/build/FFmpeg-iOS/include/libswresample/version.h bazel-out/ios_arm64-opt-ios-arm64-min13.0-ST-57b073d392e5/bin/submodules/ffmpeg/Public/libswresample/version.h
2026-10-05T08:48:10.9101520Z + cp /private/var/tmp/_bazel_telegram_ios/29e64aec8f64c22cffe1a8ef8cee6a69/execroot/_main/bazel-out/ios_arm64-opt-ios-arm64-min13.0-ST-57b073d392e5/bin/submodules/ffmpeg/build/FFmpeg-iOS/include/libswresample/version_major.h bazel-out/ios_arm64-opt-ios-arm64-min13.0-ST-57b073d392e5/bin/submodules/ffmpeg/Public/libswresample/version_major.h
2026-10-05T08:48:10.9103410Z + cp /private/var/tmp/_bazel_telegram_ios/29e64aec8f64c22cffe1a8ef8cee6a69/execroot/_main/bazel-out/ios_arm64-opt-ios-arm64-min13.0-ST-57b073d392e5/bin/submodules/ffmpeg/build/FFmpeg-iOS/include/libswresample/swresample.h bazel-out/ios_arm64-opt-ios-arm64-min13.0-ST-57b073d392e5/bin/submodules/ffmpeg/Public/libswresample/swresample.h
2026-10-05T08:48:10.9105260Z + cp /private/var/tmp/_bazel_telegram_ios/29e64aec8f64c22cffe1a8ef8cee6a69/execroot/_main/bazel-out/ios_arm64-opt-ios-arm64-min13.0-ST-57b073d392e5/bin/submodules/ffmpeg/build/FFmpeg-iOS/lib/libavutil.a bazel-out/ios_arm64-opt-ios-arm64-min13.0-ST-57b073d392e5/bin/submodules/ffmpeg/libavutil.a
2026-10-05T08:48:10.9106890Z + cp /private/var/tmp/_bazel_telegram_ios/29e64aec8f64c22cffe1a8ef8cee6a69/execroot/_main/bazel-out/ios_arm64-opt-ios-arm64-min13.0-ST-57b073d392e5/bin/submodules/ffmpeg/build/FFmpeg-iOS/lib/libavcodec.a bazel-out/ios_arm64-opt-ios-arm64-min13.0-ST-57b073d392e5/bin/submodules/ffmpeg/libavcodec.a
2026-10-05T08:48:10.9108520Z + cp /private/var/tmp/_bazel_telegram_ios/29e64aec8f64c22cffe1a8ef8cee6a69/execroot/_main/bazel-out/ios_arm64-opt-ios-arm64-min13.0-ST-57b073d392e5/bin/submodules/ffmpeg/build/FFmpeg-iOS/lib/libavformat.a bazel-out/ios_arm64-opt-ios-arm64-min13.0-ST-57b073d392e5/bin/submodules/ffmpeg/libavformat.a
2026-10-05T08:48:10.9110270Z + cp /private/var/tmp/_bazel_telegram_ios/29e64aec8f64c22cffe1a8ef8cee6a69/execroot/_main/bazel-out/ios_arm64-opt-ios-arm64-min13.0-ST-57b073d392e5/bin/submodules/ffmpeg/build/FFmpeg-iOS/lib/libswresample.a bazel-out/ios_arm64-opt-ios-arm64-min13.0-ST-57b073d392e5/bin/submodules/ffmpeg/libswresample.a
2026-10-05T08:48:10.9111590Z ABS_RULEDIR=/private/var/tmp/_bazel_telegram_ios/29e64aec8f64c22cffe1a8ef8cee6a69/execroot/_main/bazel-out/ios_arm64-opt-ios-arm64-min13.0-ST-57b073d392e5/bin/submodules/ffmpeg
2026-10-05T08:48:10.9112670Z PATH=/private/var/tmp/_bazel_telegram_ios/29e64aec8f64c22cffe1a8ef8cee6a69/execroot/_main/bazel-out/ios_arm64-opt-ios-arm64-min13.0-ST-57b073d392e5/bin/submodules/ffmpeg/FFMpegSource:/usr/bin:/bin:/usr/sbin:/sbin
2026-10-05T08:48:10.9123520Z pkg-config=/private/var/tmp/_bazel_telegram_ios/29e64aec8f64c22cffe1a8ef8cee6a69/execroot/_main/bazel-out/ios_arm64-opt-ios-arm64-min13.0-ST-57b073d392e5/bin/submodules/ffmpeg/FFMpegSource/pkg-config
2026-10-05T08:48:10.9125010Z building arm64...
2026-10-05T08:48:10.9139470Z /private/var/tmp/_bazel_telegram_ios/29e64aec8f64c22cffe1a8ef8cee6a69/execroot/_main/bazel-out/ios_arm64-opt-ios-arm64-min13.0-ST-57b073d392e5/bin/submodules/ffmpeg/build/scratch/arm64 /private/var/tmp/_bazel_telegram_ios/29e64aec8f64c22cffe1a8ef8cee6a69/execroot/_main
2026-10-05T08:48:10.9140880Z install prefix            /private/var/tmp/_bazel_telegram_ios/29e64aec8f64c22cffe1a8ef8cee6a69/execroot/_main/bazel-out/ios_arm64-opt-ios-arm64-min13.0-ST-57b073d392e5/bin/submodules/ffmpeg/build/thin/arm64
2026-10-05T08:48:10.9142020Z source path               /private/var/tmp/_bazel_telegram_ios/29e64aec8f64c22cffe1a8ef8cee6a69/execroot/_main/bazel-out/ios_arm64-opt-ios-arm64-min13.0-ST-57b073d392e5/bin/submodules/ffmpeg/FFMpegSource/ffmpeg-7.1.1
2026-10-05T08:48:10.9142760Z C compiler                xcrun -sdk iphoneos clang
2026-10-05T08:48:10.9142990Z C library                 
2026-10-05T08:48:10.9143170Z host C compiler           gcc
2026-10-05T08:48:10.9143350Z host C library            
2026-10-05T08:48:10.9143530Z ARCH                      aarch64 (generic)
2026-10-05T08:48:10.9143750Z big-endian                no
2026-10-05T08:48:10.9143930Z runtime cpu detection     yes
2026-10-05T08:48:10.9144110Z NEON enabled              yes
2026-10-05T08:48:10.9144310Z DOTPROD enabled           no
2026-10-05T08:48:10.9144530Z I8MM enabled              no
2026-10-05T08:48:10.9144730Z debug symbols             no
2026-10-05T08:48:10.9144900Z strip symbols             yes
2026-10-05T08:48:10.9145620Z optimize for size         no
2026-10-05T08:48:10.9145820Z optimizations             yes
2026-10-05T08:48:10.9145990Z static                    yes
2026-10-05T08:48:10.9146170Z shared                    no
2026-10-05T08:48:10.9146350Z postprocessing support    no
2026-10-05T08:48:10.9146540Z network support           yes
2026-10-05T08:48:10.9146720Z threading support         pthreads
2026-10-05T08:48:10.9146920Z safe bitstream reader     yes
2026-10-05T08:48:10.9147110Z texi2html enabled         no
2026-10-05T08:48:10.9147280Z perl enabled              yes
2026-10-05T08:48:10.9147460Z pod2man enabled           yes
2026-10-05T08:48:10.9147630Z makeinfo enabled          no
2026-10-05T08:48:10.9147810Z makeinfo supports HTML    no
2026-10-05T08:48:10.9147980Z xmllint enabled           yes
2026-10-05T08:48:10.9148100Z 
2026-10-05T08:48:10.9148160Z External libraries:
2026-10-05T08:48:10.9148370Z avfoundation            libdav1d                securetransport
2026-10-05T08:48:10.9148660Z bzlib                   libopus                 zlib
2026-10-05T08:48:10.9148890Z coreimage               libvpx
2026-10-05T08:48:10.9149070Z iconv                   metal
2026-10-05T08:48:10.9149210Z 
2026-10-05T08:48:10.9149330Z External libraries providing hardware acceleration:
2026-10-05T08:48:10.9151500Z audiotoolbox            videotoolbox
2026-10-05T08:48:10.9151710Z 
2026-10-05T08:48:10.9151780Z Libraries:
2026-10-05T08:48:10.9153980Z avcodec                 avutil
2026-10-05T08:48:10.9154210Z avformat                swresample
2026-10-05T08:48:10.9158770Z 
2026-10-05T08:48:10.9159040Z Programs:
2026-10-05T08:48:10.9159300Z 
2026-10-05T08:48:10.9159470Z Enabled decoders:
2026-10-05T08:48:10.9159960Z aac_at                  h264                    mp3
2026-10-05T08:48:10.9160630Z alac_at                 hevc                    pcm_f32le
2026-10-05T08:48:10.9161310Z av1                     libdav1d                pcm_s16le
2026-10-05T08:48:10.9161980Z flac                    libopus                 pcm_s24le
2026-10-05T08:48:10.9162620Z gsm_ms_at               libvpx_vp9
2026-10-05T08:48:10.9162980Z 
2026-10-05T08:48:10.9163190Z Enabled encoders:
2026-10-05T08:48:10.9163720Z aac_at                  libvpx_vp9
2026-10-05T08:48:10.9164050Z 
2026-10-05T08:48:10.9164220Z Enabled hwaccels:
2026-10-05T08:48:10.9165240Z h264_videotoolbox       hevc_videotoolbox
2026-10-05T08:48:10.9165650Z 
2026-10-05T08:48:10.9165820Z Enabled parsers:
2026-10-05T08:48:10.9166300Z aac                     flac                    mpegaudio
2026-10-05T08:48:10.9166890Z ac3                     h264
2026-10-05T08:48:10.9167190Z 
2026-10-05T08:48:10.9167370Z Enabled demuxers:
2026-10-05T08:48:10.9167830Z aac                     matroska                ogg
2026-10-05T08:48:10.9168460Z aiff                    mov                     wav
2026-10-05T08:48:10.9169040Z flac                    mp3
2026-10-05T08:48:10.9169490Z m4v                     mpegts
2026-10-05T08:48:10.9169800Z 
2026-10-05T08:48:10.9170000Z Enabled muxers:
2026-10-05T08:48:10.9170490Z adts                    mov                     ogg
2026-10-05T08:48:10.9171070Z latm                    mp4
2026-10-05T08:48:10.9171530Z matroska                mpegts
2026-10-05T08:48:10.9171850Z 
2026-10-05T08:48:10.9172200Z Enabled protocols:
2026-10-05T08:48:10.9172620Z file
2026-10-05T08:48:10.9172840Z 
2026-10-05T08:48:10.9173050Z Enabled filters:
2026-10-05T08:48:10.9173300Z 
2026-10-05T08:48:10.9173460Z Enabled bsfs:
2026-10-05T08:48:10.9174000Z aac_adtstoasc           hevc_mp4toannexb        vp9_superframe
2026-10-05T08:48:10.9174840Z h264_mp4toannexb        pgs_frame_merge         vvc_mp4toannexb
2026-10-05T08:48:10.9175370Z 
2026-10-05T08:48:10.9175530Z Enabled indevs:
2026-10-05T08:48:10.9175770Z 
2026-10-05T08:48:10.9175970Z Enabled outdevs:
2026-10-05T08:48:10.9176230Z 
2026-10-05T08:48:10.9176420Z License: LGPL version 2.1 or later
2026-10-05T08:48:10.9177040Z GEN	libavutil/libavutil.version
2026-10-05T08:48:10.9177580Z GEN	libavcodec/libavcodec.version
2026-10-05T08:48:10.9178700Z GEN	libavformat/libavformat.version
2026-10-05T08:48:10.9179320Z GEN	libswresample/libswresample.version
2026-10-05T08:48:10.9179890Z CC	libavformat/aacdec.o
2026-10-05T08:48:10.9180390Z CC	libavformat/adtsenc.o
2026-10-05T08:48:10.9182460Z INSTALL	private/var/tmp/_bazel_telegram_ios/29e64aec8f64c22cffe1a8ef8cee6a69/execroot/_main/bazel-out/ios_arm64-opt-ios-arm64-min13.0-ST-57b073d392e5/bin/submodules/ffmpeg/FFMpegSource/ffmpeg-7.1.1/doc/examples/avio_http_serve_files.c
2026-10-05T08:48:10.9190780Z INSTALL	private/var/tmp/_bazel_telegram_ios/29e64aec8f64c22cffe1a8ef8cee6a69/execroot/_main/bazel-out/ios_arm64-opt-ios-arm64-min13.0-ST-57b073d392e5/bin/submodules/ffmpeg/FFMpegSource/ffmpeg-7.1.1/doc/examples/avio_list_dir.c
2026-10-05T08:48:10.9192150Z INSTALL	private/var/tmp/_bazel_telegram_ios/29e64aec8f64c22cffe1a8ef8cee6a69/execroot/_main/bazel-out/ios_arm64-opt-ios-arm64-min13.0-ST-57b073d392e5/bin/submodules/ffmpeg/FFMpegSource/ffmpeg-7.1.1/doc/examples/avio_read_callback.c
2026-10-05T08:48:10.9193700Z INSTALL	private/var/tmp/_bazel_telegram_ios/29e64aec8f64c22cffe1a8ef8cee6a69/execroot/_main/bazel-out/ios_arm64-opt-ios-arm64-min13.0-ST-57b073d392e5/bin/submodules/ffmpeg/FFMpegSource/ffmpeg-7.1.1/doc/examples/decode_audio.c
2026-10-05T08:48:10.9195050Z INSTALL	private/var/tmp/_bazel_telegram_ios/29e64aec8f64c22cffe1a8ef8cee6a69/execroot/_main/bazel-out/ios_arm64-opt-ios-arm64-min13.0-ST-57b073d392e5/bin/submodules/ffmpeg/FFMpegSource/ffmpeg-7.1.1/doc/examples/decode_filter_audio.c
2026-10-05T08:48:10.9196350Z INSTALL	private/var/tmp/_bazel_telegram_ios/29e64aec8f64c22cffe1a8ef8cee6a69/execroot/_main/bazel-out/ios_arm64-opt-ios-arm64-min13.0-ST-57b073d392e5/bin/submodules/ffmpeg/FFMpegSource/ffmpeg-7.1.1/doc/examples/decode_filter_video.c
2026-10-05T08:48:10.9197660Z INSTALL	private/var/tmp/_bazel_telegram_ios/29e64aec8f64c22cffe1a8ef8cee6a69/execroot/_main/bazel-out/ios_arm64-opt-ios-arm64-min13.0-ST-57b073d392e5/bin/submodules/ffmpeg/FFMpegSource/ffmpeg-7.1.1/doc/examples/decode_video.c
2026-10-05T08:48:10.9198910Z INSTALL	private/var/tmp/_bazel_telegram_ios/29e64aec8f64c22cffe1a8ef8cee6a69/execroot/_main/bazel-out/ios_arm64-opt-ios-arm64-min13.0-ST-57b073d392e5/bin/submodules/ffmpeg/FFMpegSource/ffmpeg-7.1.1/doc/examples/demux_decode.c
2026-10-05T08:48:10.9200140Z INSTALL	private/var/tmp/_bazel_telegram_ios/29e64aec8f64c22cffe1a8ef8cee6a69/execroot/_main/bazel-out/ios_arm64-opt-ios-arm64-min13.0-ST-57b073d392e5/bin/submodules/ffmpeg/FFMpegSource/ffmpeg-7.1.1/doc/examples/encode_audio.c
2026-10-05T08:48:10.9201760Z INSTALL	private/var/tmp/_bazel_telegram_ios/29e64aec8f64c22cffe1a8ef8cee6a69/execroot/_main/bazel-out/ios_arm64-opt-ios-arm64-min13.0-ST-57b073d392e5/bin/submodules/ffmpeg/FFMpegSource/ffmpeg-7.1.1/doc/examples/encode_video.c
2026-10-05T08:48:10.9203020Z INSTALL	private/var/tmp/_bazel_telegram_ios/29e64aec8f64c22cffe1a8ef8cee6a69/execroot/_main/bazel-out/ios_arm64-opt-ios-arm64-min13.0-ST-57b073d392e5/bin/submodules/ffmpeg/FFMpegSource/ffmpeg-7.1.1/doc/examples/extract_mvs.c
2026-10-05T08:48:10.9204250Z INSTALL	private/var/tmp/_bazel_telegram_ios/29e64aec8f64c22cffe1a8ef8cee6a69/execroot/_main/bazel-out/ios_arm64-opt-ios-arm64-min13.0-ST-57b073d392e5/bin/submodules/ffmpeg/FFMpegSource/ffmpeg-7.1.1/doc/examples/filter_audio.c
2026-10-05T08:48:10.9205500Z INSTALL	private/var/tmp/_bazel_telegram_ios/29e64aec8f64c22cffe1a8ef8cee6a69/execroot/_main/bazel-out/ios_arm64-opt-ios-arm64-min13.0-ST-57b073d392e5/bin/submodules/ffmpeg/FFMpegSource/ffmpeg-7.1.1/doc/examples/hw_decode.c
2026-10-05T08:48:10.9206720Z INSTALL	private/var/tmp/_bazel_telegram_ios/29e64aec8f64c22cffe1a8ef8cee6a69/execroot/_main/bazel-out/ios_arm64-opt-ios-arm64-min13.0-ST-57b073d392e5/bin/submodules/ffmpeg/FFMpegSource/ffmpeg-7.1.1/doc/examples/mux.c
2026-10-05T08:48:10.9207940Z INSTALL	private/var/tmp/_bazel_telegram_ios/29e64aec8f64c22cffe1a8ef8cee6a69/execroot/_main/bazel-out/ios_arm64-opt-ios-arm64-min13.0-ST-57b073d392e5/bin/submodules/ffmpeg/FFMpegSource/ffmpeg-7.1.1/doc/examples/qsv_decode.c
2026-10-05T08:48:10.9209330Z INSTALL	private/var/tmp/_bazel_telegram_ios/29e64aec8f64c22cffe1a8ef8cee6a69/execroot/_main/bazel-out/ios_arm64-opt-ios-arm64-min13.0-ST-57b073d392e5/bin/submodules/ffmpeg/FFMpegSource/ffmpeg-7.1.1/doc/examples/qsv_transcode.c
2026-10-05T08:48:10.9211070Z INSTALL	private/var/tmp/_bazel_telegram_ios/29e64aec8f64c22cffe1a8ef8cee6a69/execroot/_main/bazel-out/ios_arm64-opt-ios-arm64-min13.0-ST-57b073d392e5/bin/submodules/ffmpeg/FFMpegSource/ffmpeg-7.1.1/doc/examples/remux.c
2026-10-05T08:48:10.9213210Z INSTALL	private/var/tmp/_bazel_telegram_ios/29e64aec8f64c22cffe1a8ef8cee6a69/execroot/_main/bazel-out/ios_arm64-opt-ios-arm64-min13.0-ST-57b073d392e5/bin/submodules/ffmpeg/FFMpegSource/ffmpeg-7.1.1/doc/examples/resample_audio.c
2026-10-05T08:48:10.9215230Z INSTALL	private/var/tmp/_bazel_telegram_ios/29e64aec8f64c22cffe1a8ef8cee6a69/execroot/_main/bazel-out/ios_arm64-opt-ios-arm64-min13.0-ST-57b073d392e5/bin/submodules/ffmpeg/FFMpegSource/ffmpeg-7.1.1/doc/examples/scale_video.c
2026-10-05T08:48:10.9216500Z INSTALL	private/var/tmp/_bazel_telegram_ios/29e64aec8f64c22cffe1a8ef8cee6a69/execroot/_main/bazel-out/ios_arm64-opt-ios-arm64-min13.0-ST-57b073d392e5/bin/submodules/ffmpeg/FFMpegSource/ffmpeg-7.1.1/doc/examples/show_metadata.c
2026-10-05T08:48:10.9218260Z INSTALL	private/var/tmp/_bazel_telegram_ios/29e64aec8f64c22cffe1a8ef8cee6a69/execroot/_main/bazel-out/ios_arm64-opt-ios-arm64-min13.0-ST-57b073d392e5/bin/submodules/ffmpeg/FFMpegSource/ffmpeg-7.1.1/doc/examples/transcode.c
2026-10-05T08:48:10.9219530Z INSTALL	private/var/tmp/_bazel_telegram_ios/29e64aec8f64c22cffe1a8ef8cee6a69/execroot/_main/bazel-out/ios_arm64-opt-ios-arm64-min13.0-ST-57b073d392e5/bin/submodules/ffmpeg/FFMpegSource/ffmpeg-7.1.1/doc/examples/transcode_aac.c
2026-10-05T08:48:10.9220900Z INSTALL	private/var/tmp/_bazel_telegram_ios/29e64aec8f64c22cffe1a8ef8cee6a69/execroot/_main/bazel-out/ios_arm64-opt-ios-arm64-min13.0-ST-57b073d392e5/bin/submodules/ffmpeg/FFMpegSource/ffmpeg-7.1.1/doc/examples/vaapi_encode.c
2026-10-05T08:48:10.9222490Z INSTALL	private/var/tmp/_bazel_telegram_ios/29e64aec8f64c22cffe1a8ef8cee6a69/execroot/_main/bazel-out/ios_arm64-opt-ios-arm64-min13.0-ST-57b073d392e5/bin/submodules/ffmpeg/FFMpegSource/ffmpeg-7.1.1/doc/examples/vaapi_transcode.c
2026-10-05T08:48:10.9223960Z INSTALL	private/var/tmp/_bazel_telegram_ios/29e64aec8f64c22cffe1a8ef8cee6a69/execroot/_main/bazel-out/ios_arm64-opt-ios-arm64-min13.0-ST-57b073d392e5/bin/submodules/ffmpeg/FFMpegSource/ffmpeg-7.1.1/doc/examples/README
2026-10-05T08:48:10.9225530Z INSTALL	private/var/tmp/_bazel_telegram_ios/29e64aec8f64c22cffe1a8ef8cee6a69/execroot/_main/bazel-out/ios_arm64-opt-ios-arm64-min13.0-ST-57b073d392e5/bin/submodules/ffmpeg/FFMpegSource/ffmpeg-7.1.1/doc/examples/Makefile
2026-10-05T08:48:10.9226770Z INSTALL	private/var/tmp/_bazel_telegram_ios/29e64aec8f64c22cffe1a8ef8cee6a69/execroot/_main/bazel-out/ios_arm64-opt-ios-arm64-min13.0-ST-57b073d392e5/bin/submodules/ffmpeg/FFMpegSource/ffmpeg-7.1.1/doc/examples/avio_http_serve_files.c
2026-10-05T08:48:10.9228070Z INSTALL	private/var/tmp/_bazel_telegram_ios/29e64aec8f64c22cffe1a8ef8cee6a69/execroot/_main/bazel-out/ios_arm64-opt-ios-arm64-min13.0-ST-57b073d392e5/bin/submodules/ffmpeg/FFMpegSource/ffmpeg-7.1.1/doc/examples/avio_list_dir.c
2026-10-05T08:48:10.9259870Z INSTALL	private/var/tmp/_bazel_telegram_ios/29e64aec8f64c22cffe1a8ef8cee6a69/execroot/_main/bazel-out/ios_arm64-opt-ios-arm64-min13.0-ST-57b073d392e5/bin/submodules/ffmpeg/FFMpegSource/ffmpeg-7.1.1/doc/examples/avio_read_callback.c
2026-10-05T08:48:10.9261440Z INSTALL	private/var/tmp/_bazel_telegram_ios/29e64aec8f64c22cffe1a8ef8cee6a69/execroot/_main/bazel-out/ios_arm64-opt-ios-arm64-min13.0-ST-57b073d392e5/bin/submodules/ffmpeg/FFMpegSource/ffmpeg-7.1.1/doc/examples/decode_audio.c
2026-10-05T08:48:10.9263610Z INSTALL	private/var/tmp/_bazel_telegram_ios/29e64aec8f64c22cffe1a8ef8cee6a69/execroot/_main/bazel-out/ios_arm64-opt-ios-arm64-min13.0-ST-57b073d392e5/bin/submodules/ffmpeg/FFMpegSource/ffmpeg-7.1.1/doc/examples/decode_filter_audio.c
2026-10-05T08:48:10.9267760Z INSTALL	private/var/tmp/_bazel_telegram_ios/29e64aec8f64c22cffe1a8ef8cee6a69/execroot/_main/bazel-out/ios_arm64-opt-ios-arm64-min13.0-ST-57b073d392e5/bin/submodules/ffmpeg/FFMpegSource/ffmpeg-7.1.1/doc/examples/decode_filter_video.c
2026-10-05T08:48:10.9269100Z INSTALL	private/var/tmp/_bazel_telegram_ios/29e64aec8f64c22cffe1a8ef8cee6a69/execroot/_main/bazel-out/ios_arm64-opt-ios-arm64-min13.0-ST-57b073d392e5/bin/submodules/ffmpeg/FFMpegSource/ffmpeg-7.1.1/doc/examples/decode_video.c
2026-10-05T08:48:10.9270380Z INSTALL	private/var/tmp/_bazel_telegram_ios/29e64aec8f64c22cffe1a8ef8cee6a69/execroot/_main/bazel-out/ios_arm64-opt-ios-arm64-min13.0-ST-57b073d392e5/bin/submodules/ffmpeg/FFMpegSource/ffmpeg-7.1.1/doc/examples/demux_decode.c
2026-10-05T08:48:10.9271720Z INSTALL	private/var/tmp/_bazel_telegram_ios/29e64aec8f64c22cffe1a8ef8cee6a69/execroot/_main/bazel-out/ios_arm64-opt-ios-arm64-min13.0-ST-57b073d392e5/bin/submodules/ffmpeg/FFMpegSource/ffmpeg-7.1.1/doc/examples/encode_audio.c
2026-10-05T08:48:10.9272960Z INSTALL	private/var/tmp/_bazel_telegram_ios/29e64aec8f64c22cffe1a8ef8cee6a69/execroot/_main/bazel-out/ios_arm64-opt-ios-arm64-min13.0-ST-57b073d392e5/bin/submodules/ffmpeg/FFMpegSource/ffmpeg-7.1.1/doc/examples/encode_video.c
2026-10-05T08:48:10.9274190Z INSTALL	private/var/tmp/_bazel_telegram_ios/29e64aec8f64c22cffe1a8ef8cee6a69/execroot/_main/bazel-out/ios_arm64-opt-ios-arm64-min13.0-ST-57b073d392e5/bin/submodules/ffmpeg/FFMpegSource/ffmpeg-7.1.1/doc/examples/extract_mvs.c
2026-10-05T08:48:10.9275430Z INSTALL	private/var/tmp/_bazel_telegram_ios/29e64aec8f64c22cffe1a8ef8cee6a69/execroot/_main/bazel-out/ios_arm64-opt-ios-arm64-min13.0-ST-57b073d392e5/bin/submodules/ffmpeg/FFMpegSource/ffmpeg-7.1.1/doc/examples/filter_audio.c
2026-10-05T08:48:10.9276660Z INSTALL	private/var/tmp/_bazel_telegram_ios/29e64aec8f64c22cffe1a8ef8cee6a69/execroot/_main/bazel-out/ios_arm64-opt-ios-arm64-min13.0-ST-57b073d392e5/bin/submodules/ffmpeg/FFMpegSource/ffmpeg-7.1.1/doc/examples/hw_decode.c
2026-10-05T08:48:10.9277870Z INSTALL	private/var/tmp/_bazel_telegram_ios/29e64aec8f64c22cffe1a8ef8cee6a69/execroot/_main/bazel-out/ios_arm64-opt-ios-arm64-min13.0-ST-57b073d392e5/bin/submodules/ffmpeg/FFMpegSource/ffmpeg-7.1.1/doc/examples/mux.c
2026-10-05T08:48:10.9279160Z INSTALL	private/var/tmp/_bazel_telegram_ios/29e64aec8f64c22cffe1a8ef8cee6a69/execroot/_main/bazel-out/ios_arm64-opt-ios-arm64-min13.0-ST-57b073d392e5/bin/submodules/ffmpeg/FFMpegSource/ffmpeg-7.1.1/doc/examples/qsv_decode.c
2026-10-05T08:48:10.9280630Z INSTALL	private/var/tmp/_bazel_telegram_ios/29e64aec8f64c22cffe1a8ef8cee6a69/execroot/_main/bazel-out/ios_arm64-opt-ios-arm64-min13.0-ST-57b073d392e5/bin/submodules/ffmpeg/FFMpegSource/ffmpeg-7.1.1/doc/examples/qsv_transcode.c
2026-10-05T08:48:10.9281860Z INSTALL	private/var/tmp/_bazel_telegram_ios/29e64aec8f64c22cffe1a8ef8cee6a69/execroot/_main/bazel-out/ios_arm64-opt-ios-arm64-min13.0-ST-57b073d392e5/bin/submodules/ffmpeg/FFMpegSource/ffmpeg-7.1.1/doc/examples/remux.c
2026-10-05T08:48:10.9283090Z INSTALL	private/var/tmp/_bazel_telegram_ios/29e64aec8f64c22cffe1a8ef8cee6a69/execroot/_main/bazel-out/ios_arm64-opt-ios-arm64-min13.0-ST-57b073d392e5/bin/submodules/ffmpeg/FFMpegSource/ffmpeg-7.1.1/doc/examples/resample_audio.c
2026-10-05T08:48:10.9284340Z INSTALL	private/var/tmp/_bazel_telegram_ios/29e64aec8f64c22cffe1a8ef8cee6a69/execroot/_main/bazel-out/ios_arm64-opt-ios-arm64-min13.0-ST-57b073d392e5/bin/submodules/ffmpeg/FFMpegSource/ffmpeg-7.1.1/doc/examples/scale_video.c
2026-10-05T08:48:10.9285570Z INSTALL	private/var/tmp/_bazel_telegram_ios/29e64aec8f64c22cffe1a8ef8cee6a69/execroot/_main/bazel-out/ios_arm64-opt-ios-arm64-min13.0-ST-57b073d392e5/bin/submodules/ffmpeg/FFMpegSource/ffmpeg-7.1.1/doc/examples/show_metadata.c
2026-10-05T08:48:10.9286810Z INSTALL	private/var/tmp/_bazel_telegram_ios/29e64aec8f64c22cffe1a8ef8cee6a69/execroot/_main/bazel-out/ios_arm64-opt-ios-arm64-min13.0-ST-57b073d392e5/bin/submodules/ffmpeg/FFMpegSource/ffmpeg-7.1.1/doc/examples/transcode.c
2026-10-05T08:48:10.9288190Z INSTALL	private/var/tmp/_bazel_telegram_ios/29e64aec8f64c22cffe1a8ef8cee6a69/execroot/_main/bazel-out/ios_arm64-opt-ios-arm64-min13.0-ST-57b073d392e5/bin/submodules/ffmpeg/FFMpegSource/ffmpeg-7.1.1/doc/examples/transcode_aac.c
2026-10-05T08:48:10.9289470Z INSTALL	private/var/tmp/_bazel_telegram_ios/29e64aec8f64c22cffe1a8ef8cee6a69/execroot/_main/bazel-out/ios_arm64-opt-ios-arm64-min13.0-ST-57b073d392e5/bin/submodules/ffmpeg/FFMpegSource/ffmpeg-7.1.1/doc/examples/vaapi_encode.c
2026-10-05T08:48:10.9290890Z INSTALL	private/var/tmp/_bazel_telegram_ios/29e64aec8f64c22cffe1a8ef8cee6a69/execroot/_main/bazel-out/ios_arm64-opt-ios-arm64-min13.0-ST-57b073d392e5/bin/submodules/ffmpeg/FFMpegSource/ffmpeg-7.1.1/doc/examples/vaapi_transcode.c
2026-10-05T08:48:10.9291470Z INSTALL	private/var/tmp/_bazel_telegram_ios/29e64aec8f64c22cffe1a8ef8cee6a69/execroot/_main/bazel-out/ios_arm64-opt-ios-arm64-min13.0-ST-57b073d392e5/bin/submodules/ffmpeg/FFMpegSource/ffmpeg-7.1.1/doc/examples/README
2026-10-05T08:48:10.9292040Z INSTALL	private/var/tmp/_bazel_telegram_ios/29e64aec8f64c22cffe1a8ef8cee6a69/execroot/_main/bazel-out/ios_arm64-opt-ios-arm64-min13.0-ST-57b073d392e5/bin/submodules/ffmpeg/FFMpegSource/ffmpeg-7.1.1/doc/examples/Makefile
2026-10-05T08:48:10.9292110Z CC	libavformat/aiff.o
2026-10-05T08:48:10.9292170Z CC	libavformat/aiffdec.o
2026-10-05T08:48:10.9292240Z CC	libavformat/allformats.o
2026-10-05T08:48:10.9292300Z CC	libavformat/apetag.o
2026-10-05T08:48:10.9292360Z CC	libavformat/av1.o
2026-10-05T08:48:10.9292410Z CC	libavformat/avc.o
2026-10-05T08:48:10.9292470Z CC	libavformat/avformat.o
2026-10-05T08:48:10.9292530Z CC	libavformat/avio.o
2026-10-05T08:48:10.9292590Z CC	libavformat/aviobuf.o
2026-10-05T08:48:10.9292810Z CC	libavformat/avlanguage.o
2026-10-05T08:48:10.9292890Z CC	libavformat/demux.o
2026-10-05T08:48:10.9293030Z CC	libavformat/demux_utils.o
2026-10-05T08:48:10.9293120Z CC	libavformat/dovi_isom.o
2026-10-05T08:48:10.9293180Z CC	libavformat/dump.o
2026-10-05T08:48:10.9293230Z CC	libavformat/dv.o
2026-10-05T08:48:10.9293280Z CC	libavformat/evc.o
2026-10-05T08:48:10.9293340Z CC	libavformat/file.o
2026-10-05T08:48:10.9293410Z CC	libavformat/flac_picture.o
2026-10-05T08:48:10.9293550Z CC	libavformat/flacdec.o
2026-10-05T08:48:10.9293690Z CC	libavformat/flacenc_header.o
2026-10-05T08:48:10.9293770Z CC	libavformat/format.o
2026-10-05T08:48:10.9294020Z CC	libavformat/hevc.o
2026-10-05T08:48:10.9294080Z CC	libavformat/iamf.o
2026-10-05T08:48:10.9294140Z CC	libavformat/iamf_parse.o
2026-10-05T08:48:10.9294230Z CC	libavformat/iamf_reader.o
2026-10-05T08:48:10.9294300Z CC	libavformat/iamf_writer.o
2026-10-05T08:48:10.9294360Z CC	libavformat/id3v1.o
2026-10-05T08:48:10.9294410Z CC	libavformat/id3v2.o
2026-10-05T08:48:10.9294470Z CC	libavformat/id3v2enc.o
2026-10-05T08:48:10.9294530Z CC	libavformat/img2.o
2026-10-05T08:48:10.9294600Z CC	libavformat/isom.o
2026-10-05T08:48:10.9294670Z CC	libavformat/isom_tags.o
2026-10-05T08:48:10.9294730Z CC	libavformat/latmenc.o
2026-10-05T08:48:10.9294790Z CC	libavformat/m4vdec.o
2026-10-05T08:48:10.9294850Z CC	libavformat/matroska.o
2026-10-05T08:48:10.9294920Z CC	libavformat/matroskadec.o
2026-10-05T08:48:10.9294980Z CC	libavformat/matroskaenc.o
2026-10-05T08:48:10.9295040Z CC	libavformat/metadata.o
2026-10-05T08:48:10.9295100Z CC	libavformat/mov.o
2026-10-05T08:48:10.9295160Z CC	libavformat/mov_chan.o
2026-10-05T08:48:10.9295220Z CC	libavformat/mov_esds.o
2026-10-05T08:48:10.9295280Z CC	libavformat/movenc.o
2026-10-05T08:48:10.9295440Z CC	libavformat/movenc_ttml.o
2026-10-05T08:48:10.9295580Z CC	libavformat/movenccenc.o
2026-10-05T08:48:10.9295660Z CC	libavformat/movenchint.o
2026-10-05T08:48:10.9295740Z CC	libavformat/mp3dec.o
2026-10-05T08:48:10.9295810Z CC	libavformat/mpegts.o
2026-10-05T08:48:10.9295870Z CC	libavformat/mpegtsenc.o
2026-10-05T08:48:10.9295930Z CC	libavformat/mux.o
2026-10-05T08:48:10.9295990Z CC	libavformat/mux_utils.o
2026-10-05T08:48:10.9296130Z CC	libavformat/nal.o
2026-10-05T08:48:10.9296250Z CC	libavformat/network.o
2026-10-05T08:48:10.9296330Z CC	libavformat/oggdec.o
2026-10-05T08:48:10.9296400Z CC	libavformat/oggenc.o
2026-10-05T08:48:10.9296620Z CC	libavformat/oggparsecelt.o
2026-10-05T08:48:10.9296800Z CC	libavformat/oggparsedirac.o
2026-10-05T08:48:10.9296940Z CC	libavformat/oggparseflac.o
2026-10-05T08:48:10.9297020Z CC	libavformat/oggparseogm.o
2026-10-05T08:48:10.9297100Z CC	libavformat/oggparseopus.o
2026-10-05T08:48:10.9297190Z CC	libavformat/oggparseskeleton.o
2026-10-05T08:48:10.9297260Z CC	libavformat/oggparsespeex.o
2026-10-05T08:48:10.9297330Z CC	libavformat/oggparsetheora.o
2026-10-05T08:48:10.9297390Z CC	libavformat/oggparsevorbis.o
2026-10-05T08:48:10.9297530Z CC	libavformat/oggparsevp8.o
2026-10-05T08:48:10.9297610Z CC	libavformat/options.o
2026-10-05T08:48:10.9297740Z CC	libavformat/os_support.o
2026-10-05T08:48:10.9297810Z CC	libavformat/pcm.o
2026-10-05T08:48:10.9297890Z CC	libavformat/protocols.o
2026-10-05T08:48:10.9297980Z CC	libavformat/qtpalette.o
2026-10-05T08:48:10.9298040Z CC	libavformat/rawdec.o
2026-10-05T08:48:10.9298100Z CC	libavformat/rawenc.o
2026-10-05T08:48:10.9298180Z CC	libavformat/rawutils.o
2026-10-05T08:48:10.9298250Z CC	libavformat/replaygain.o
2026-10-05T08:48:10.9298310Z CC	libavformat/riff.o
2026-10-05T08:48:10.9298370Z CC	libavformat/riffdec.o
2026-10-05T08:48:10.9298420Z CC	libavformat/riffenc.o
2026-10-05T08:48:10.9298490Z CC	libavformat/rmsipr.o
2026-10-05T08:48:10.9298540Z CC	libavformat/rtp.o
2026-10-05T08:48:10.9298610Z CC	libavformat/rtpenc_chain.o
2026-10-05T08:48:10.9298670Z CC	libavformat/sdp.o
2026-10-05T08:48:10.9298720Z CC	libavformat/seek.o
2026-10-05T08:48:10.9298770Z CC	libavformat/url.o
2026-10-05T08:48:10.9298830Z CC	libavformat/utils.o
2026-10-05T08:48:10.9298890Z CC	libavformat/version.o
2026-10-05T08:48:10.9298950Z CC	libavformat/vorbiscomment.o
2026-10-05T08:48:10.9299010Z CC	libavformat/vpcc.o
2026-10-05T08:48:10.9299070Z CC	libavformat/vvc.o
2026-10-05T08:48:10.9299130Z CC	libavformat/wavdec.o
2026-10-05T08:48:10.9299180Z CC	libavformat/wv.o
2026-10-05T08:48:10.9299250Z CC	libavcodec/to_upper4.o
2026-10-05T08:48:10.9300040Z INSTALL	private/var/tmp/_bazel_telegram_ios/29e64aec8f64c22cffe1a8ef8cee6a69/execroot/_main/bazel-out/ios_arm64-opt-ios-arm64-min13.0-ST-57b073d392e5/bin/submodules/ffmpeg/FFMpegSource/ffmpeg-7.1.1/libavformat/avformat.h
2026-10-05T08:48:10.9300890Z INSTALL	private/var/tmp/_bazel_telegram_ios/29e64aec8f64c22cffe1a8ef8cee6a69/execroot/_main/bazel-out/ios_arm64-opt-ios-arm64-min13.0-ST-57b073d392e5/bin/submodules/ffmpeg/FFMpegSource/ffmpeg-7.1.1/libavformat/avio.h
2026-10-05T08:48:10.9314010Z INSTALL	private/var/tmp/_bazel_telegram_ios/29e64aec8f64c22cffe1a8ef8cee6a69/execroot/_main/bazel-out/ios_arm64-opt-ios-arm64-min13.0-ST-57b073d392e5/bin/submodules/ffmpeg/FFMpegSource/ffmpeg-7.1.1/libavformat/version.h
2026-10-05T08:48:10.9314670Z INSTALL	private/var/tmp/_bazel_telegram_ios/29e64aec8f64c22cffe1a8ef8cee6a69/execroot/_main/bazel-out/ios_arm64-opt-ios-arm64-min13.0-ST-57b073d392e5/bin/submodules/ffmpeg/FFMpegSource/ffmpeg-7.1.1/libavformat/version_major.h
2026-10-05T08:48:10.9314750Z GEN	libavformat/libavformat.pc
2026-10-05T08:48:10.9315350Z INSTALL	private/var/tmp/_bazel_telegram_ios/29e64aec8f64c22cffe1a8ef8cee6a69/execroot/_main/bazel-out/ios_arm64-opt-ios-arm64-min13.0-ST-57b073d392e5/bin/submodules/ffmpeg/FFMpegSource/ffmpeg-7.1.1/libavcodec/ac3_parser.h
2026-10-05T08:48:10.9315990Z INSTALL	private/var/tmp/_bazel_telegram_ios/29e64aec8f64c22cffe1a8ef8cee6a69/execroot/_main/bazel-out/ios_arm64-opt-ios-arm64-min13.0-ST-57b073d392e5/bin/submodules/ffmpeg/FFMpegSource/ffmpeg-7.1.1/libavcodec/adts_parser.h
2026-10-05T08:48:10.9317430Z INSTALL	private/var/tmp/_bazel_telegram_ios/29e64aec8f64c22cffe1a8ef8cee6a69/execroot/_main/bazel-out/ios_arm64-opt-ios-arm64-min13.0-ST-57b073d392e5/bin/submodules/ffmpeg/FFMpegSource/ffmpeg-7.1.1/libavcodec/avcodec.h
2026-10-05T08:48:10.9317990Z INSTALL	private/var/tmp/_bazel_telegram_ios/29e64aec8f64c22cffe1a8ef8cee6a69/execroot/_main/bazel-out/ios_arm64-opt-ios-arm64-min13.0-ST-57b073d392e5/bin/submodules/ffmpeg/FFMpegSource/ffmpeg-7.1.1/libavcodec/avdct.h
2026-10-05T08:48:10.9318830Z INSTALL	private/var/tmp/_bazel_telegram_ios/29e64aec8f64c22cffe1a8ef8cee6a69/execroot/_main/bazel-out/ios_arm64-opt-ios-arm64-min13.0-ST-57b073d392e5/bin/submodules/ffmpeg/FFMpegSource/ffmpeg-7.1.1/libavcodec/avfft.h
2026-10-05T08:48:10.9320660Z INSTALL	private/var/tmp/_bazel_telegram_ios/29e64aec8f64c22cffe1a8ef8cee6a69/execroot/_main/bazel-out/ios_arm64-opt-ios-arm64-min13.0-ST-57b073d392e5/bin/submodules/ffmpeg/FFMpegSource/ffmpeg-7.1.1/libavcodec/bsf.h
2026-10-05T08:48:10.9321620Z INSTALL	private/var/tmp/_bazel_telegram_ios/29e64aec8f64c22cffe1a8ef8cee6a69/execroot/_main/bazel-out/ios_arm64-opt-ios-arm64-min13.0-ST-57b073d392e5/bin/submodules/ffmpeg/FFMpegSource/ffmpeg-7.1.1/libavcodec/codec.h
2026-10-05T08:48:10.9324330Z INSTALL	private/var/tmp/_bazel_telegram_ios/29e64aec8f64c22cffe1a8ef8cee6a69/execroot/_main/bazel-out/ios_arm64-opt-ios-arm64-min13.0-ST-57b073d392e5/bin/submodules/ffmpeg/FFMpegSource/ffmpeg-7.1.1/libavcodec/codec_desc.h
2026-10-05T08:48:10.9327530Z INSTALL	private/var/tmp/_bazel_telegram_ios/29e64aec8f64c22cffe1a8ef8cee6a69/execroot/_main/bazel-out/ios_arm64-opt-ios-arm64-min13.0-ST-57b073d392e5/bin/submodules/ffmpeg/FFMpegSource/ffmpeg-7.1.1/libavcodec/codec_id.h
2026-10-05T08:48:10.9328890Z INSTALL	private/var/tmp/_bazel_telegram_ios/29e64aec8f64c22cffe1a8ef8cee6a69/execroot/_main/bazel-out/ios_arm64-opt-ios-arm64-min13.0-ST-57b073d392e5/bin/submodules/ffmpeg/FFMpegSource/ffmpeg-7.1.1/libavcodec/codec_par.h
2026-10-05T08:48:10.9336350Z INSTALL	private/var/tmp/_bazel_telegram_ios/29e64aec8f64c22cffe1a8ef8cee6a69/execroot/_main/bazel-out/ios_arm64-opt-ios-arm64-min13.0-ST-57b073d392e5/bin/submodules/ffmpeg/FFMpegSource/ffmpeg-7.1.1/libavcodec/d3d11va.h
2026-10-05T08:48:10.9338360Z INSTALL	private/var/tmp/_bazel_telegram_ios/29e64aec8f64c22cffe1a8ef8cee6a69/execroot/_main/bazel-out/ios_arm64-opt-ios-arm64-min13.0-ST-57b073d392e5/bin/submodules/ffmpeg/FFMpegSource/ffmpeg-7.1.1/libavcodec/defs.h
2026-10-05T08:48:10.9339130Z INSTALL	private/var/tmp/_bazel_telegram_ios/29e64aec8f64c22cffe1a8ef8cee6a69/execroot/_main/bazel-out/ios_arm64-opt-ios-arm64-min13.0-ST-57b073d392e5/bin/submodules/ffmpeg/FFMpegSource/ffmpeg-7.1.1/libavcodec/dirac.h
2026-10-05T08:48:10.9339920Z INSTALL	private/var/tmp/_bazel_telegram_ios/29e64aec8f64c22cffe1a8ef8cee6a69/execroot/_main/bazel-out/ios_arm64-opt-ios-arm64-min13.0-ST-57b073d392e5/bin/submodules/ffmpeg/FFMpegSource/ffmpeg-7.1.1/libavcodec/dv_profile.h
2026-10-05T08:48:10.9340780Z INSTALL	private/var/tmp/_bazel_telegram_ios/29e64aec8f64c22cffe1a8ef8cee6a69/execroot/_main/bazel-out/ios_arm64-opt-ios-arm64-min13.0-ST-57b073d392e5/bin/submodules/ffmpeg/FFMpegSource/ffmpeg-7.1.1/libavcodec/dxva2.h
2026-10-05T08:48:10.9341510Z INSTALL	private/var/tmp/_bazel_telegram_ios/29e64aec8f64c22cffe1a8ef8cee6a69/execroot/_main/bazel-out/ios_arm64-opt-ios-arm64-min13.0-ST-57b073d392e5/bin/submodules/ffmpeg/FFMpegSource/ffmpeg-7.1.1/libavcodec/jni.h
2026-10-05T08:48:10.9342320Z INSTALL	private/var/tmp/_bazel_telegram_ios/29e64aec8f64c22cffe1a8ef8cee6a69/execroot/_main/bazel-out/ios_arm64-opt-ios-arm64-min13.0-ST-57b073d392e5/bin/submodules/ffmpeg/FFMpegSource/ffmpeg-7.1.1/libavcodec/mediacodec.h
2026-10-05T08:48:10.9342910Z INSTALL	private/var/tmp/_bazel_telegram_ios/29e64aec8f64c22cffe1a8ef8cee6a69/execroot/_main/bazel-out/ios_arm64-opt-ios-arm64-min13.0-ST-57b073d392e5/bin/submodules/ffmpeg/FFMpegSource/ffmpeg-7.1.1/libavcodec/packet.h
2026-10-05T08:48:10.9343460Z INSTALL	private/var/tmp/_bazel_telegram_ios/29e64aec8f64c22cffe1a8ef8cee6a69/execroot/_main/bazel-out/ios_arm64-opt-ios-arm64-min13.0-ST-57b073d392e5/bin/submodules/ffmpeg/FFMpegSource/ffmpeg-7.1.1/libavcodec/qsv.h
2026-10-05T08:48:10.9344010Z INSTALL	private/var/tmp/_bazel_telegram_ios/29e64aec8f64c22cffe1a8ef8cee6a69/execroot/_main/bazel-out/ios_arm64-opt-ios-arm64-min13.0-ST-57b073d392e5/bin/submodules/ffmpeg/FFMpegSource/ffmpeg-7.1.1/libavcodec/vdpau.h
2026-10-05T08:48:10.9344700Z INSTALL	private/var/tmp/_bazel_telegram_ios/29e64aec8f64c22cffe1a8ef8cee6a69/execroot/_main/bazel-out/ios_arm64-opt-ios-arm64-min13.0-ST-57b073d392e5/bin/submodules/ffmpeg/FFMpegSource/ffmpeg-7.1.1/libavcodec/version.h
2026-10-05T08:48:10.9345540Z INSTALL	private/var/tmp/_bazel_telegram_ios/29e64aec8f64c22cffe1a8ef8cee6a69/execroot/_main/bazel-out/ios_arm64-opt-ios-arm64-min13.0-ST-57b073d392e5/bin/submodules/ffmpeg/FFMpegSource/ffmpeg-7.1.1/libavcodec/version_major.h
2026-10-05T08:48:10.9346190Z INSTALL	private/var/tmp/_bazel_telegram_ios/29e64aec8f64c22cffe1a8ef8cee6a69/execroot/_main/bazel-out/ios_arm64-opt-ios-arm64-min13.0-ST-57b073d392e5/bin/submodules/ffmpeg/FFMpegSource/ffmpeg-7.1.1/libavcodec/videotoolbox.h
2026-10-05T08:48:10.9346780Z INSTALL	private/var/tmp/_bazel_telegram_ios/29e64aec8f64c22cffe1a8ef8cee6a69/execroot/_main/bazel-out/ios_arm64-opt-ios-arm64-min13.0-ST-57b073d392e5/bin/submodules/ffmpeg/FFMpegSource/ffmpeg-7.1.1/libavcodec/vorbis_parser.h
2026-10-05T08:48:10.9346850Z GEN	libavcodec/libavcodec.pc
2026-10-05T08:48:10.9346920Z GEN	libswresample/libswresample.pc
2026-10-05T08:48:10.9347510Z INSTALL	private/var/tmp/_bazel_telegram_ios/29e64aec8f64c22cffe1a8ef8cee6a69/execroot/_main/bazel-out/ios_arm64-opt-ios-arm64-min13.0-ST-57b073d392e5/bin/submodules/ffmpeg/FFMpegSource/ffmpeg-7.1.1/libswresample/swresample.h
2026-10-05T08:48:10.9348080Z INSTALL	private/var/tmp/_bazel_telegram_ios/29e64aec8f64c22cffe1a8ef8cee6a69/execroot/_main/bazel-out/ios_arm64-opt-ios-arm64-min13.0-ST-57b073d392e5/bin/submodules/ffmpeg/FFMpegSource/ffmpeg-7.1.1/libswresample/version.h
2026-10-05T08:48:10.9348690Z INSTALL	private/var/tmp/_bazel_telegram_ios/29e64aec8f64c22cffe1a8ef8cee6a69/execroot/_main/bazel-out/ios_arm64-opt-ios-arm64-min13.0-ST-57b073d392e5/bin/submodules/ffmpeg/FFMpegSource/ffmpeg-7.1.1/libswresample/version_major.h
2026-10-05T08:48:10.9348860Z GEN	libavutil/libavutil.pc
2026-10-05T08:48:10.9349550Z INSTALL	private/var/tmp/_bazel_telegram_ios/29e64aec8f64c22cffe1a8ef8cee6a69/execroot/_main/bazel-out/ios_arm64-opt-ios-arm64-min13.0-ST-57b073d392e5/bin/submodules/ffmpeg/FFMpegSource/ffmpeg-7.1.1/libavutil/adler32.h
2026-10-05T08:48:10.9350110Z INSTALL	private/var/tmp/_bazel_telegram_ios/29e64aec8f64c22cffe1a8ef8cee6a69/execroot/_main/bazel-out/ios_arm64-opt-ios-arm64-min13.0-ST-57b073d392e5/bin/submodules/ffmpeg/FFMpegSource/ffmpeg-7.1.1/libavutil/aes.h
2026-10-05T08:48:10.9350750Z INSTALL	private/var/tmp/_bazel_telegram_ios/29e64aec8f64c22cffe1a8ef8cee6a69/execroot/_main/bazel-out/ios_arm64-opt-ios-arm64-min13.0-ST-57b073d392e5/bin/submodules/ffmpeg/FFMpegSource/ffmpeg-7.1.1/libavutil/aes_ctr.h
2026-10-05T08:48:10.9352290Z INSTALL	private/var/tmp/_bazel_telegram_ios/29e64aec8f64c22cffe1a8ef8cee6a69/execroot/_main/bazel-out/ios_arm64-opt-ios-arm64-min13.0-ST-57b073d392e5/bin/submodules/ffmpeg/FFMpegSource/ffmpeg-7.1.1/libavutil/ambient_viewing_environment.h
2026-10-05T08:48:10.9352860Z INSTALL	private/var/tmp/_bazel_telegram_ios/29e64aec8f64c22cffe1a8ef8cee6a69/execroot/_main/bazel-out/ios_arm64-opt-ios-arm64-min13.0-ST-57b073d392e5/bin/submodules/ffmpeg/FFMpegSource/ffmpeg-7.1.1/libavutil/attributes.h
2026-10-05T08:48:10.9353430Z INSTALL	private/var/tmp/_bazel_telegram_ios/29e64aec8f64c22cffe1a8ef8cee6a69/execroot/_main/bazel-out/ios_arm64-opt-ios-arm64-min13.0-ST-57b073d392e5/bin/submodules/ffmpeg/FFMpegSource/ffmpeg-7.1.1/libavutil/audio_fifo.h
2026-10-05T08:48:10.9354050Z INSTALL	private/var/tmp/_bazel_telegram_ios/29e64aec8f64c22cffe1a8ef8cee6a69/execroot/_main/bazel-out/ios_arm64-opt-ios-arm64-min13.0-ST-57b073d392e5/bin/submodules/ffmpeg/FFMpegSource/ffmpeg-7.1.1/libavutil/avassert.h
2026-10-05T08:48:10.9354880Z INSTALL	private/var/tmp/_bazel_telegram_ios/29e64aec8f64c22cffe1a8ef8cee6a69/execroot/_main/bazel-out/ios_arm64-opt-ios-arm64-min13.0-ST-57b073d392e5/bin/submodules/ffmpeg/FFMpegSource/ffmpeg-7.1.1/libavutil/avstring.h
2026-10-05T08:48:10.9355430Z INSTALL	private/var/tmp/_bazel_telegram_ios/29e64aec8f64c22cffe1a8ef8cee6a69/execroot/_main/bazel-out/ios_arm64-opt-ios-arm64-min13.0-ST-57b073d392e5/bin/submodules/ffmpeg/FFMpegSource/ffmpeg-7.1.1/libavutil/avutil.h
2026-10-05T08:48:10.9356580Z INSTALL	private/var/tmp/_bazel_telegram_ios/29e64aec8f64c22cffe1a8ef8cee6a69/execroot/_main/bazel-out/ios_arm64-opt-ios-arm64-min13.0-ST-57b073d392e5/bin/submodules/ffmpeg/FFMpegSource/ffmpeg-7.1.1/libavutil/base64.h
2026-10-05T08:48:10.9357380Z INSTALL	private/var/tmp/_bazel_telegram_ios/29e64aec8f64c22cffe1a8ef8cee6a69/execroot/_main/bazel-out/ios_arm64-opt-ios-arm64-min13.0-ST-57b073d392e5/bin/submodules/ffmpeg/FFMpegSource/ffmpeg-7.1.1/libavutil/blowfish.h
2026-10-05T08:48:10.9357980Z INSTALL	private/var/tmp/_bazel_telegram_ios/29e64aec8f64c22cffe1a8ef8cee6a69/execroot/_main/bazel-out/ios_arm64-opt-ios-arm64-min13.0-ST-57b073d392e5/bin/submodules/ffmpeg/FFMpegSource/ffmpeg-7.1.1/libavutil/bprint.h
2026-10-05T08:48:10.9358550Z INSTALL	private/var/tmp/_bazel_telegram_ios/29e64aec8f64c22cffe1a8ef8cee6a69/execroot/_main/bazel-out/ios_arm64-opt-ios-arm64-min13.0-ST-57b073d392e5/bin/submodules/ffmpeg/FFMpegSource/ffmpeg-7.1.1/libavutil/bswap.h
2026-10-05T08:48:10.9359110Z INSTALL	private/var/tmp/_bazel_telegram_ios/29e64aec8f64c22cffe1a8ef8cee6a69/execroot/_main/bazel-out/ios_arm64-opt-ios-arm64-min13.0-ST-57b073d392e5/bin/submodules/ffmpeg/FFMpegSource/ffmpeg-7.1.1/libavutil/buffer.h
2026-10-05T08:48:10.9359660Z INSTALL	private/var/tmp/_bazel_telegram_ios/29e64aec8f64c22cffe1a8ef8cee6a69/execroot/_main/bazel-out/ios_arm64-opt-ios-arm64-min13.0-ST-57b073d392e5/bin/submodules/ffmpeg/FFMpegSource/ffmpeg-7.1.1/libavutil/cast5.h
2026-10-05T08:48:10.9360240Z INSTALL	private/var/tmp/_bazel_telegram_ios/29e64aec8f64c22cffe1a8ef8cee6a69/execroot/_main/bazel-out/ios_arm64-opt-ios-arm64-min13.0-ST-57b073d392e5/bin/submodules/ffmpeg/FFMpegSource/ffmpeg-7.1.1/libavutil/camellia.h
2026-10-05T08:48:10.9360830Z INSTALL	private/var/tmp/_bazel_telegram_ios/29e64aec8f64c22cffe1a8ef8cee6a69/execroot/_main/bazel-out/ios_arm64-opt-ios-arm64-min13.0-ST-57b073d392e5/bin/submodules/ffmpeg/FFMpegSource/ffmpeg-7.1.1/libavutil/channel_layout.h
2026-10-05T08:48:10.9370490Z INSTALL	private/var/tmp/_bazel_telegram_ios/29e64aec8f64c22cffe1a8ef8cee6a69/execroot/_main/bazel-out/ios_arm64-opt-ios-arm64-min13.0-ST-57b073d392e5/bin/submodules/ffmpeg/FFMpegSource/ffmpeg-7.1.1/libavutil/common.h
2026-10-05T08:48:10.9371350Z INSTALL	private/var/tmp/_bazel_telegram_ios/29e64aec8f64c22cffe1a8ef8cee6a69/execroot/_main/bazel-out/ios_arm64-opt-ios-arm64-min13.0-ST-57b073d392e5/bin/submodules/ffmpeg/FFMpegSource/ffmpeg-7.1.1/libavutil/cpu.h
2026-10-05T08:48:10.9372180Z INSTALL	private/var/tmp/_bazel_telegram_ios/29e64aec8f64c22cffe1a8ef8cee6a69/execroot/_main/bazel-out/ios_arm64-opt-ios-arm64-min13.0-ST-57b073d392e5/bin/submodules/ffmpeg/FFMpegSource/ffmpeg-7.1.1/libavutil/crc.h
2026-10-05T08:48:10.9372890Z INSTALL	private/var/tmp/_bazel_telegram_ios/29e64aec8f64c22cffe1a8ef8cee6a69/execroot/_main/bazel-out/ios_arm64-opt-ios-arm64-min13.0-ST-57b073d392e5/bin/submodules/ffmpeg/FFMpegSource/ffmpeg-7.1.1/libavutil/csp.h
2026-10-05T08:48:10.9373440Z INSTALL	private/var/tmp/_bazel_telegram_ios/29e64aec8f64c22cffe1a8ef8cee6a69/execroot/_main/bazel-out/ios_arm64-opt-ios-arm64-min13.0-ST-57b073d392e5/bin/submodules/ffmpeg/FFMpegSource/ffmpeg-7.1.1/libavutil/des.h
2026-10-05T08:48:10.9374040Z INSTALL	private/var/tmp/_bazel_telegram_ios/29e64aec8f64c22cffe1a8ef8cee6a69/execroot/_main/bazel-out/ios_arm64-opt-ios-arm64-min13.0-ST-57b073d392e5/bin/submodules/ffmpeg/FFMpegSource/ffmpeg-7.1.1/libavutil/detection_bbox.h
2026-10-05T08:48:10.9374730Z INSTALL	private/var/tmp/_bazel_telegram_ios/29e64aec8f64c22cffe1a8ef8cee6a69/execroot/_main/bazel-out/ios_arm64-opt-ios-arm64-min13.0-ST-57b073d392e5/bin/submodules/ffmpeg/FFMpegSource/ffmpeg-7.1.1/libavutil/dict.h
2026-10-05T08:48:10.9375340Z INSTALL	private/var/tmp/_bazel_telegram_ios/29e64aec8f64c22cffe1a8ef8cee6a69/execroot/_main/bazel-out/ios_arm64-opt-ios-arm64-min13.0-ST-57b073d392e5/bin/submodules/ffmpeg/FFMpegSource/ffmpeg-7.1.1/libavutil/display.h
2026-10-05T08:48:10.9375920Z INSTALL	private/var/tmp/_bazel_telegram_ios/29e64aec8f64c22cffe1a8ef8cee6a69/execroot/_main/bazel-out/ios_arm64-opt-ios-arm64-min13.0-ST-57b073d392e5/bin/submodules/ffmpeg/FFMpegSource/ffmpeg-7.1.1/libavutil/dovi_meta.h
2026-10-05T08:48:10.9376800Z INSTALL	private/var/tmp/_bazel_telegram_ios/29e64aec8f64c22cffe1a8ef8cee6a69/execroot/_main/bazel-out/ios_arm64-opt-ios-arm64-min13.0-ST-57b073d392e5/bin/submodules/ffmpeg/FFMpegSource/ffmpeg-7.1.1/libavutil/downmix_info.h
2026-10-05T08:48:10.9377410Z INSTALL	private/var/tmp/_bazel_telegram_ios/29e64aec8f64c22cffe1a8ef8cee6a69/execroot/_main/bazel-out/ios_arm64-opt-ios-arm64-min13.0-ST-57b073d392e5/bin/submodules/ffmpeg/FFMpegSource/ffmpeg-7.1.1/libavutil/encryption_info.h
2026-10-05T08:48:10.9377970Z INSTALL	private/var/tmp/_bazel_telegram_ios/29e64aec8f64c22cffe1a8ef8cee6a69/execroot/_main/bazel-out/ios_arm64-opt-ios-arm64-min13.0-ST-57b073d392e5/bin/submodules/ffmpeg/FFMpegSource/ffmpeg-7.1.1/libavutil/error.h
2026-10-05T08:48:10.9378620Z INSTALL	private/var/tmp/_bazel_telegram_ios/29e64aec8f64c22cffe1a8ef8cee6a69/execroot/_main/bazel-out/ios_arm64-opt-ios-arm64-min13.0-ST-57b073d392e5/bin/submodules/ffmpeg/FFMpegSource/ffmpeg-7.1.1/libavutil/eval.h
2026-10-05T08:48:10.9379340Z INSTALL	private/var/tmp/_bazel_telegram_ios/29e64aec8f64c22cffe1a8ef8cee6a69/execroot/_main/bazel-out/ios_arm64-opt-ios-arm64-min13.0-ST-57b073d392e5/bin/submodules/ffmpeg/FFMpegSource/ffmpeg-7.1.1/libavutil/executor.h
2026-10-05T08:48:10.9379890Z INSTALL	private/var/tmp/_bazel_telegram_ios/29e64aec8f64c22cffe1a8ef8cee6a69/execroot/_main/bazel-out/ios_arm64-opt-ios-arm64-min13.0-ST-57b073d392e5/bin/submodules/ffmpeg/FFMpegSource/ffmpeg-7.1.1/libavutil/fifo.h
2026-10-05T08:48:10.9380440Z INSTALL	private/var/tmp/_bazel_telegram_ios/29e64aec8f64c22cffe1a8ef8cee6a69/execroot/_main/bazel-out/ios_arm64-opt-ios-arm64-min13.0-ST-57b073d392e5/bin/submodules/ffmpeg/FFMpegSource/ffmpeg-7.1.1/libavutil/file.h
2026-10-05T08:48:10.9380990Z INSTALL	private/var/tmp/_bazel_telegram_ios/29e64aec8f64c22cffe1a8ef8cee6a69/execroot/_main/bazel-out/ios_arm64-opt-ios-arm64-min13.0-ST-57b073d392e5/bin/submodules/ffmpeg/FFMpegSource/ffmpeg-7.1.1/libavutil/frame.h
2026-10-05T08:48:10.9381560Z INSTALL	private/var/tmp/_bazel_telegram_ios/29e64aec8f64c22cffe1a8ef8cee6a69/execroot/_main/bazel-out/ios_arm64-opt-ios-arm64-min13.0-ST-57b073d392e5/bin/submodules/ffmpeg/FFMpegSource/ffmpeg-7.1.1/libavutil/hash.h
2026-10-05T08:48:10.9382150Z INSTALL	private/var/tmp/_bazel_telegram_ios/29e64aec8f64c22cffe1a8ef8cee6a69/execroot/_main/bazel-out/ios_arm64-opt-ios-arm64-min13.0-ST-57b073d392e5/bin/submodules/ffmpeg/FFMpegSource/ffmpeg-7.1.1/libavutil/hdr_dynamic_metadata.h
2026-10-05T08:48:10.9382940Z INSTALL	private/var/tmp/_bazel_telegram_ios/29e64aec8f64c22cffe1a8ef8cee6a69/execroot/_main/bazel-out/ios_arm64-opt-ios-arm64-min13.0-ST-57b073d392e5/bin/submodules/ffmpeg/FFMpegSource/ffmpeg-7.1.1/libavutil/hdr_dynamic_vivid_metadata.h
2026-10-05T08:48:10.9383490Z INSTALL	private/var/tmp/_bazel_telegram_ios/29e64aec8f64c22cffe1a8ef8cee6a69/execroot/_main/bazel-out/ios_arm64-opt-ios-arm64-min13.0-ST-57b073d392e5/bin/submodules/ffmpeg/FFMpegSource/ffmpeg-7.1.1/libavutil/hmac.h
2026-10-05T08:48:10.9384110Z INSTALL	private/var/tmp/_bazel_telegram_ios/29e64aec8f64c22cffe1a8ef8cee6a69/execroot/_main/bazel-out/ios_arm64-opt-ios-arm64-min13.0-ST-57b073d392e5/bin/submodules/ffmpeg/FFMpegSource/ffmpeg-7.1.1/libavutil/hwcontext.h
2026-10-05T08:48:10.9384750Z INSTALL	private/var/tmp/_bazel_telegram_ios/29e64aec8f64c22cffe1a8ef8cee6a69/execroot/_main/bazel-out/ios_arm64-opt-ios-arm64-min13.0-ST-57b073d392e5/bin/submodules/ffmpeg/FFMpegSource/ffmpeg-7.1.1/libavutil/hwcontext_cuda.h
2026-10-05T08:48:10.9385340Z INSTALL	private/var/tmp/_bazel_telegram_ios/29e64aec8f64c22cffe1a8ef8cee6a69/execroot/_main/bazel-out/ios_arm64-opt-ios-arm64-min13.0-ST-57b073d392e5/bin/submodules/ffmpeg/FFMpegSource/ffmpeg-7.1.1/libavutil/hwcontext_d3d11va.h
2026-10-05T08:48:10.9386180Z INSTALL	private/var/tmp/_bazel_telegram_ios/29e64aec8f64c22cffe1a8ef8cee6a69/execroot/_main/bazel-out/ios_arm64-opt-ios-arm64-min13.0-ST-57b073d392e5/bin/submodules/ffmpeg/FFMpegSource/ffmpeg-7.1.1/libavutil/hwcontext_d3d12va.h
2026-10-05T08:48:10.9387070Z INSTALL	private/var/tmp/_bazel_telegram_ios/29e64aec8f64c22cffe1a8ef8cee6a69/execroot/_main/bazel-out/ios_arm64-opt-ios-arm64-min13.0-ST-57b073d392e5/bin/submodules/ffmpeg/FFMpegSource/ffmpeg-7.1.1/libavutil/hwcontext_drm.h
2026-10-05T08:48:10.9388440Z INSTALL	private/var/tmp/_bazel_telegram_ios/29e64aec8f64c22cffe1a8ef8cee6a69/execroot/_main/bazel-out/ios_arm64-opt-ios-arm64-min13.0-ST-57b073d392e5/bin/submodules/ffmpeg/FFMpegSource/ffmpeg-7.1.1/libavutil/hwcontext_dxva2.h
2026-10-05T08:48:10.9389220Z INSTALL	private/var/tmp/_bazel_telegram_ios/29e64aec8f64c22cffe1a8ef8cee6a69/execroot/_main/bazel-out/ios_arm64-opt-ios-arm64-min13.0-ST-57b073d392e5/bin/submodules/ffmpeg/FFMpegSource/ffmpeg-7.1.1/libavutil/hwcontext_qsv.h
2026-10-05T08:48:10.9390260Z INSTALL	private/var/tmp/_bazel_telegram_ios/29e64aec8f64c22cffe1a8ef8cee6a69/execroot/_main/bazel-out/ios_arm64-opt-ios-arm64-min13.0-ST-57b073d392e5/bin/submodules/ffmpeg/FFMpegSource/ffmpeg-7.1.1/libavutil/hwcontext_mediacodec.h
2026-10-05T08:48:10.9390920Z INSTALL	private/var/tmp/_bazel_telegram_ios/29e64aec8f64c22cffe1a8ef8cee6a69/execroot/_main/bazel-out/ios_arm64-opt-ios-arm64-min13.0-ST-57b073d392e5/bin/submodules/ffmpeg/FFMpegSource/ffmpeg-7.1.1/libavutil/hwcontext_opencl.h
2026-10-05T08:48:10.9391510Z INSTALL	private/var/tmp/_bazel_telegram_ios/29e64aec8f64c22cffe1a8ef8cee6a69/execroot/_main/bazel-out/ios_arm64-opt-ios-arm64-min13.0-ST-57b073d392e5/bin/submodules/ffmpeg/FFMpegSource/ffmpeg-7.1.1/libavutil/hwcontext_vaapi.h
2026-10-05T08:48:10.9392120Z INSTALL	private/var/tmp/_bazel_telegram_ios/29e64aec8f64c22cffe1a8ef8cee6a69/execroot/_main/bazel-out/ios_arm64-opt-ios-arm64-min13.0-ST-57b073d392e5/bin/submodules/ffmpeg/FFMpegSource/ffmpeg-7.1.1/libavutil/hwcontext_videotoolbox.h
2026-10-05T08:48:10.9392690Z INSTALL	private/var/tmp/_bazel_telegram_ios/29e64aec8f64c22cffe1a8ef8cee6a69/execroot/_main/bazel-out/ios_arm64-opt-ios-arm64-min13.0-ST-57b073d392e5/bin/submodules/ffmpeg/FFMpegSource/ffmpeg-7.1.1/libavutil/hwcontext_vdpau.h
2026-10-05T08:48:10.9393280Z INSTALL	private/var/tmp/_bazel_telegram_ios/29e64aec8f64c22cffe1a8ef8cee6a69/execroot/_main/bazel-out/ios_arm64-opt-ios-arm64-min13.0-ST-57b073d392e5/bin/submodules/ffmpeg/FFMpegSource/ffmpeg-7.1.1/libavutil/hwcontext_vulkan.h
2026-10-05T08:48:10.9393840Z INSTALL	private/var/tmp/_bazel_telegram_ios/29e64aec8f64c22cffe1a8ef8cee6a69/execroot/_main/bazel-out/ios_arm64-opt-ios-arm64-min13.0-ST-57b073d392e5/bin/submodules/ffmpeg/FFMpegSource/ffmpeg-7.1.1/libavutil/iamf.h
2026-10-05T08:48:10.9394580Z INSTALL	private/var/tmp/_bazel_telegram_ios/29e64aec8f64c22cffe1a8ef8cee6a69/execroot/_main/bazel-out/ios_arm64-opt-ios-arm64-min13.0-ST-57b073d392e5/bin/submodules/ffmpeg/FFMpegSource/ffmpeg-7.1.1/libavutil/imgutils.h
2026-10-05T08:48:10.9395140Z INSTALL	private/var/tmp/_bazel_telegram_ios/29e64aec8f64c22cffe1a8ef8cee6a69/execroot/_main/bazel-out/ios_arm64-opt-ios-arm64-min13.0-ST-57b073d392e5/bin/submodules/ffmpeg/FFMpegSource/ffmpeg-7.1.1/libavutil/intfloat.h
2026-10-05T08:48:10.9395710Z INSTALL	private/var/tmp/_bazel_telegram_ios/29e64aec8f64c22cffe1a8ef8cee6a69/execroot/_main/bazel-out/ios_arm64-opt-ios-arm64-min13.0-ST-57b073d392e5/bin/submodules/ffmpeg/FFMpegSource/ffmpeg-7.1.1/libavutil/intreadwrite.h
2026-10-05T08:48:10.9396260Z INSTALL	private/var/tmp/_bazel_telegram_ios/29e64aec8f64c22cffe1a8ef8cee6a69/execroot/_main/bazel-out/ios_arm64-opt-ios-arm64-min13.0-ST-57b073d392e5/bin/submodules/ffmpeg/FFMpegSource/ffmpeg-7.1.1/libavutil/lfg.h
2026-10-05T08:48:10.9396810Z INSTALL	private/var/tmp/_bazel_telegram_ios/29e64aec8f64c22cffe1a8ef8cee6a69/execroot/_main/bazel-out/ios_arm64-opt-ios-arm64-min13.0-ST-57b073d392e5/bin/submodules/ffmpeg/FFMpegSource/ffmpeg-7.1.1/libavutil/log.h
2026-10-05T08:48:10.9397350Z INSTALL	private/var/tmp/_bazel_telegram_ios/29e64aec8f64c22cffe1a8ef8cee6a69/execroot/_main/bazel-out/ios_arm64-opt-ios-arm64-min13.0-ST-57b073d392e5/bin/submodules/ffmpeg/FFMpegSource/ffmpeg-7.1.1/libavutil/lzo.h
2026-10-05T08:48:10.9397980Z INSTALL	private/var/tmp/_bazel_telegram_ios/29e64aec8f64c22cffe1a8ef8cee6a69/execroot/_main/bazel-out/ios_arm64-opt-ios-arm64-min13.0-ST-57b073d392e5/bin/submodules/ffmpeg/FFMpegSource/ffmpeg-7.1.1/libavutil/macros.h
2026-10-05T08:48:10.9398560Z INSTALL	private/var/tmp/_bazel_telegram_ios/29e64aec8f64c22cffe1a8ef8cee6a69/execroot/_main/bazel-out/ios_arm64-opt-ios-arm64-min13.0-ST-57b073d392e5/bin/submodules/ffmpeg/FFMpegSource/ffmpeg-7.1.1/libavutil/mathematics.h
2026-10-05T08:48:10.9399190Z INSTALL	private/var/tmp/_bazel_telegram_ios/29e64aec8f64c22cffe1a8ef8cee6a69/execroot/_main/bazel-out/ios_arm64-opt-ios-arm64-min13.0-ST-57b073d392e5/bin/submodules/ffmpeg/FFMpegSource/ffmpeg-7.1.1/libavutil/mastering_display_metadata.h
2026-10-05T08:48:10.9399840Z INSTALL	private/var/tmp/_bazel_telegram_ios/29e64aec8f64c22cffe1a8ef8cee6a69/execroot/_main/bazel-out/ios_arm64-opt-ios-arm64-min13.0-ST-57b073d392e5/bin/submodules/ffmpeg/FFMpegSource/ffmpeg-7.1.1/libavutil/md5.h
2026-10-05T08:48:10.9400410Z INSTALL	private/var/tmp/_bazel_telegram_ios/29e64aec8f64c22cffe1a8ef8cee6a69/execroot/_main/bazel-out/ios_arm64-opt-ios-arm64-min13.0-ST-57b073d392e5/bin/submodules/ffmpeg/FFMpegSource/ffmpeg-7.1.1/libavutil/mem.h
2026-10-05T08:48:10.9400980Z INSTALL	private/var/tmp/_bazel_telegram_ios/29e64aec8f64c22cffe1a8ef8cee6a69/execroot/_main/bazel-out/ios_arm64-opt-ios-arm64-min13.0-ST-57b073d392e5/bin/submodules/ffmpeg/FFMpegSource/ffmpeg-7.1.1/libavutil/motion_vector.h
2026-10-05T08:48:10.9401760Z INSTALL	private/var/tmp/_bazel_telegram_ios/29e64aec8f64c22cffe1a8ef8cee6a69/execroot/_main/bazel-out/ios_arm64-opt-ios-arm64-min13.0-ST-57b073d392e5/bin/submodules/ffmpeg/FFMpegSource/ffmpeg-7.1.1/libavutil/murmur3.h
2026-10-05T08:48:10.9402470Z INSTALL	private/var/tmp/_bazel_telegram_ios/29e64aec8f64c22cffe1a8ef8cee6a69/execroot/_main/bazel-out/ios_arm64-opt-ios-arm64-min13.0-ST-57b073d392e5/bin/submodules/ffmpeg/FFMpegSource/ffmpeg-7.1.1/libavutil/opt.h
2026-10-05T08:48:10.9403100Z INSTALL	private/var/tmp/_bazel_telegram_ios/29e64aec8f64c22cffe1a8ef8cee6a69/execroot/_main/bazel-out/ios_arm64-opt-ios-arm64-min13.0-ST-57b073d392e5/bin/submodules/ffmpeg/FFMpegSource/ffmpeg-7.1.1/libavutil/parseutils.h
2026-10-05T08:48:10.9403660Z INSTALL	private/var/tmp/_bazel_telegram_ios/29e64aec8f64c22cffe1a8ef8cee6a69/execroot/_main/bazel-out/ios_arm64-opt-ios-arm64-min13.0-ST-57b073d392e5/bin/submodules/ffmpeg/FFMpegSource/ffmpeg-7.1.1/libavutil/pixdesc.h
2026-10-05T08:48:10.9404360Z INSTALL	private/var/tmp/_bazel_telegram_ios/29e64aec8f64c22cffe1a8ef8cee6a69/execroot/_main/bazel-out/ios_arm64-opt-ios-arm64-min13.0-ST-57b073d392e5/bin/submodules/ffmpeg/FFMpegSource/ffmpeg-7.1.1/libavutil/pixelutils.h
2026-10-05T08:48:10.9404910Z INSTALL	private/var/tmp/_bazel_telegram_ios/29e64aec8f64c22cffe1a8ef8cee6a69/execroot/_main/bazel-out/ios_arm64-opt-ios-arm64-min13.0-ST-57b073d392e5/bin/submodules/ffmpeg/FFMpegSource/ffmpeg-7.1.1/libavutil/pixfmt.h
2026-10-05T08:48:10.9405470Z INSTALL	private/var/tmp/_bazel_telegram_ios/29e64aec8f64c22cffe1a8ef8cee6a69/execroot/_main/bazel-out/ios_arm64-opt-ios-arm64-min13.0-ST-57b073d392e5/bin/submodules/ffmpeg/FFMpegSource/ffmpeg-7.1.1/libavutil/random_seed.h
2026-10-05T08:48:10.9406020Z INSTALL	private/var/tmp/_bazel_telegram_ios/29e64aec8f64c22cffe1a8ef8cee6a69/execroot/_main/bazel-out/ios_arm64-opt-ios-arm64-min13.0-ST-57b073d392e5/bin/submodules/ffmpeg/FFMpegSource/ffmpeg-7.1.1/libavutil/rc4.h
2026-10-05T08:48:10.9406590Z INSTALL	private/var/tmp/_bazel_telegram_ios/29e64aec8f64c22cffe1a8ef8cee6a69/execroot/_main/bazel-out/ios_arm64-opt-ios-arm64-min13.0-ST-57b073d392e5/bin/submodules/ffmpeg/FFMpegSource/ffmpeg-7.1.1/libavutil/rational.h
2026-10-05T08:48:10.9407180Z INSTALL	private/var/tmp/_bazel_telegram_ios/29e64aec8f64c22cffe1a8ef8cee6a69/execroot/_main/bazel-out/ios_arm64-opt-ios-arm64-min13.0-ST-57b073d392e5/bin/submodules/ffmpeg/FFMpegSource/ffmpeg-7.1.1/libavutil/replaygain.h
2026-10-05T08:48:10.9407730Z INSTALL	private/var/tmp/_bazel_telegram_ios/29e64aec8f64c22cffe1a8ef8cee6a69/execroot/_main/bazel-out/ios_arm64-opt-ios-arm64-min13.0-ST-57b073d392e5/bin/submodules/ffmpeg/FFMpegSource/ffmpeg-7.1.1/libavutil/ripemd.h
2026-10-05T08:48:10.9408420Z INSTALL	private/var/tmp/_bazel_telegram_ios/29e64aec8f64c22cffe1a8ef8cee6a69/execroot/_main/bazel-out/ios_arm64-opt-ios-arm64-min13.0-ST-57b073d392e5/bin/submodules/ffmpeg/FFMpegSource/ffmpeg-7.1.1/libavutil/samplefmt.h
2026-10-05T08:48:10.9409000Z INSTALL	private/var/tmp/_bazel_telegram_ios/29e64aec8f64c22cffe1a8ef8cee6a69/execroot/_main/bazel-out/ios_arm64-opt-ios-arm64-min13.0-ST-57b073d392e5/bin/submodules/ffmpeg/FFMpegSource/ffmpeg-7.1.1/libavutil/sha.h
2026-10-05T08:48:10.9409550Z INSTALL	private/var/tmp/_bazel_telegram_ios/29e64aec8f64c22cffe1a8ef8cee6a69/execroot/_main/bazel-out/ios_arm64-opt-ios-arm64-min13.0-ST-57b073d392e5/bin/submodules/ffmpeg/FFMpegSource/ffmpeg-7.1.1/libavutil/sha512.h
2026-10-05T08:48:10.9415460Z INSTALL	private/var/tmp/_bazel_telegram_ios/29e64aec8f64c22cffe1a8ef8cee6a69/execroot/_main/bazel-out/ios_arm64-opt-ios-arm64-min13.0-ST-57b073d392e5/bin/submodules/ffmpeg/FFMpegSource/ffmpeg-7.1.1/libavutil/spherical.h
2026-10-05T08:48:10.9416980Z INSTALL	private/var/tmp/_bazel_telegram_ios/29e64aec8f64c22cffe1a8ef8cee6a69/execroot/_main/bazel-out/ios_arm64-opt-ios-arm64-min13.0-ST-57b073d392e5/bin/submodules/ffmpeg/FFMpegSource/ffmpeg-7.1.1/libavutil/stereo3d.h
2026-10-05T08:48:10.9418980Z INSTALL	private/var/tmp/_bazel_telegram_ios/29e64aec8f64c22cffe1a8ef8cee6a69/execroot/_main/bazel-out/ios_arm64-opt-ios-arm64-min13.0-ST-57b073d392e5/bin/submodules/ffmpeg/FFMpegSource/ffmpeg-7.1.1/libavutil/threadmessage.h
2026-10-05T08:48:10.9419550Z INSTALL	private/var/tmp/_bazel_telegram_ios/29e64aec8f64c22cffe1a8ef8cee6a69/execroot/_main/bazel-out/ios_arm64-opt-ios-arm64-min13.0-ST-57b073d392e5/bin/submodules/ffmpeg/FFMpegSource/ffmpeg-7.1.1/libavutil/time.h
2026-10-05T08:48:10.9420110Z INSTALL	private/var/tmp/_bazel_telegram_ios/29e64aec8f64c22cffe1a8ef8cee6a69/execroot/_main/bazel-out/ios_arm64-opt-ios-arm64-min13.0-ST-57b073d392e5/bin/submodules/ffmpeg/FFMpegSource/ffmpeg-7.1.1/libavutil/timecode.h
2026-10-05T08:48:10.9420690Z INSTALL	private/var/tmp/_bazel_telegram_ios/29e64aec8f64c22cffe1a8ef8cee6a69/execroot/_main/bazel-out/ios_arm64-opt-ios-arm64-min13.0-ST-57b073d392e5/bin/submodules/ffmpeg/FFMpegSource/ffmpeg-7.1.1/libavutil/timestamp.h
2026-10-05T08:48:10.9421290Z INSTALL	private/var/tmp/_bazel_telegram_ios/29e64aec8f64c22cffe1a8ef8cee6a69/execroot/_main/bazel-out/ios_arm64-opt-ios-arm64-min13.0-ST-57b073d392e5/bin/submodules/ffmpeg/FFMpegSource/ffmpeg-7.1.1/libavutil/tree.h
2026-10-05T08:48:10.9423630Z INSTALL	private/var/tmp/_bazel_telegram_ios/29e64aec8f64c22cffe1a8ef8cee6a69/execroot/_main/bazel-out/ios_arm64-opt-ios-arm64-min13.0-ST-57b073d392e5/bin/submodules/ffmpeg/FFMpegSource/ffmpeg-7.1.1/libavutil/twofish.h
2026-10-05T08:48:10.9424220Z INSTALL	private/var/tmp/_bazel_telegram_ios/29e64aec8f64c22cffe1a8ef8cee6a69/execroot/_main/bazel-out/ios_arm64-opt-ios-arm64-min13.0-ST-57b073d392e5/bin/submodules/ffmpeg/FFMpegSource/ffmpeg-7.1.1/libavutil/uuid.h
2026-10-05T08:48:10.9424830Z INSTALL	private/var/tmp/_bazel_telegram_ios/29e64aec8f64c22cffe1a8ef8cee6a69/execroot/_main/bazel-out/ios_arm64-opt-ios-arm64-min13.0-ST-57b073d392e5/bin/submodules/ffmpeg/FFMpegSource/ffmpeg-7.1.1/libavutil/version.h
2026-10-05T08:48:10.9425420Z INSTALL	private/var/tmp/_bazel_telegram_ios/29e64aec8f64c22cffe1a8ef8cee6a69/execroot/_main/bazel-out/ios_arm64-opt-ios-arm64-min13.0-ST-57b073d392e5/bin/submodules/ffmpeg/FFMpegSource/ffmpeg-7.1.1/libavutil/video_enc_params.h
2026-10-05T08:48:10.9426000Z INSTALL	private/var/tmp/_bazel_telegram_ios/29e64aec8f64c22cffe1a8ef8cee6a69/execroot/_main/bazel-out/ios_arm64-opt-ios-arm64-min13.0-ST-57b073d392e5/bin/submodules/ffmpeg/FFMpegSource/ffmpeg-7.1.1/libavutil/xtea.h
2026-10-05T08:48:10.9426560Z INSTALL	private/var/tmp/_bazel_telegram_ios/29e64aec8f64c22cffe1a8ef8cee6a69/execroot/_main/bazel-out/ios_arm64-opt-ios-arm64-min13.0-ST-57b073d392e5/bin/submodules/ffmpeg/FFMpegSource/ffmpeg-7.1.1/libavutil/tea.h
2026-10-05T08:48:10.9427490Z INSTALL	private/var/tmp/_bazel_telegram_ios/29e64aec8f64c22cffe1a8ef8cee6a69/execroot/_main/bazel-out/ios_arm64-opt-ios-arm64-min13.0-ST-57b073d392e5/bin/submodules/ffmpeg/FFMpegSource/ffmpeg-7.1.1/libavutil/tx.h
2026-10-05T08:48:10.9428340Z INSTALL	private/var/tmp/_bazel_telegram_ios/29e64aec8f64c22cffe1a8ef8cee6a69/execroot/_main/bazel-out/ios_arm64-opt-ios-arm64-min13.0-ST-57b073d392e5/bin/submodules/ffmpeg/FFMpegSource/ffmpeg-7.1.1/libavutil/film_grain_params.h
2026-10-05T08:48:10.9429120Z INSTALL	private/var/tmp/_bazel_telegram_ios/29e64aec8f64c22cffe1a8ef8cee6a69/execroot/_main/bazel-out/ios_arm64-opt-ios-arm64-min13.0-ST-57b073d392e5/bin/submodules/ffmpeg/FFMpegSource/ffmpeg-7.1.1/libavutil/video_hint.h
2026-10-05T08:48:10.9429270Z INSTALL	libavutil/avconfig.h
2026-10-05T08:48:10.9429350Z INSTALL	libavutil/ffversion.h
2026-10-05T08:48:10.9429490Z AR	libavformat/libavformat.a
2026-10-05T08:48:10.9429570Z CC	libavcodec/aac_ac3_parser.o
2026-10-05T08:48:10.9429650Z CC	libavcodec/aac_parser.o
2026-10-05T08:48:10.9429750Z CC	libavcodec/aarch64/fdctdsp_init_aarch64.o
2026-10-05T08:48:10.9429820Z AS	libavcodec/aarch64/fdctdsp_neon.o
2026-10-05T08:48:10.9429990Z CC	libavcodec/aarch64/h264chroma_init_aarch64.o
2026-10-05T08:48:10.9430140Z AS	libavcodec/aarch64/h264cmc_neon.o
2026-10-05T08:48:10.9430240Z CC	libavcodec/aarch64/h264dsp_init_aarch64.o
2026-10-05T08:48:10.9430330Z AS	libavcodec/aarch64/h264dsp_neon.o
2026-10-05T08:48:10.9430420Z AS	libavcodec/aarch64/h264idct_neon.o
2026-10-05T08:48:10.9430480Z CC	libavcodec/aarch64/h264pred_init.o
2026-10-05T08:48:10.9430550Z AS	libavcodec/aarch64/h264pred_neon.o
2026-10-05T08:48:10.9430630Z CC	libavcodec/aarch64/h264qpel_init_aarch64.o
2026-10-05T08:48:10.9430690Z AS	libavcodec/aarch64/h264qpel_neon.o
2026-10-05T08:48:10.9430760Z AS	libavcodec/aarch64/h26x/epel_neon.o
2026-10-05T08:48:10.9430830Z AS	libavcodec/aarch64/h26x/qpel_neon.o
2026-10-05T08:48:10.9430900Z AS	libavcodec/aarch64/h26x/sao_neon.o
2026-10-05T08:48:10.9430980Z AS	libavcodec/aarch64/hevcdsp_deblock_neon.o
2026-10-05T08:48:10.9431050Z AS	libavcodec/aarch64/hevcdsp_idct_neon.o
2026-10-05T08:48:10.9431130Z CC	libavcodec/aarch64/hevcdsp_init_aarch64.o
2026-10-05T08:48:10.9431200Z AS	libavcodec/aarch64/hpeldsp_neon.o
2026-10-05T08:48:10.9431280Z CC	libavcodec/aarch64/idctdsp_init_aarch64.o
2026-10-05T08:48:10.9431350Z AS	libavcodec/aarch64/idctdsp_neon.o
2026-10-05T08:48:10.9431420Z CC	libavcodec/aarch64/me_cmp_init_aarch64.o
2026-10-05T08:48:10.9431680Z AS	libavcodec/aarch64/me_cmp_neon.o
2026-10-05T08:48:10.9431760Z CC	libavcodec/aarch64/mpegaudiodsp_init.o
2026-10-05T08:48:10.9431830Z AS	libavcodec/aarch64/mpegaudiodsp_neon.o
2026-10-05T08:48:10.9431910Z AS	libavcodec/aarch64/simple_idct_neon.o
2026-10-05T08:48:10.9431980Z AS	libavcodec/aarch64/videodsp.o
2026-10-05T08:48:10.9432060Z CC	libavcodec/aarch64/videodsp_init.o
2026-10-05T08:48:10.9432130Z CC	libavcodec/ac3_channel_layout_tab.o
2026-10-05T08:48:10.9432210Z CC	libavcodec/ac3_parser.o
2026-10-05T08:48:10.9432270Z CC	libavcodec/ac3tab.o
2026-10-05T08:48:10.9432330Z CC	libavcodec/adts_header.o
2026-10-05T08:48:10.9432410Z CC	libavcodec/adts_parser.o
2026-10-05T08:48:10.9432480Z CC	libavcodec/allcodecs.o
2026-10-05T08:48:10.9432570Z CC	libavcodec/aom_film_grain.o
2026-10-05T08:48:10.9432640Z CC	libavcodec/atsc_a53.o
2026-10-05T08:48:10.9432730Z CC	libavcodec/audio_frame_queue.o
2026-10-05T08:48:10.9432820Z CC	libavcodec/audiotoolboxdec.o
2026-10-05T08:48:10.9433000Z CC	libavcodec/audiotoolboxenc.o
2026-10-05T08:48:10.9433090Z CC	libavcodec/av1_parse.o
2026-10-05T08:48:10.9433210Z CC	libavcodec/av1dec.o
2026-10-05T08:48:10.9433280Z CC	libavcodec/avcodec.o
2026-10-05T08:48:10.9433360Z CC	libavcodec/avdct.o
2026-10-05T08:48:10.9433410Z CC	libavcodec/avfft.o
2026-10-05T08:48:10.9433470Z CC	libavcodec/bitstream.o
2026-10-05T08:48:10.9433540Z CC	libavcodec/bitstream_filters.o
2026-10-05T08:48:10.9433590Z CC	libavcodec/bsf.o
2026-10-05T08:48:10.9433680Z CC	libavcodec/bsf/aac_adtstoasc.o
2026-10-05T08:48:10.9433770Z CC	libavcodec/bsf/h264_mp4toannexb.o
2026-10-05T08:48:10.9433830Z CC	libavcodec/bsf/hevc_mp4toannexb.o
2026-10-05T08:48:10.9433900Z CC	libavcodec/bsf/pgs_frame_merge.o
2026-10-05T08:48:10.9434080Z CC	libavcodec/bsf/vp9_superframe.o
2026-10-05T08:48:10.9434150Z CC	libavcodec/bsf/vvc_mp4toannexb.o
2026-10-05T08:48:10.9434220Z CC	libavcodec/bswapdsp.o
2026-10-05T08:48:10.9434270Z CC	libavcodec/cabac.o
2026-10-05T08:48:10.9434320Z CC	libavcodec/cbs.o
2026-10-05T08:48:10.9434380Z CC	libavcodec/cbs_av1.o
2026-10-05T08:48:10.9434440Z CC	libavcodec/cbs_bsf.o
2026-10-05T08:48:10.9434500Z CC	libavcodec/codec_desc.o
2026-10-05T08:48:10.9434560Z CC	libavcodec/codec_par.o
2026-10-05T08:48:10.9434620Z CC	libavcodec/container_fifo.o
2026-10-05T08:48:10.9434780Z CC	libavcodec/d3d11va.o
2026-10-05T08:48:10.9434910Z CC	libavcodec/dct32_fixed.o
2026-10-05T08:48:10.9434990Z CC	libavcodec/dct32_float.o
2026-10-05T08:48:10.9435070Z CC	libavcodec/decode.o
2026-10-05T08:48:10.9435130Z CC	libavcodec/dirac.o
2026-10-05T08:48:10.9435190Z CC	libavcodec/dovi_rpu.o
2026-10-05T08:48:10.9435250Z CC	libavcodec/dovi_rpudec.o
2026-10-05T08:48:10.9435310Z CC	libavcodec/dv_profile.o
2026-10-05T08:48:10.9435390Z CC	libavcodec/dynamic_hdr_vivid.o
2026-10-05T08:48:10.9435470Z CC	libavcodec/encode.o
2026-10-05T08:48:10.9435540Z CC	libavcodec/error_resilience.o
2026-10-05T08:48:10.9435600Z CC	libavcodec/faandct.o
2026-10-05T08:48:10.9435660Z CC	libavcodec/faanidct.o
2026-10-05T08:48:10.9435710Z CC	libavcodec/fdctdsp.o
2026-10-05T08:48:10.9435770Z CC	libavcodec/flac.o
2026-10-05T08:48:10.9435830Z CC	libavcodec/flac_parser.o
2026-10-05T08:48:10.9435890Z CC	libavcodec/flacdata.o
2026-10-05T08:48:10.9435940Z CC	libavcodec/flacdec.o
2026-10-05T08:48:10.9436000Z CC	libavcodec/flacdsp.o
2026-10-05T08:48:10.9436070Z CC	libavcodec/frame_thread_encoder.o
2026-10-05T08:48:10.9436130Z CC	libavcodec/get_buffer.o
2026-10-05T08:48:10.9436180Z CC	libavcodec/golomb.o
2026-10-05T08:48:10.9436240Z CC	libavcodec/h2645_parse.o
2026-10-05T08:48:10.9436300Z CC	libavcodec/h2645_sei.o
2026-10-05T08:48:10.9436360Z CC	libavcodec/h2645_vui.o
2026-10-05T08:48:10.9436410Z CC	libavcodec/h2645data.o
2026-10-05T08:48:10.9436470Z CC	libavcodec/h264_cabac.o
2026-10-05T08:48:10.9436530Z CC	libavcodec/h264_cavlc.o
2026-10-05T08:48:10.9436590Z CC	libavcodec/h264_direct.o
2026-10-05T08:48:10.9436660Z CC	libavcodec/h264_loopfilter.o
2026-10-05T08:48:10.9436710Z CC	libavcodec/h264_mb.o
2026-10-05T08:48:10.9436770Z CC	libavcodec/h264_parse.o
2026-10-05T08:48:10.9436930Z CC	libavcodec/h264_parser.o
2026-10-05T08:48:10.9437090Z CC	libavcodec/h264_picture.o
2026-10-05T08:48:10.9437220Z CC	libavcodec/h264_ps.o
2026-10-05T08:48:10.9437300Z CC	libavcodec/h264_refs.o
2026-10-05T08:48:10.9437370Z CC	libavcodec/h264_sei.o
2026-10-05T08:48:10.9437440Z CC	libavcodec/h264_slice.o
2026-10-05T08:48:10.9437500Z CC	libavcodec/h264chroma.o
2026-10-05T08:48:10.9437560Z CC	libavcodec/h264data.o
2026-10-05T08:48:10.9437690Z CC	libavcodec/h264dec.o
2026-10-05T08:48:10.9437760Z CC	libavcodec/h264dsp.o
2026-10-05T08:48:10.9437890Z CC	libavcodec/h264idct.o
2026-10-05T08:48:10.9437980Z CC	libavcodec/h264pred.o
2026-10-05T08:48:10.9438060Z CC	libavcodec/h264qpel.o
2026-10-05T08:48:10.9438120Z CC	libavcodec/h274.o
2026-10-05T08:48:10.9438190Z CC	libavcodec/hevc/cabac.o
2026-10-05T08:48:10.9438250Z CC	libavcodec/hevc/data.o
2026-10-05T08:48:10.9438410Z CC	libavcodec/hevc/dsp.o
2026-10-05T08:48:10.9438540Z CC	libavcodec/hevc/filter.o
2026-10-05T08:48:10.9438620Z CC	libavcodec/hevc/hevcdec.o
2026-10-05T08:48:10.9438700Z CC	libavcodec/hevc/mvs.o
2026-10-05T08:48:10.9438770Z CC	libavcodec/hevc/parse.o
2026-10-05T08:48:10.9438830Z CC	libavcodec/hevc/pred.o
2026-10-05T08:48:10.9438890Z CC	libavcodec/hevc/ps.o
2026-10-05T08:48:10.9439040Z CC	libavcodec/hevc/refs.o
2026-10-05T08:48:10.9439170Z CC	libavcodec/hevc/sei.o
2026-10-05T08:48:10.9439240Z CC	libavcodec/idctdsp.o
2026-10-05T08:48:10.9439310Z CC	libavcodec/imgconvert.o
2026-10-05T08:48:10.9439390Z CC	libavcodec/jfdctfst.o
2026-10-05T08:48:10.9439460Z CC	libavcodec/jfdctint.o
2026-10-05T08:48:10.9439520Z CC	libavcodec/jni.o
2026-10-05T08:48:10.9439570Z CC	libavcodec/jrevdct.o
2026-10-05T08:48:10.9439650Z CC	libavcodec/lcevcdec.o
2026-10-05T08:48:10.9439710Z CC	libavcodec/libdav1d.o
2026-10-05T08:48:10.9439850Z CC	libavcodec/libopus.o
2026-10-05T08:48:10.9439920Z CC	libavcodec/libopusdec.o
2026-10-05T08:48:10.9439980Z CC	libavcodec/libvpxdec.o
2026-10-05T08:48:10.9440050Z CC	libavcodec/libvpxenc.o
2026-10-05T08:48:10.9440120Z CC	libavcodec/mathtables.o
2026-10-05T08:48:10.9440180Z CC	libavcodec/me_cmp.o
2026-10-05T08:48:10.9440240Z CC	libavcodec/mediacodec.o
2026-10-05T08:48:10.9440300Z CC	libavcodec/mpeg12framerate.o
2026-10-05T08:48:10.9440360Z CC	libavcodec/mpeg4audio.o
2026-10-05T08:48:10.9440440Z CC	libavcodec/mpeg4audio_sample_rates.o
2026-10-05T08:48:10.9440510Z CC	libavcodec/mpegaudio.o
2026-10-05T08:48:10.9440580Z CC	libavcodec/mpegaudio_parser.o
2026-10-05T08:48:10.9440650Z CC	libavcodec/mpegaudiodata.o
2026-10-05T08:48:10.9440720Z CC	libavcodec/mpegaudiodec_common.o
2026-10-05T08:48:10.9440790Z CC	libavcodec/mpegaudiodec_fixed.o
2026-10-05T08:48:10.9440860Z CC	libavcodec/mpegaudiodecheader.o
2026-10-05T08:48:10.9440920Z CC	libavcodec/mpegaudiodsp.o
2026-10-05T08:48:10.9441000Z CC	libavcodec/mpegaudiodsp_data.o
2026-10-05T08:48:10.9441060Z CC	libavcodec/mpegaudiodsp_fixed.o
2026-10-05T08:48:10.9441130Z CC	libavcodec/mpegaudiodsp_float.o
2026-10-05T08:48:10.9441190Z CC	libavcodec/mpegaudiotabs.o
2026-10-05T08:48:10.9441260Z CC	libavcodec/options.o
2026-10-05T08:48:10.9441320Z CC	libavcodec/packet.o
2026-10-05T08:48:10.9441380Z CC	libavcodec/parser.o
2026-10-05T08:48:10.9441430Z CC	libavcodec/parsers.o
2026-10-05T08:48:10.9441490Z CC	libavcodec/pcm.o
2026-10-05T08:48:10.9441550Z CC	libavcodec/profiles.o
2026-10-05T08:48:10.9441600Z CC	libavcodec/pthread.o
2026-10-05T08:48:10.9441660Z CC	libavcodec/pthread_frame.o
2026-10-05T08:48:10.9441740Z CC	libavcodec/pthread_slice.o
2026-10-05T08:48:10.9441800Z CC	libavcodec/qsv_api.o
2026-10-05T08:48:10.9441850Z CC	libavcodec/raw.o
2026-10-05T08:48:10.9441910Z CC	libavcodec/refstruct.o
2026-10-05T08:48:10.9441980Z CC	libavcodec/simple_idct.o
2026-10-05T08:48:10.9442030Z CC	libavcodec/startcode.o
2026-10-05T08:48:10.9442100Z CC	libavcodec/threadprogress.o
2026-10-05T08:48:10.9442160Z CC	libavcodec/utils.o
2026-10-05T08:48:10.9442210Z CC	libavcodec/version.o
2026-10-05T08:48:10.9442270Z CC	libavcodec/videodsp.o
2026-10-05T08:48:10.9442330Z CC	libavcodec/videotoolbox.o
2026-10-05T08:48:10.9442390Z CC	libavcodec/vlc.o
2026-10-05T08:48:10.9442540Z CC	libavcodec/vorbis_data.o
2026-10-05T08:48:10.9442600Z CC	libavcodec/vorbis_parser.o
2026-10-05T08:48:10.9442660Z CC	libavcodec/xiph.o
2026-10-05T08:48:10.9442740Z CC	libswresample/aarch64/audio_convert_init.o
2026-10-05T08:48:10.9442820Z AS	libswresample/aarch64/audio_convert_neon.o
2026-10-05T08:48:10.9442890Z AS	libswresample/aarch64/resample.o
2026-10-05T08:48:10.9442970Z CC	libswresample/aarch64/resample_init.o
2026-10-05T08:48:10.9443030Z CC	libswresample/audioconvert.o
2026-10-05T08:48:10.9443090Z CC	libswresample/dither.o
2026-10-05T08:48:10.9443150Z CC	libswresample/options.o
2026-10-05T08:48:10.9443210Z CC	libswresample/rematrix.o
2026-10-05T08:48:10.9443270Z CC	libswresample/resample.o
2026-10-05T08:48:10.9443340Z CC	libswresample/resample_dsp.o
2026-10-05T08:48:10.9443410Z CC	libswresample/swresample.o
2026-10-05T08:48:10.9443490Z CC	libswresample/swresample_frame.o
2026-10-05T08:48:10.9443560Z CC	libswresample/version.o
2026-10-05T08:48:10.9443620Z CC	libavutil/aarch64/cpu.o
2026-10-05T08:48:10.9443700Z CC	libavutil/aarch64/float_dsp_init.o
2026-10-05T08:48:10.9443780Z AS	libavutil/aarch64/float_dsp_neon.o
2026-10-05T08:48:10.9443840Z CC	libavutil/aarch64/tx_float_init.o
2026-10-05T08:48:10.9443910Z AS	libavutil/aarch64/tx_float_neon.o
2026-10-05T08:48:10.9443960Z CC	libavutil/adler32.o
2026-10-05T08:48:10.9444020Z CC	libavutil/aes.o
2026-10-05T08:48:10.9444070Z CC	libavutil/aes_ctr.o
2026-10-05T08:48:10.9444150Z CC	libavutil/ambient_viewing_environment.o
2026-10-05T08:48:10.9444210Z CC	libavutil/audio_fifo.o
2026-10-05T08:48:10.9444260Z CC	libavutil/avsscanf.o
2026-10-05T08:48:10.9444320Z CC	libavutil/avstring.o
2026-10-05T08:48:10.9444370Z CC	libavutil/base64.o
2026-10-05T08:48:10.9444840Z CC	libavutil/blowfish.o
2026-10-05T08:48:10.9444920Z CC	libavutil/bprint.o
2026-10-05T08:48:10.9444980Z CC	libavutil/buffer.o
2026-10-05T08:48:10.9445030Z CC	libavutil/camellia.o
2026-10-05T08:48:10.9445090Z CC	libavutil/cast5.o
2026-10-05T08:48:10.9445150Z CC	libavutil/channel_layout.o
2026-10-05T08:48:10.9445210Z CC	libavutil/cpu.o
2026-10-05T08:48:10.9445260Z CC	libavutil/crc.o
2026-10-05T08:48:10.9445310Z CC	libavutil/csp.o
2026-10-05T08:48:10.9445380Z CC	libavutil/des.o
2026-10-05T08:48:10.9445450Z CC	libavutil/detection_bbox.o
2026-10-05T08:48:10.9445500Z CC	libavutil/dict.o
2026-10-05T08:48:10.9445560Z CC	libavutil/display.o
2026-10-05T08:48:10.9445610Z CC	libavutil/dovi_meta.o
2026-10-05T08:48:10.9445680Z CC	libavutil/downmix_info.o
2026-10-05T08:48:10.9445740Z CC	libavutil/encryption_info.o
2026-10-05T08:48:10.9445790Z CC	libavutil/error.o
2026-10-05T08:48:10.9445840Z CC	libavutil/eval.o
2026-10-05T08:48:10.9445900Z CC	libavutil/executor.o
2026-10-05T08:48:10.9445950Z CC	libavutil/fifo.o
2026-10-05T08:48:10.9446010Z CC	libavutil/file.o
2026-10-05T08:48:10.9446070Z CC	libavutil/file_open.o
2026-10-05T08:48:10.9446130Z CC	libavutil/film_grain_params.o
2026-10-05T08:48:10.9446190Z CC	libavutil/fixed_dsp.o
2026-10-05T08:48:10.9446250Z CC	libavutil/float_dsp.o
2026-10-05T08:48:10.9446310Z CC	libavutil/frame.o
2026-10-05T08:48:10.9446360Z CC	libavutil/hash.o
2026-10-05T08:48:10.9446430Z CC	libavutil/hdr_dynamic_metadata.o
2026-10-05T08:48:10.9446500Z CC	libavutil/hdr_dynamic_vivid_metadata.o
2026-10-05T08:48:10.9446560Z CC	libavutil/hmac.o
2026-10-05T08:48:10.9446610Z CC	libavutil/hwcontext.o
2026-10-05T08:48:10.9446680Z CC	libavutil/hwcontext_stub.o
2026-10-05T08:48:10.9446750Z CC	libavutil/hwcontext_videotoolbox.o
2026-10-05T08:48:10.9446800Z CC	libavutil/iamf.o
2026-10-05T08:48:10.9446850Z CC	libavutil/imgutils.o
2026-10-05T08:48:10.9446910Z CC	libavutil/integer.o
2026-10-05T08:48:10.9446960Z CC	libavutil/intmath.o
2026-10-05T08:48:10.9447020Z CC	libavutil/lfg.o
2026-10-05T08:48:10.9447070Z CC	libavutil/lls.o
2026-10-05T08:48:10.9447120Z CC	libavutil/log.o
2026-10-05T08:48:10.9447180Z CC	libavutil/log2_tab.o
2026-10-05T08:48:10.9447230Z CC	libavutil/lzo.o
2026-10-05T08:48:10.9447300Z CC	libavutil/mastering_display_metadata.o
2026-10-05T08:48:10.9447360Z CC	libavutil/mathematics.o
2026-10-05T08:48:10.9447500Z CC	libavutil/md5.o
2026-10-05T08:48:10.9447580Z CC	libavutil/mem.o
2026-10-05T08:48:10.9447630Z CC	libavutil/murmur3.o
2026-10-05T08:48:10.9447690Z CC	libavutil/opt.o
2026-10-05T08:48:10.9447750Z CC	libavutil/parseutils.o
2026-10-05T08:48:10.9447800Z CC	libavutil/pixdesc.o
2026-10-05T08:48:10.9447860Z CC	libavutil/pixelutils.o
2026-10-05T08:48:10.9447920Z CC	libavutil/random_seed.o
2026-10-05T08:48:10.9447970Z CC	libavutil/rational.o
2026-10-05T08:48:10.9448030Z CC	libavutil/rc4.o
2026-10-05T08:48:10.9448080Z CC	libavutil/reverse.o
2026-10-05T08:48:10.9448140Z CC	libavutil/ripemd.o
2026-10-05T08:48:10.9448200Z CC	libavutil/samplefmt.o
2026-10-05T08:48:10.9448250Z CC	libavutil/sha.o
2026-10-05T08:48:10.9448300Z CC	libavutil/sha512.o
2026-10-05T08:48:10.9448370Z CC	libavutil/slicethread.o
2026-10-05T08:48:10.9448420Z CC	libavutil/spherical.o
2026-10-05T08:48:10.9448480Z CC	libavutil/stereo3d.o
2026-10-05T08:48:10.9448530Z CC	libavutil/tea.o
2026-10-05T08:48:10.9448600Z CC	libavutil/threadmessage.o
2026-10-05T08:48:10.9448660Z CC	libavutil/time.o
2026-10-05T08:48:10.9448710Z CC	libavutil/timecode.o
2026-10-05T08:48:10.9448770Z CC	libavutil/timestamp.o
2026-10-05T08:48:10.9448820Z CC	libavutil/tree.o
2026-10-05T08:48:10.9448880Z CC	libavutil/twofish.o
2026-10-05T08:48:10.9448930Z CC	libavutil/tx.o
2026-10-05T08:48:10.9448990Z CC	libavutil/tx_double.o
2026-10-05T08:48:10.9449040Z CC	libavutil/tx_float.o
2026-10-05T08:48:10.9449100Z CC	libavutil/tx_int32.o
2026-10-05T08:48:10.9449150Z CC	libavutil/utils.o
2026-10-05T08:48:10.9449220Z CC	libavutil/uuid.o
2026-10-05T08:48:10.9449290Z CC	libavutil/version.o
2026-10-05T08:48:10.9449360Z CC	libavutil/video_enc_params.o
2026-10-05T08:48:10.9449420Z CC	libavutil/video_hint.o
2026-10-05T08:48:10.9449560Z CC	libavutil/xga_font_data.o
2026-10-05T08:48:10.9449620Z CC	libavutil/xtea.o
2026-10-05T08:48:10.9449700Z INSTALL	libavformat/libavformat.pc
2026-10-05T08:48:10.9449760Z INSTALL	libavcodec/libavcodec.pc
2026-10-05T08:48:10.9449840Z INSTALL	libswresample/libswresample.pc
2026-10-05T08:48:10.9449910Z INSTALL	libavutil/libavutil.pc
2026-10-05T08:48:10.9449980Z INSTALL	libavformat/libavformat.a
2026-10-05T08:48:10.9450050Z AR	libavcodec/libavcodec.a
2026-10-05T08:48:10.9450110Z AR	libswresample/libswresample.a
2026-10-05T08:48:10.9450170Z AR	libavutil/libavutil.a
2026-10-05T08:48:10.9450240Z INSTALL	libswresample/libswresample.a
2026-10-05T08:48:10.9450300Z INSTALL	libavutil/libavutil.a
2026-10-05T08:48:10.9450370Z INSTALL	libavcodec/libavcodec.a
2026-10-05T08:48:10.9450560Z /private/var/tmp/_bazel_telegram_ios/29e64aec8f64c22cffe1a8ef8cee6a69/execroot/_main
2026-10-05T08:48:10.9453560Z UPDATED_LIBS_HASH= arm64//private/var/tmp/_bazel_telegram_ios/29e64aec8f64c22cffe1a8ef8cee6a69/execroot/_main/bazel-out/ios_arm64-opt-ios-arm64-min13.0-ST-57b073d392e5/bin/submodules/ffmpeg/build/thin/arm64/lib/libavcodec.a:6ee66363 arm64//private/var/tmp/_bazel_telegram_ios/29e64aec8f64c22cffe1a8ef8cee6a69/execroot/_main/bazel-out/ios_arm64-opt-ios-arm64-min13.0-ST-57b073d392e5/bin/submodules/ffmpeg/build/thin/arm64/lib/libavformat.a:17d48612 arm64//private/var/tmp/_bazel_telegram_ios/29e64aec8f64c22cffe1a8ef8cee6a69/execroot/_main/bazel-out/ios_arm64-opt-ios-arm64-min13.0-ST-57b073d392e5/bin/submodules/ffmpeg/build/thin/arm64/lib/libavutil.a:fae6b22e arm64//private/var/tmp/_bazel_telegram_ios/29e64aec8f64c22cffe1a8ef8cee6a69/execroot/_main/bazel-out/ios_arm64-opt-ios-arm64-min13.0-ST-57b073d392e5/bin/submodules/ffmpeg/build/thin/arm64/lib/libswresample.a:b9b38d98
2026-10-05T08:48:10.9453640Z LIBS_HASH=
2026-10-05T08:48:10.9454190Z building fat binaries in /private/var/tmp/_bazel_telegram_ios/29e64aec8f64c22cffe1a8ef8cee6a69/execroot/_main/bazel-out/ios_arm64-opt-ios-arm64-min13.0-ST-57b073d392e5/bin/submodules/ffmpeg/build/FFmpeg-iOS
2026-10-05T08:48:10.9454970Z LIPO_INPUT command find "/private/var/tmp/_bazel_telegram_ios/29e64aec8f64c22cffe1a8ef8cee6a69/execroot/_main/bazel-out/ios_arm64-opt-ios-arm64-min13.0-ST-57b073d392e5/bin/submodules/ffmpeg/build/thin" -name "libavcodec.a"
2026-10-05T08:48:10.9455970Z LIPO_INPUT command find "/private/var/tmp/_bazel_telegram_ios/29e64aec8f64c22cffe1a8ef8cee6a69/execroot/_main/bazel-out/ios_arm64-opt-ios-arm64-min13.0-ST-57b073d392e5/bin/submodules/ffmpeg/build/thin" -name "libavformat.a"
2026-10-05T08:48:10.9457510Z LIPO_INPUT command find "/private/var/tmp/_bazel_telegram_ios/29e64aec8f64c22cffe1a8ef8cee6a69/execroot/_main/bazel-out/ios_arm64-opt-ios-arm64-min13.0-ST-57b073d392e5/bin/submodules/ffmpeg/build/thin" -name "libavutil.a"
2026-10-05T08:48:10.9488090Z LIPO_INPUT command find "/private/var/tmp/_bazel_telegram_ios/29e64aec8f64c22cffe1a8ef8cee6a69/execroot/_main/bazel-out/ios_arm64-opt-ios-arm64-min13.0-ST-57b073d392e5/bin/submodules/ffmpeg/build/thin" -name "libswresample.a"
2026-10-05T08:48:10.9488790Z Done
2026-10-05T08:48:10.9489130Z [2,558 / 5,748] Compiling Swift module //submodules/TelegramApi:TelegramApi; 67s disk-cache, worker ... (3 actions, 2 running)
2026-10-05T08:48:10.9489790Z [2,615 / 5,748] Compiling Swift module //submodules/TelegramApi:TelegramApi; 68s disk-cache, worker ... (3 actions, 2 running)
2026-10-05T08:48:10.9490090Z [2,675 / 5,748] Compiling Swift module //submodules/TelegramApi:TelegramApi; 69s disk-cache, worker ... (3 actions, 2 running)
2026-10-05T08:48:11.1118370Z [2,764 / 5,748] Compiling Swift module //submodules/TelegramApi:TelegramApi; 70s disk-cache, worker ... (3 actions, 2 running)
2026-10-05T08:48:12.1178510Z [2,854 / 5,748] Compiling Swift module //submodules/TelegramApi:TelegramApi; 71s disk-cache, worker ... (3 actions, 2 running)
2026-10-05T08:48:13.1184990Z [2,948 / 5,748] Compiling Swift module //submodules/TelegramApi:TelegramApi; 72s disk-cache, worker ... (3 actions, 2 running)
2026-10-05T08:48:14.1200830Z [3,037 / 5,748] Compiling Swift module //submodules/TelegramApi:TelegramApi; 73s disk-cache, worker ... (3 actions, 2 running)
2026-10-05T08:48:15.1514340Z [3,093 / 5,748] Compiling Swift module //submodules/TelegramApi:TelegramApi; 74s disk-cache, worker ... (3 actions, 2 running)
2026-10-05T08:48:16.1424040Z [3,136 / 5,748] Compiling Swift module //submodules/TelegramApi:TelegramApi; 75s disk-cache, worker ... (3 actions, 2 running)
2026-10-05T08:48:17.1386880Z [3,198 / 5,748] Compiling Swift module //submodules/TelegramApi:TelegramApi; 76s disk-cache, worker ... (3 actions, 2 running)
2026-10-05T08:48:18.1503950Z [3,258 / 5,748] Compiling Swift module //submodules/TelegramApi:TelegramApi; 77s disk-cache, worker ... (3 actions, 2 running)
2026-10-05T08:48:19.1547550Z [3,322 / 5,748] Compiling Swift module //submodules/TelegramApi:TelegramApi; 78s disk-cache, worker ... (3 actions, 2 running)
2026-10-05T08:48:20.1596430Z [3,403 / 5,748] Compiling Swift module //submodules/TelegramApi:TelegramApi; 79s disk-cache, worker ... (3 actions, 2 running)
2026-10-05T08:48:21.1614040Z [3,474 / 5,748] Compiling Swift module //submodules/TelegramApi:TelegramApi; 80s disk-cache, worker ... (3 actions, 2 running)
2026-10-05T08:48:22.1627130Z [3,554 / 5,748] Compiling Swift module //submodules/TelegramApi:TelegramApi; 81s disk-cache, worker ... (3 actions, 2 running)
2026-10-05T08:48:23.1649810Z [3,625 / 5,748] Compiling Swift module //submodules/TelegramApi:TelegramApi; 82s disk-cache, worker ... (3 actions, 2 running)
2026-10-05T08:48:24.1823760Z [3,670 / 5,748] Compiling Swift module //submodules/TelegramApi:TelegramApi; 83s disk-cache, worker ... (3 actions, 2 running)
2026-10-05T08:48:25.2141280Z [3,715 / 5,748] Compiling Swift module //submodules/TelegramApi:TelegramApi; 84s disk-cache, worker ... (3 actions, 2 running)
2026-10-05T08:48:26.2356230Z [3,757 / 5,748] Compiling Swift module //submodules/TelegramApi:TelegramApi; 85s disk-cache, worker ... (3 actions, 2 running)
2026-10-05T08:48:27.2312250Z [3,821 / 5,748] Compiling Swift module //submodules/TelegramApi:TelegramApi; 86s disk-cache, worker ... (3 actions, 2 running)
2026-10-05T08:48:28.4388030Z [3,861 / 5,748] Compiling Swift module //submodules/TelegramApi:TelegramApi; 87s disk-cache, worker ... (3 actions running)
2026-10-05T08:48:29.5291700Z [3,864 / 5,748] Compiling Swift module //submodules/TelegramApi:TelegramApi; 88s disk-cache, worker ... (3 actions running)
2026-10-05T08:48:30.6074310Z [3,866 / 5,748] Compiling Swift module //submodules/TelegramApi:TelegramApi; 89s disk-cache, worker ... (3 actions running)
2026-10-05T08:48:33.1899400Z [3,867 / 5,748] Compiling Swift module //submodules/TelegramApi:TelegramApi; 92s disk-cache, worker ... (3 actions, 2 running)
2026-10-05T08:48:34.5482110Z [3,870 / 5,748] Compiling Swift module //submodules/TelegramApi:TelegramApi; 93s disk-cache, worker ... (3 actions, 2 running)
2026-10-05T08:48:35.6238510Z [3,872 / 5,748] Compiling Swift module //submodules/TelegramApi:TelegramApi; 94s disk-cache, worker ... (3 actions, 2 running)
2026-10-05T08:48:36.8798950Z [3,873 / 5,748] Compiling Swift module //submodules/TelegramApi:TelegramApi; 95s disk-cache, worker ... (3 actions, 2 running)
2026-10-05T08:48:38.0845600Z [3,874 / 5,748] Compiling Swift module //submodules/TelegramApi:TelegramApi; 97s disk-cache, worker ... (3 actions running)
2026-10-05T08:48:39.1745750Z [3,875 / 5,748] Compiling Swift module //submodules/TelegramApi:TelegramApi; 98s disk-cache, worker ... (3 actions running)
2026-10-05T08:48:40.2389240Z [3,877 / 5,748] Compiling Swift module //submodules/TelegramApi:TelegramApi; 99s disk-cache, worker ... (3 actions running)
2026-10-05T08:48:41.3976080Z [3,880 / 5,748] Compiling Swift module //submodules/TelegramApi:TelegramApi; 100s disk-cache, worker ... (3 actions running)
2026-10-05T08:48:42.4727020Z [3,882 / 5,748] Compiling Swift module //submodules/TelegramApi:TelegramApi; 101s disk-cache, worker ... (3 actions running)
2026-10-05T08:48:43.5972210Z [3,885 / 5,748] Compiling Swift module //submodules/TelegramApi:TelegramApi; 102s disk-cache, worker ... (3 actions running)
2026-10-05T08:48:44.6370410Z [3,887 / 5,748] Compiling Swift module //submodules/TelegramApi:TelegramApi; 103s disk-cache, worker ... (3 actions, 2 running)
2026-10-05T08:48:45.8424840Z [3,890 / 5,748] Compiling Swift module //submodules/TelegramApi:TelegramApi; 104s disk-cache, worker ... (3 actions running)
2026-10-05T08:48:46.8570180Z [3,893 / 5,748] Compiling Swift module //submodules/TelegramApi:TelegramApi; 105s disk-cache, worker ... (3 actions running)
2026-10-05T08:48:48.0145420Z [3,895 / 5,748] Compiling Swift module //submodules/TelegramApi:TelegramApi; 106s disk-cache, worker ... (3 actions running)
2026-10-05T08:48:49.1650180Z [3,898 / 5,748] Compiling Swift module //submodules/TelegramApi:TelegramApi; 108s disk-cache, worker ... (3 actions running)
2026-10-05T08:48:50.3170920Z [3,900 / 5,748] Compiling Swift module //submodules/TelegramApi:TelegramApi; 109s disk-cache, worker ... (3 actions running)
2026-10-05T08:48:51.4909030Z [3,901 / 5,748] Compiling Swift module //submodules/TelegramApi:TelegramApi; 110s disk-cache, worker ... (3 actions, 2 running)
2026-10-05T08:48:52.5843520Z [3,902 / 5,748] Compiling Swift module //submodules/TelegramApi:TelegramApi; 111s disk-cache, worker ... (3 actions running)
2026-10-05T08:48:53.6077780Z [3,904 / 5,748] Compiling Swift module //submodules/TelegramApi:TelegramApi; 112s disk-cache, worker ... (3 actions running)
2026-10-05T08:48:54.6305640Z [3,906 / 5,748] Compiling Swift module //submodules/TelegramApi:TelegramApi; 113s disk-cache, worker ... (3 actions running)
2026-10-05T08:48:55.6315460Z [3,907 / 5,748] Compiling Swift module //submodules/TelegramApi:TelegramApi; 114s disk-cache, worker ... (3 actions running)
2026-10-05T08:48:56.7795730Z [3,908 / 5,748] Compiling Swift module //submodules/TelegramApi:TelegramApi; 115s disk-cache, worker ... (3 actions running)
2026-10-05T08:48:57.7803310Z [3,910 / 5,748] Compiling Swift module //submodules/TelegramApi:TelegramApi; 116s disk-cache, worker ... (3 actions running)
2026-10-05T08:48:59.9206310Z [3,911 / 5,748] Compiling Swift module //submodules/TelegramApi:TelegramApi; 118s disk-cache, worker ... (3 actions, 2 running)
2026-10-05T08:49:01.1418390Z [3,912 / 5,748] Compiling Swift module //submodules/TelegramApi:TelegramApi; 120s disk-cache, worker ... (3 actions running)
2026-10-05T08:49:02.2992980Z [3,914 / 5,748] Compiling Swift module //submodules/TelegramApi:TelegramApi; 121s disk-cache, worker ... (3 actions running)
2026-10-05T08:49:03.2995700Z [3,916 / 5,748] Compiling Swift module //submodules/TelegramApi:TelegramApi; 122s disk-cache, worker ... (3 actions, 2 running)
2026-10-05T08:49:04.3809010Z [3,916 / 5,748] Compiling Swift module //submodules/TelegramApi:TelegramApi; 123s disk-cache, worker ... (3 actions running)
2026-10-05T08:49:06.1664670Z [3,917 / 5,748] Compiling Swift module //submodules/TelegramApi:TelegramApi; 125s disk-cache, worker ... (3 actions, 2 running)
2026-10-05T08:49:07.4299380Z [3,920 / 5,748] Compiling Swift module //submodules/TelegramApi:TelegramApi; 126s disk-cache, worker ... (3 actions, 2 running)
2026-10-05T08:49:08.4335820Z [3,922 / 5,748] Compiling Swift module //submodules/TelegramApi:TelegramApi; 127s disk-cache, worker ... (3 actions, 2 running)
2026-10-05T08:49:09.8907280Z [3,922 / 5,748] Compiling Swift module //submodules/TelegramApi:TelegramApi; 128s disk-cache, worker ... (3 actions running)
2026-10-05T08:49:10.9699930Z [3,923 / 5,748] Compiling Swift module //submodules/TelegramApi:TelegramApi; 129s disk-cache, worker ... (3 actions running)
2026-10-05T08:49:12.1361130Z [3,925 / 5,748] Compiling Swift module //submodules/TelegramApi:TelegramApi; 131s disk-cache, worker ... (3 actions running)
2026-10-05T08:49:13.2583060Z [3,928 / 5,748] Compiling Swift module //submodules/TelegramApi:TelegramApi; 132s disk-cache, worker ... (3 actions running)
2026-10-05T08:49:14.3635730Z [3,929 / 5,748] Compiling Swift module //submodules/TelegramApi:TelegramApi; 133s disk-cache, worker ... (3 actions running)
2026-10-05T08:49:15.4453000Z [3,932 / 5,748] Compiling Swift module //submodules/TelegramApi:TelegramApi; 134s disk-cache, worker ... (3 actions, 2 running)
2026-10-05T08:49:16.5858180Z [3,934 / 5,748] Compiling Swift module //submodules/TelegramApi:TelegramApi; 135s disk-cache, worker ... (3 actions running)
2026-10-05T08:49:18.2712540Z [3,935 / 5,748] Compiling Swift module //submodules/TelegramApi:TelegramApi; 137s disk-cache, worker ... (3 actions, 2 running)
2026-10-05T08:49:19.2780400Z [3,938 / 5,748] Compiling Swift module //submodules/TelegramApi:TelegramApi; 138s disk-cache, worker ... (3 actions, 2 running)
2026-10-05T08:49:20.2844750Z [3,940 / 5,748] Compiling Swift module //submodules/TelegramApi:TelegramApi; 139s disk-cache, worker ... (3 actions, 2 running)
2026-10-05T08:49:21.9183980Z [3,942 / 5,748] Compiling Swift module //submodules/TelegramApi:TelegramApi; 140s disk-cache, worker ... (3 actions, 2 running)
2026-10-05T08:49:22.9343180Z [3,945 / 5,748] Compiling Swift module //submodules/TelegramApi:TelegramApi; 141s disk-cache, worker ... (3 actions, 2 running)
2026-10-05T08:49:24.0717480Z [3,946 / 5,748] Compiling Swift module //submodules/TelegramApi:TelegramApi; 143s disk-cache, worker ... (3 actions running)
2026-10-05T08:49:25.1713860Z [3,947 / 5,748] Compiling Swift module //submodules/TelegramApi:TelegramApi; 144s disk-cache, worker ... (3 actions running)
2026-10-05T08:49:26.2237600Z [3,949 / 5,748] Compiling Swift module //submodules/TelegramApi:TelegramApi; 145s disk-cache, worker ... (3 actions, 2 running)
2026-10-05T08:49:27.3497030Z [3,951 / 5,748] Compiling Swift module //submodules/TelegramApi:TelegramApi; 146s disk-cache, worker ... (3 actions running)
2026-10-05T08:49:28.4300870Z [3,953 / 5,748] Compiling Swift module //submodules/TelegramApi:TelegramApi; 147s disk-cache, worker ... (3 actions running)
2026-10-05T08:49:29.4667250Z [3,954 / 5,748] Compiling Swift module //submodules/TelegramApi:TelegramApi; 148s disk-cache, worker ... (3 actions running)
2026-10-05T08:49:30.6170230Z [3,956 / 5,748] Compiling Swift module //submodules/TelegramApi:TelegramApi; 149s disk-cache, worker ... (3 actions running)
2026-10-05T08:49:31.7103790Z [3,959 / 5,748] Compiling Swift module //submodules/TelegramApi:TelegramApi; 150s disk-cache, worker ... (3 actions running)
2026-10-05T08:49:32.8349530Z [3,961 / 5,748] Compiling Swift module //submodules/TelegramApi:TelegramApi; 151s disk-cache, worker ... (3 actions running)
2026-10-05T08:49:33.8791800Z [3,962 / 5,748] Compiling Swift module //submodules/TelegramApi:TelegramApi; 152s disk-cache, worker ... (3 actions running)
2026-10-05T08:49:35.0223010Z [3,963 / 5,748] Compiling Swift module //submodules/TelegramApi:TelegramApi; 153s disk-cache, worker ... (3 actions running)
2026-10-05T08:49:36.1767900Z [3,965 / 5,748] Compiling Swift module //submodules/TelegramApi:TelegramApi; 155s disk-cache, worker ... (3 actions running)
2026-10-05T08:49:37.2616020Z [3,967 / 5,748] Compiling Swift module //submodules/TelegramApi:TelegramApi; 156s disk-cache, worker ... (3 actions, 2 running)
2026-10-05T08:49:38.4626560Z [3,968 / 5,748] Compiling Swift module //submodules/TelegramApi:TelegramApi; 157s disk-cache, worker ... (3 actions running)
2026-10-05T08:49:39.5173690Z [3,970 / 5,748] Compiling Swift module //submodules/TelegramApi:TelegramApi; 158s disk-cache, worker ... (3 actions running)
2026-10-05T08:49:40.5595240Z [3,974 / 5,748] Compiling Swift module //submodules/TelegramApi:TelegramApi; 159s disk-cache, worker ... (3 actions, 2 running)
2026-10-05T08:49:41.6833520Z [3,976 / 5,748] Compiling Swift module //submodules/TelegramApi:TelegramApi; 160s disk-cache, worker ... (3 actions running)
2026-10-05T08:49:42.7347140Z [3,978 / 5,748] Compiling Swift module //submodules/TelegramApi:TelegramApi; 161s disk-cache, worker ... (3 actions running)
2026-10-05T08:49:43.7223470Z [3,979 / 5,748] Compiling Swift module //submodules/TelegramApi:TelegramApi; 162s disk-cache, worker ... (3 actions, 2 running)
2026-10-05T08:49:44.8919070Z [3,982 / 5,748] Compiling Swift module //submodules/TelegramApi:TelegramApi; 163s disk-cache, worker ... (3 actions running)
2026-10-05T08:49:46.0120370Z [3,984 / 5,748] Compiling Swift module //submodules/TelegramApi:TelegramApi; 164s disk-cache, worker ... (3 actions, 2 running)
2026-10-05T08:49:47.1398620Z [3,985 / 5,748] Compiling Swift module //submodules/TelegramApi:TelegramApi; 166s disk-cache, worker ... (3 actions running)
2026-10-05T08:49:48.1524610Z [3,987 / 5,748] Compiling Swift module //submodules/TelegramApi:TelegramApi; 167s disk-cache, worker ... (3 actions running)
2026-10-05T08:49:49.2121850Z [3,989 / 5,748] Compiling Swift module //submodules/TelegramApi:TelegramApi; 168s disk-cache, worker ... (3 actions running)
2026-10-05T08:49:50.3073070Z [3,990 / 5,748] Compiling Swift module //submodules/TelegramApi:TelegramApi; 169s disk-cache, worker ... (3 actions running)
2026-10-05T08:49:51.3566480Z [3,991 / 5,748] Compiling Swift module //submodules/TelegramApi:TelegramApi; 170s disk-cache, worker ... (3 actions, 2 running)
2026-10-05T08:49:52.4411830Z [3,995 / 5,748] Compiling Swift module //submodules/TelegramApi:TelegramApi; 171s disk-cache, worker ... (3 actions, 2 running)
2026-10-05T08:49:53.5568600Z [3,997 / 5,748] Compiling Swift module //submodules/TelegramApi:TelegramApi; 172s disk-cache, worker ... (3 actions, 2 running)
2026-10-05T08:49:54.6302970Z [4,000 / 5,748] Compiling Swift module //submodules/TelegramApi:TelegramApi; 173s disk-cache, worker ... (3 actions, 2 running)
2026-10-05T08:49:55.8881510Z [4,004 / 5,748] Compiling Swift module //submodules/TelegramApi:TelegramApi; 174s disk-cache, worker ... (3 actions running)
2026-10-05T08:49:56.9642180Z [4,010 / 5,748] Compiling Swift module //submodules/TelegramApi:TelegramApi; 175s disk-cache, worker ... (3 actions, 2 running)
2026-10-05T08:49:58.0285330Z [4,012 / 5,748] Compiling Swift module //submodules/TelegramApi:TelegramApi; 176s disk-cache, worker ... (3 actions running)
2026-10-05T08:49:59.1591300Z [4,015 / 5,748] Compiling Swift module //submodules/TelegramApi:TelegramApi; 178s disk-cache, worker ... (3 actions running)
2026-10-05T08:50:00.2113570Z [4,019 / 5,748] Compiling Swift module //submodules/TelegramApi:TelegramApi; 179s disk-cache, worker ... (3 actions, 2 running)
2026-10-05T08:50:01.3717640Z [4,022 / 5,748] Compiling Swift module //submodules/TelegramApi:TelegramApi; 180s disk-cache, worker ... (3 actions running)
2026-10-05T08:50:02.4138560Z [4,024 / 5,748] Compiling Swift module //submodules/TelegramApi:TelegramApi; 181s disk-cache, worker ... (3 actions running)
2026-10-05T08:50:03.4444010Z [4,027 / 5,748] Compiling Swift module //submodules/TelegramApi:TelegramApi; 182s disk-cache, worker ... (3 actions running)
2026-10-05T08:50:04.5827480Z [4,030 / 5,748] Compiling Swift module //submodules/TelegramApi:TelegramApi; 183s disk-cache, worker ... (3 actions running)
2026-10-05T08:50:05.7088240Z [4,033 / 5,748] Compiling Swift module //submodules/TelegramApi:TelegramApi; 184s disk-cache, worker ... (3 actions running)
2026-10-05T08:50:06.8600790Z [4,036 / 5,748] Compiling Swift module //submodules/TelegramApi:TelegramApi; 185s disk-cache, worker ... (3 actions running)
2026-10-05T08:50:07.9210110Z [4,038 / 5,748] Compiling Swift module //submodules/TelegramApi:TelegramApi; 186s disk-cache, worker ... (3 actions running)
2026-10-05T08:50:08.9612710Z [4,039 / 5,748] Compiling Swift module //submodules/TelegramApi:TelegramApi; 187s disk-cache, worker ... (3 actions running)
2026-10-05T08:50:09.9597350Z [4,042 / 5,748] Compiling Swift module //submodules/TelegramApi:TelegramApi; 188s disk-cache, worker ... (3 actions running)
2026-10-05T08:50:11.0838290Z [4,043 / 5,748] Compiling Swift module //submodules/TelegramApi:TelegramApi; 190s disk-cache, worker ... (3 actions running)
2026-10-05T08:50:12.2274960Z [4,045 / 5,748] Compiling Swift module //submodules/TelegramApi:TelegramApi; 191s disk-cache, worker ... (3 actions running)
2026-10-05T08:50:13.3385350Z [4,047 / 5,748] Compiling Swift module //submodules/TelegramApi:TelegramApi; 192s disk-cache, worker ... (3 actions running)
2026-10-05T08:50:14.3916320Z [4,049 / 5,748] Compiling Swift module //submodules/TelegramApi:TelegramApi; 193s disk-cache, worker ... (3 actions running)
2026-10-05T08:50:15.5320670Z [4,052 / 5,748] Compiling Swift module //submodules/TelegramApi:TelegramApi; 194s disk-cache, worker ... (3 actions running)
2026-10-05T08:50:16.6199090Z [4,053 / 5,748] Compiling Swift module //submodules/TelegramApi:TelegramApi; 195s disk-cache, worker ... (3 actions running)
2026-10-05T08:50:17.7767460Z [4,054 / 5,748] Compiling Swift module //submodules/TelegramApi:TelegramApi; 196s disk-cache, worker ... (3 actions running)
2026-10-05T08:50:18.8233660Z [4,056 / 5,748] Compiling Swift module //submodules/TelegramApi:TelegramApi; 197s disk-cache, worker ... (3 actions, 2 running)
2026-10-05T08:50:19.9672770Z [4,059 / 5,748] Compiling Swift module //submodules/TelegramApi:TelegramApi; 198s disk-cache, worker ... (3 actions running)
2026-10-05T08:50:20.9761730Z [4,061 / 5,748] Compiling Swift module //submodules/TelegramApi:TelegramApi; 199s disk-cache, worker ... (3 actions running)
2026-10-05T08:50:22.0014840Z [4,062 / 5,748] Compiling Swift module //submodules/TelegramApi:TelegramApi; 200s disk-cache, worker ... (3 actions running)
2026-10-05T08:50:23.1386710Z [4,063 / 5,748] Compiling Swift module //submodules/TelegramApi:TelegramApi; 202s disk-cache, worker ... (3 actions running)
2026-10-05T08:50:24.1655790Z [4,066 / 5,748] Compiling Swift module //submodules/TelegramApi:TelegramApi; 203s disk-cache, worker ... (3 actions, 2 running)
2026-10-05T08:50:25.4277090Z [4,067 / 5,748] Compiling Swift module //submodules/TelegramApi:TelegramApi; 204s disk-cache, worker ... (3 actions running)
2026-10-05T08:50:26.5419250Z [4,068 / 5,748] Compiling Swift module //submodules/TelegramApi:TelegramApi; 205s disk-cache, worker ... (3 actions running)
2026-10-05T08:50:27.5948410Z [4,071 / 5,748] Compiling Swift module //submodules/TelegramApi:TelegramApi; 206s disk-cache, worker ... (3 actions running)
2026-10-05T08:50:28.7388450Z [4,075 / 5,748] Compiling Swift module //submodules/TelegramApi:TelegramApi; 207s disk-cache, worker ... (3 actions running)
2026-10-05T08:50:29.8570780Z [4,078 / 5,748] Compiling Swift module //submodules/TelegramApi:TelegramApi; 208s disk-cache, worker ... (3 actions running)
2026-10-05T08:50:30.9835410Z [4,080 / 5,748] Compiling Swift module //submodules/TelegramApi:TelegramApi; 209s disk-cache, worker ... (3 actions running)
2026-10-05T08:50:32.2087440Z [4,081 / 5,748] Compiling Swift module //submodules/TelegramApi:TelegramApi; 211s disk-cache, worker ... (3 actions, 2 running)
2026-10-05T08:50:33.2603950Z [4,085 / 5,748] Compiling Swift module //submodules/TelegramApi:TelegramApi; 212s disk-cache, worker ... (3 actions running)
2026-10-05T08:50:34.3987650Z [4,088 / 5,748] Compiling Swift module //submodules/TelegramApi:TelegramApi; 213s disk-cache, worker ... (3 actions running)
2026-10-05T08:50:35.5084650Z [4,090 / 5,748] Compiling Swift module //submodules/TelegramApi:TelegramApi; 214s disk-cache, worker ... (3 actions running)
2026-10-05T08:50:36.6039910Z [4,091 / 5,748] Compiling Swift module //submodules/TelegramApi:TelegramApi; 215s disk-cache, worker ... (3 actions running)
2026-10-05T08:50:37.6855960Z [4,094 / 5,748] Compiling Swift module //submodules/TelegramApi:TelegramApi; 216s disk-cache, worker ... (3 actions running)
2026-10-05T08:50:38.7847170Z [4,096 / 5,748] Compiling Swift module //submodules/TelegramApi:TelegramApi; 217s disk-cache, worker ... (3 actions running)
2026-10-05T08:50:39.9266160Z [4,098 / 5,748] Compiling Swift module //submodules/TelegramApi:TelegramApi; 218s disk-cache, worker ... (3 actions running)
2026-10-05T08:50:41.0349510Z [4,101 / 5,748] Compiling Swift module //submodules/TelegramApi:TelegramApi; 219s disk-cache, worker ... (3 actions running)
2026-10-05T08:50:42.1807630Z [4,103 / 5,748] Compiling Swift module //submodules/TelegramApi:TelegramApi; 221s disk-cache, worker ... (3 actions running)
2026-10-05T08:50:43.8939240Z [4,104 / 5,748] Compiling Swift module //submodules/TelegramApi:TelegramApi; 222s disk-cache, worker ... (3 actions, 2 running)
2026-10-05T08:50:44.9906900Z [4,109 / 5,748] Compiling Swift module //submodules/TelegramApi:TelegramApi; 223s disk-cache, worker ... (3 actions, 2 running)
2026-10-05T08:50:46.3909990Z [4,113 / 5,748] Compiling Swift module //submodules/TelegramApi:TelegramApi; 225s disk-cache, worker ... (3 actions, 2 running)
2026-10-05T08:50:47.6782130Z [4,116 / 5,748] Compiling Swift module //submodules/TelegramApi:TelegramApi; 226s disk-cache, worker ... (3 actions running)
2026-10-05T08:50:48.6858090Z [4,118 / 5,748] Compiling Swift module //submodules/TelegramApi:TelegramApi; 227s disk-cache, worker ... (3 actions, 2 running)
2026-10-05T08:50:49.8382270Z [4,121 / 5,748] Compiling Swift module //submodules/TelegramApi:TelegramApi; 228s disk-cache, worker ... (3 actions running)
2026-10-05T08:50:50.9116070Z [4,145 / 5,748] Compiling Swift module //submodules/TelegramApi:TelegramApi; 229s disk-cache, worker ... (3 actions running)
2026-10-05T08:50:52.2654500Z [4,146 / 5,748] Compiling Swift module //submodules/TelegramApi:TelegramApi; 231s disk-cache, worker ... (3 actions, 2 running)
2026-10-05T08:50:53.2729470Z [4,191 / 5,748] Compiling Swift module //submodules/TelegramApi:TelegramApi; 232s disk-cache, worker ... (3 actions, 2 running)
2026-10-05T08:50:54.2858970Z [4,217 / 5,748] Compiling Swift module //submodules/TelegramApi:TelegramApi; 233s disk-cache, worker ... (3 actions, 2 running)
2026-10-05T08:50:54.3511630Z INFO: From Compiling submodules/Sunrise/Sources/EDSunriseSet.m:
2026-10-05T08:50:54.3631830Z submodules/Sunrise/Sources/EDSunriseSet.m:150:20: warning: variable 'zs' set but not used [-Wunused-but-set-variable]
2026-10-05T08:50:54.3688370Z   150 |     double xs, ys, zs;
2026-10-05T08:50:54.3692850Z       |                    ^
2026-10-05T08:50:54.3711670Z 1 warning generated.
2026-10-05T08:50:54.4961670Z INFO: From Compiling Telegram/GeneratedPresentationStrings/Sources/PresentationStrings.m:
2026-10-05T08:50:54.5064400Z bazel-out/ios_arm64-opt-ios-arm64-min13.0-ST-57b073d392e5/bin/Telegram/GeneratedPresentationStrings/Sources/PresentationStrings.m:249:36: warning: unused function 'getFormatted7' [-Wunused-function]
2026-10-05T08:50:54.5175670Z   249 | static _FormattedString * _Nonnull getFormatted7(_PresentationStrings * _Nonnull strings,
2026-10-05T08:50:54.5242900Z       |                                    ^~~~~~~~~~~~~
2026-10-05T08:50:54.5374380Z 1 warning generated.
2026-10-05T08:50:56.2366040Z [4,234 / 5,748] Compiling Swift module //submodules/TelegramApi:TelegramApi; 235s disk-cache, worker ... (3 actions running)
2026-10-05T08:50:57.2415880Z [4,237 / 5,748] Compiling Swift module //submodules/TelegramApi:TelegramApi; 236s disk-cache, worker ... (3 actions, 2 running)
2026-10-05T08:50:58.3998220Z [4,238 / 5,748] Compiling Swift module //submodules/TelegramApi:TelegramApi; 237s disk-cache, worker ... (3 actions, 2 running)
2026-10-05T08:50:59.4735860Z [4,241 / 5,748] Compiling Swift module //submodules/TelegramApi:TelegramApi; 238s disk-cache, worker ... (3 actions, 2 running)
2026-10-05T08:51:00.6046570Z [4,245 / 5,748] Compiling Swift module //submodules/TelegramApi:TelegramApi; 239s disk-cache, worker ... (3 actions, 2 running)
2026-10-05T08:51:01.7884370Z [4,248 / 5,748] Compiling Swift module //submodules/TelegramApi:TelegramApi; 240s disk-cache, worker ... (3 actions running)
2026-10-05T08:51:02.9161020Z [4,249 / 5,748] Compiling Swift module //submodules/TelegramApi:TelegramApi; 241s disk-cache, worker ... (3 actions running)
2026-10-05T08:51:04.0718900Z [4,253 / 5,748] Compiling Swift module //submodules/TelegramApi:TelegramApi; 243s disk-cache, worker ... (3 actions running)
2026-10-05T08:51:05.0701390Z [4,266 / 5,748] Compiling Swift module //submodules/TelegramApi:TelegramApi; 244s disk-cache, worker ... (3 actions, 2 running)
2026-10-05T08:51:06.2864550Z [4,271 / 5,748] Compiling Swift module //submodules/TelegramApi:TelegramApi; 245s disk-cache, worker ... (3 actions, 2 running)
2026-10-05T08:51:07.3557870Z [4,274 / 5,748] Compiling Swift module //submodules/TelegramApi:TelegramApi; 246s disk-cache, worker ... (3 actions running)
2026-10-05T08:51:08.4188910Z [4,277 / 5,748] Compiling Swift module //submodules/TelegramApi:TelegramApi; 247s disk-cache, worker ... (3 actions running)
2026-10-05T08:51:09.4662040Z [4,285 / 5,748] Compiling Swift module //submodules/TelegramApi:TelegramApi; 248s disk-cache, worker ... (3 actions, 2 running)
2026-10-05T08:51:10.4872030Z [4,294 / 5,748] Compiling Swift module //submodules/TelegramApi:TelegramApi; 249s disk-cache, worker ... (3 actions, 2 running)
2026-10-05T08:51:11.5380960Z [4,300 / 5,748] Compiling Swift module //submodules/TelegramApi:TelegramApi; 250s disk-cache, worker ... (3 actions, 2 running)
2026-10-05T08:51:12.7217160Z [4,306 / 5,748] Compiling Swift module //submodules/TelegramApi:TelegramApi; 251s disk-cache, worker ... (3 actions running)
2026-10-05T08:51:13.7314030Z [4,308 / 5,748] Compiling Swift module //submodules/TelegramApi:TelegramApi; 252s disk-cache, worker ... (3 actions running)
2026-10-05T08:51:14.7373310Z [4,313 / 5,748] Compiling Swift module //submodules/TelegramApi:TelegramApi; 253s disk-cache, worker ... (3 actions, 2 running)
2026-10-05T08:51:15.8022450Z [4,319 / 5,748] Compiling Swift module //submodules/TelegramApi:TelegramApi; 254s disk-cache, worker ... (3 actions, 2 running)
2026-10-05T08:51:16.8098500Z [4,325 / 5,748] Compiling Swift module //submodules/TelegramApi:TelegramApi; 255s disk-cache, worker ... (3 actions, 2 running)
2026-10-05T08:51:18.1413680Z [4,327 / 5,748] Compiling Swift module //submodules/TelegramApi:TelegramApi; 257s disk-cache, worker ... (3 actions running)
2026-10-05T08:51:19.1704370Z [4,333 / 5,748] Compiling Swift module //submodules/TelegramApi:TelegramApi; 258s disk-cache, worker ... (3 actions running)
2026-10-05T08:51:20.2076750Z [4,351 / 5,748] Compiling Swift module //submodules/TelegramApi:TelegramApi; 259s disk-cache, worker ... (3 actions running)
2026-10-05T08:51:21.2950590Z [4,356 / 5,748] Compiling Swift module //submodules/TelegramApi:TelegramApi; 260s disk-cache, worker ... (3 actions, 2 running)
2026-10-05T08:51:22.4029590Z [4,358 / 5,748] Compiling Swift module //submodules/TelegramApi:TelegramApi; 261s disk-cache, worker ... (3 actions, 2 running)
2026-10-05T08:51:23.4383020Z [4,386 / 5,748] Compiling Swift module //submodules/TelegramApi:TelegramApi; 262s disk-cache, worker ... (3 actions, 2 running)
2026-10-05T08:51:24.7112300Z [4,396 / 5,748] Compiling Swift module //submodules/TelegramApi:TelegramApi; 263s disk-cache, worker ... (3 actions running)
2026-10-05T08:51:25.8649810Z [4,397 / 5,748] Compiling Swift module //submodules/TelegramApi:TelegramApi; 264s disk-cache, worker ... (3 actions, 2 running)
2026-10-05T08:51:26.9630790Z [4,397 / 5,748] Compiling Swift module //submodules/TelegramApi:TelegramApi; 265s disk-cache, worker ... (3 actions running)
2026-10-05T08:51:27.9910360Z [4,399 / 5,748] Compiling Swift module //submodules/TelegramApi:TelegramApi; 266s disk-cache, worker ... (3 actions running)
2026-10-05T08:51:29.0088260Z [4,400 / 5,748] Compiling Swift module //submodules/TelegramApi:TelegramApi; 267s disk-cache, worker ... (3 actions running)
2026-10-05T08:51:32.2332730Z [4,401 / 5,748] Compiling Swift module //submodules/TelegramApi:TelegramApi; 271s disk-cache, worker ... (3 actions, 2 running)
2026-10-05T08:51:33.5076860Z [4,401 / 5,748] Compiling Swift module //submodules/TelegramApi:TelegramApi; 272s disk-cache, worker ... (3 actions running)
2026-10-05T08:51:34.6052600Z [4,406 / 5,748] Compiling Swift module //submodules/TelegramApi:TelegramApi; 273s disk-cache, worker ... (3 actions, 2 running)
2026-10-05T08:51:35.6483500Z [4,406 / 5,748] Compiling Swift module //submodules/TelegramApi:TelegramApi; 274s disk-cache, worker ... (3 actions running)
2026-10-05T08:51:37.1758130Z [4,407 / 5,748] Compiling Swift module //submodules/TelegramApi:TelegramApi; 276s disk-cache, worker ... (3 actions, 2 running)
2026-10-05T08:51:38.8896970Z [4,407 / 5,748] Compiling Swift module //submodules/TelegramApi:TelegramApi; 277s disk-cache, worker ... (3 actions running)
2026-10-05T08:51:39.9756750Z [4,408 / 5,748] Compiling Swift module //submodules/TelegramApi:TelegramApi; 278s disk-cache, worker ... (3 actions running)
2026-10-05T08:51:41.4814670Z [4,409 / 5,748] Compiling Swift module //submodules/TelegramApi:TelegramApi; 280s disk-cache, worker ... (3 actions, 2 running)
2026-10-05T08:51:43.3478520Z [4,409 / 5,748] Compiling Swift module //submodules/TelegramApi:TelegramApi; 282s disk-cache, worker ... (3 actions running)
2026-10-05T08:51:48.7684930Z [4,410 / 5,748] Compiling Swift module //submodules/TelegramApi:TelegramApi; 287s disk-cache, worker ... (3 actions, 2 running)
2026-10-05T08:51:50.8145410Z [4,411 / 5,748] Compiling Swift module //submodules/TelegramApi:TelegramApi; 289s disk-cache, worker ... (3 actions running)
2026-10-05T08:51:53.3043390Z [4,412 / 5,748] Compiling Swift module //submodules/TelegramApi:TelegramApi; 292s disk-cache, worker ... (3 actions, 2 running)
2026-10-05T08:51:55.2901240Z [4,415 / 5,748] Compiling Swift module //submodules/TelegramApi:TelegramApi; 294s disk-cache, worker ... (3 actions running)
2026-10-05T08:52:05.7135120Z [4,415 / 5,748] Compiling Swift module //submodules/TelegramApi:TelegramApi; 304s disk-cache, worker ... (3 actions running)
2026-10-05T08:52:08.7023840Z [4,416 / 5,748] Compiling Swift module //submodules/TelegramApi:TelegramApi; 307s disk-cache, worker ... (3 actions, 2 running)
2026-10-05T08:52:10.7799400Z [4,416 / 5,748] Compiling Swift module //submodules/TelegramApi:TelegramApi; 309s disk-cache, worker ... (3 actions running)
2026-10-05T08:52:15.4581450Z [4,417 / 5,748] Compiling Swift module //submodules/TelegramApi:TelegramApi; 314s disk-cache, worker ... (3 actions, 2 running)
2026-10-05T08:52:17.4640260Z [4,417 / 5,748] Compiling Swift module //submodules/TelegramApi:TelegramApi; 316s disk-cache, worker ... (3 actions running)
2026-10-05T08:52:20.6438160Z [4,418 / 5,748] Compiling Swift module //submodules/TelegramApi:TelegramApi; 319s disk-cache, worker ... (3 actions, 2 running)
2026-10-05T08:52:21.8410740Z [4,418 / 5,748] Compiling Swift module //submodules/TelegramApi:TelegramApi; 320s disk-cache, worker ... (3 actions running)
2026-10-05T08:52:24.2149730Z [4,419 / 5,748] Compiling Swift module //submodules/TelegramApi:TelegramApi; 323s disk-cache, worker ... (3 actions, 2 running)
2026-10-05T08:52:26.2178950Z [4,419 / 5,748] Compiling Swift module //submodules/TelegramApi:TelegramApi; 325s disk-cache, worker ... (3 actions running)
2026-10-05T08:52:27.2119320Z [4,420 / 5,748] Compiling Swift module //submodules/TelegramApi:TelegramApi; 326s disk-cache, worker ... (3 actions running)
2026-10-05T08:52:31.0898110Z [4,421 / 5,748] Compiling Swift module //submodules/TelegramApi:TelegramApi; 330s disk-cache, worker ... (3 actions, 2 running)
2026-10-05T08:52:32.6332650Z [4,421 / 5,748] Compiling Swift module //submodules/TelegramApi:TelegramApi; 331s disk-cache, worker ... (3 actions running)
2026-10-05T08:52:34.8187240Z [4,422 / 5,748] Compiling Swift module //submodules/TelegramApi:TelegramApi; 333s disk-cache, worker ... (3 actions, 2 running)
2026-10-05T08:52:35.8828220Z [4,423 / 5,748] Compiling Swift module //submodules/TelegramApi:TelegramApi; 334s disk-cache, worker ... (3 actions running)
2026-10-05T08:52:44.0847210Z [4,424 / 5,748] Compiling Swift module //submodules/TelegramApi:TelegramApi; 343s disk-cache, worker ... (3 actions, 2 running)
2026-10-05T08:52:45.7199570Z [4,424 / 5,748] Compiling Swift module //submodules/TelegramApi:TelegramApi; 344s disk-cache, worker ... (3 actions running)
2026-10-05T08:52:54.1068330Z [4,425 / 5,748] Compiling Swift module //submodules/TelegramApi:TelegramApi; 353s disk-cache, worker ... (3 actions, 2 running)
2026-10-05T08:52:55.7816400Z [4,425 / 5,748] Compiling Swift module //submodules/TelegramApi:TelegramApi; 354s disk-cache, worker ... (3 actions running)
2026-10-05T08:53:05.7239310Z [4,426 / 5,748] Compiling Swift module //submodules/TelegramApi:TelegramApi; 364s disk-cache, worker ... (3 actions, 2 running)
2026-10-05T08:53:06.8604770Z [4,426 / 5,748] Compiling Swift module //submodules/TelegramApi:TelegramApi; 365s disk-cache, worker ... (3 actions running)
2026-10-05T08:53:12.8502320Z [4,427 / 5,748] Compiling Swift module //submodules/TelegramApi:TelegramApi; 371s disk-cache, worker ... (3 actions, 2 running)
2026-10-05T08:53:14.5534340Z [4,427 / 5,748] Compiling Swift module //submodules/TelegramApi:TelegramApi; 373s disk-cache, worker ... (3 actions running)
2026-10-05T08:53:15.6800300Z [4,428 / 5,748] Compiling Swift module //submodules/TelegramApi:TelegramApi; 374s disk-cache, worker ... (3 actions running)
2026-10-05T08:53:17.8482830Z [4,429 / 5,748] Compiling Swift module //submodules/TelegramApi:TelegramApi; 376s disk-cache, worker ... (3 actions, 2 running)
2026-10-05T08:53:19.8836050Z [4,429 / 5,748] Compiling Swift module //submodules/TelegramApi:TelegramApi; 378s disk-cache, worker ... (3 actions running)
2026-10-05T08:53:21.3746580Z [4,430 / 5,748] Compiling Swift module //submodules/TelegramApi:TelegramApi; 380s disk-cache, worker ... (3 actions, 2 running)
2026-10-05T08:53:23.2171450Z [4,430 / 5,748] Compiling Swift module //submodules/TelegramApi:TelegramApi; 382s disk-cache, worker ... (3 actions running)
2026-10-05T08:53:24.3354610Z [4,431 / 5,748] Compiling Swift module //submodules/TelegramApi:TelegramApi; 383s disk-cache, worker ... (3 actions running)
2026-10-05T08:53:35.8799750Z [4,431 / 5,748] Compiling Swift module //submodules/TelegramApi:TelegramApi; 394s disk-cache, worker ... (3 actions running)
2026-10-05T08:53:41.7435480Z [4,432 / 5,748] Compiling Swift module //submodules/TelegramApi:TelegramApi; 400s disk-cache, worker ... (3 actions, 2 running)
2026-10-05T08:53:43.2707490Z [4,433 / 5,748] Compiling Swift module //submodules/TelegramApi:TelegramApi; 402s disk-cache, worker ... (3 actions, 2 running)
2026-10-05T08:53:44.7728660Z [4,433 / 5,748] Compiling Swift module //submodules/TelegramApi:TelegramApi; 403s disk-cache, worker ... (3 actions running)
2026-10-05T08:53:46.0751310Z [4,434 / 5,748] Compiling Swift module //submodules/TelegramApi:TelegramApi; 405s disk-cache, worker ... (3 actions, 2 running)
2026-10-05T08:53:48.0573560Z [4,434 / 5,748] Compiling Swift module //submodules/TelegramApi:TelegramApi; 407s disk-cache, worker ... (3 actions running)
2026-10-05T08:53:53.5167310Z [4,435 / 5,748] Compiling Swift module //submodules/TelegramApi:TelegramApi; 412s disk-cache, worker ... (3 actions, 2 running)
2026-10-05T08:53:55.4696830Z [4,436 / 5,748] Compiling Swift module //submodules/TelegramApi:TelegramApi; 414s disk-cache, worker ... (3 actions running)
2026-10-05T08:53:56.6192200Z [4,439 / 5,748] Compiling Swift module //submodules/TelegramApi:TelegramApi; 415s disk-cache, worker ... (3 actions running)
2026-10-05T08:53:57.9916050Z [4,440 / 5,748] Compiling Swift module //submodules/TelegramApi:TelegramApi; 416s disk-cache, worker ... (3 actions, 2 running)
2026-10-05T08:53:59.1302330Z [4,442 / 5,748] Compiling Swift module //submodules/TelegramApi:TelegramApi; 418s disk-cache, worker ... (3 actions, 2 running)
2026-10-05T08:54:00.1312830Z [4,444 / 5,748] Compiling submodules/TgVoipWebrtc/tgcalls/tgcalls/v2/Socks5ProxySocket.cpp; 0s local, disk-cache ... (3 actions, 2 running)
2026-10-05T08:54:02.0543290Z [4,449 / 5,748] Compiling Swift module //submodules/TelegramUI/Components/Settings/GenerateThemeName:GenerateThemeName; 1s disk-cache, worker ... (3 actions running)
2026-10-05T08:54:03.0648580Z [4,452 / 5,748] Compiling Swift module //submodules/Postbox:Postbox; 2s disk-cache, worker ... (3 actions running)
2026-10-05T08:54:04.1648710Z [4,469 / 5,748] Compiling Swift module //submodules/Postbox:Postbox; 3s disk-cache, worker ... (3 actions running)
2026-10-05T08:54:06.6776840Z [4,470 / 5,748] Compiling Swift module //submodules/Postbox:Postbox; 6s disk-cache, worker ... (3 actions, 2 running)
2026-10-05T08:54:08.3105110Z [4,472 / 5,748] Compiling Swift module //submodules/Postbox:Postbox; 7s disk-cache, worker ... (3 actions, 2 running)
2026-10-05T08:54:09.3147590Z [4,477 / 5,748] Compiling Swift module //submodules/Postbox:Postbox; 8s disk-cache, worker ... (3 actions, 2 running)
2026-10-05T08:54:10.7213630Z [4,479 / 5,748] Compiling Swift module //submodules/Postbox:Postbox; 10s disk-cache, worker ... (3 actions running)
2026-10-05T08:54:11.8507850Z [4,480 / 5,748] Compiling Swift module //submodules/Postbox:Postbox; 11s disk-cache, worker ... (3 actions running)
2026-10-05T08:54:13.1613860Z [4,481 / 5,748] Compiling Swift module //submodules/Postbox:Postbox; 12s disk-cache, worker ... (3 actions, 2 running)
2026-10-05T08:54:15.2379140Z [4,482 / 5,748] Compiling Swift module //submodules/Postbox:Postbox; 14s disk-cache, worker ... (3 actions running)
2026-10-05T08:54:17.3294340Z [4,483 / 5,748] Compiling Swift module //submodules/Postbox:Postbox; 16s disk-cache, worker ... (3 actions, 2 running)
2026-10-05T08:54:18.6599480Z [4,484 / 5,748] Compiling Swift module //submodules/Postbox:Postbox; 18s disk-cache, worker ... (3 actions running)
2026-10-05T08:54:20.0918650Z [4,485 / 5,748] Compiling Swift module //submodules/Postbox:Postbox; 19s disk-cache, worker ... (3 actions, 2 running)
2026-10-05T08:54:21.7647690Z [4,487 / 5,748] Compiling Swift module //submodules/Postbox:Postbox; 21s disk-cache, worker ... (3 actions, 2 running)
2026-10-05T08:54:23.1259170Z [4,488 / 5,748] Compiling Swift module //submodules/Postbox:Postbox; 22s disk-cache, worker ... (3 actions running)
2026-10-05T08:54:24.2760220Z [4,491 / 5,748] Compiling Swift module //submodules/Postbox:Postbox; 23s disk-cache, worker ... (3 actions running)
2026-10-05T08:54:26.4671360Z [4,492 / 5,748] Compiling Swift module //submodules/Postbox:Postbox; 26s disk-cache, worker ... (2 actions running)
2026-10-05T08:54:27.4705650Z [4,493 / 5,748] Compiling Swift module //submodules/Postbox:Postbox; 27s disk-cache, worker ... (3 actions running)
2026-10-05T08:54:31.2620930Z [4,494 / 5,748] Compiling Swift module //submodules/Postbox:Postbox; 30s disk-cache, worker ... (3 actions, 2 running)
2026-10-05T08:54:32.8562660Z [4,495 / 5,748] Compiling Swift module //submodules/Postbox:Postbox; 32s disk-cache, worker ... (3 actions running)
2026-10-05T08:54:33.9084940Z [4,497 / 5,748] Compiling Swift module //submodules/Postbox:Postbox; 33s disk-cache, worker ... (3 actions running)
2026-10-05T08:54:35.3147830Z [4,498 / 5,748] Compiling Swift module //submodules/Postbox:Postbox; 34s disk-cache, worker ... (3 actions, 2 running)
2026-10-05T08:54:37.1061180Z [4,499 / 5,748] Compiling Swift module //submodules/Postbox:Postbox; 36s disk-cache, worker ... (3 actions running)
2026-10-05T08:54:47.9960400Z [4,499 / 5,748] Compiling Swift module //submodules/Postbox:Postbox; 47s disk-cache, worker ... (3 actions running)
2026-10-05T08:54:51.5649260Z [4,500 / 5,748] Compiling Swift module //submodules/Postbox:Postbox; 51s disk-cache, worker ... (3 actions, 2 running)
2026-10-05T08:54:53.4684900Z [4,501 / 5,748] Compiling Swift module //submodules/Postbox:Postbox; 53s disk-cache, worker ... (3 actions running)
2026-10-05T08:54:54.4906050Z [4,503 / 5,748] Compiling Swift module //submodules/Postbox:Postbox; 54s disk-cache, worker ... (3 actions running)
2026-10-05T08:54:56.4984660Z [4,504 / 5,748] Compiling Swift module //submodules/Postbox:Postbox; 56s disk-cache, worker ... (3 actions, 2 running)
2026-10-05T08:54:57.6433200Z [4,506 / 5,748] Compiling Swift module //submodules/Postbox:Postbox; 57s disk-cache, worker ... (3 actions, 2 running)
2026-10-05T08:54:59.0221140Z [4,506 / 5,748] Compiling Swift module //submodules/Postbox:Postbox; 58s disk-cache, worker ... (3 actions running)
2026-10-05T08:55:02.5485180Z [4,507 / 5,748] Compiling Swift module //submodules/Postbox:Postbox; 62s disk-cache, worker ... (3 actions, 2 running)
2026-10-05T08:55:03.5819450Z [4,510 / 5,748] Compiling Swift module //submodules/Postbox:Postbox; 63s disk-cache, worker ... (3 actions running)
2026-10-05T08:55:05.0840900Z [4,511 / 5,748] Compiling Swift module //submodules/Postbox:Postbox; 64s disk-cache, worker ... (3 actions, 2 running)
2026-10-05T08:55:06.9988970Z [4,515 / 5,748] Compiling Swift module //submodules/Postbox:Postbox; 66s disk-cache, worker ... (3 actions running)
2026-10-05T08:55:08.0290750Z [4,516 / 5,748] Compiling Swift module //submodules/Postbox:Postbox; 67s disk-cache, worker ... (3 actions, 2 running)
2026-10-05T08:55:09.1119120Z [4,518 / 5,748] Compiling Swift module //submodules/Postbox:Postbox; 68s disk-cache, worker ... (3 actions running)
2026-10-05T08:55:10.1925250Z [4,522 / 5,748] Compiling Swift module //submodules/Postbox:Postbox; 69s disk-cache, worker ... (3 actions running)
2026-10-05T08:55:11.2006240Z [4,527 / 5,748] Compiling Swift module //submodules/Postbox:Postbox; 70s disk-cache, worker ... (3 actions running)
2026-10-05T08:55:12.3416420Z [4,529 / 5,748] Compiling Swift module //submodules/Postbox:Postbox; 71s disk-cache, worker ... (3 actions running)
2026-10-05T08:55:13.8300810Z [4,530 / 5,748] Compiling Swift module //submodules/Postbox:Postbox; 73s disk-cache, worker ... (3 actions, 2 running)
2026-10-05T08:55:15.0595090Z [4,531 / 5,748] Compiling Swift module //submodules/Postbox:Postbox; 74s disk-cache, worker ... (3 actions, 2 running)
2026-10-05T08:55:16.5145790Z [4,532 / 5,748] Compiling Swift module //submodules/Postbox:Postbox; 76s disk-cache, worker ... (3 actions, 2 running)
2026-10-05T08:55:17.9892730Z [4,537 / 5,748] Compiling Swift module //submodules/Postbox:Postbox; 77s disk-cache, worker ... (3 actions running)
2026-10-05T08:55:19.0926410Z [4,539 / 5,748] Compiling Swift module //submodules/Postbox:Postbox; 78s disk-cache, worker ... (3 actions running)
2026-10-05T08:55:20.8019380Z [4,540 / 5,748] Compiling Swift module //submodules/Postbox:Postbox; 80s disk-cache, worker ... (3 actions, 2 running)
2026-10-05T08:55:22.4740570Z [4,540 / 5,748] Compiling Swift module //submodules/Postbox:Postbox; 82s disk-cache, worker ... (3 actions running)
2026-10-05T08:55:24.6982570Z [4,541 / 5,748] Compiling Swift module //submodules/Postbox:Postbox; 84s disk-cache, worker ... (3 actions, 2 running)
2026-10-05T08:55:25.7275950Z [4,543 / 5,748] Compiling Swift module //submodules/Postbox:Postbox; 85s disk-cache, worker ... (3 actions running)
2026-10-05T08:55:29.0017000Z [4,544 / 5,748] Compiling Swift module //submodules/Postbox:Postbox; 88s disk-cache, worker ... (3 actions, 2 running)
2026-10-05T08:55:30.2588690Z [4,549 / 5,748] Compiling Swift module //submodules/Postbox:Postbox; 89s disk-cache, worker ... (2 actions running)
2026-10-05T08:55:41.1283960Z [4,549 / 5,748] Compiling Swift module //submodules/Postbox:Postbox; 100s disk-cache, worker ... (2 actions running)
2026-10-05T08:55:42.1449330Z [4,551 / 5,748] Compiling Swift module //submodules/Postbox:Postbox; 101s disk-cache, worker ... (3 actions running)
2026-10-05T08:55:44.4947670Z [4,552 / 5,748] Compiling Swift module //submodules/Postbox:Postbox; 104s disk-cache, worker ... (3 actions, 2 running)
2026-10-05T08:55:46.3621170Z [4,555 / 5,748] Compiling Swift module //submodules/Postbox:Postbox; 106s disk-cache, worker ... (3 actions running)
2026-10-05T08:55:47.5098620Z [4,556 / 5,748] Compiling Swift module //submodules/Postbox:Postbox; 107s disk-cache, worker ... (3 actions running)
2026-10-05T08:55:48.6633970Z [4,558 / 5,748] Compiling Swift module //submodules/Postbox:Postbox; 108s disk-cache, worker ... (3 actions running)
2026-10-05T08:55:49.7282320Z [4,559 / 5,748] Compiling Swift module //submodules/Postbox:Postbox; 109s disk-cache, worker ... (3 actions, 2 running)
2026-10-05T08:55:50.8383710Z [4,560 / 5,748] Compiling Swift module //submodules/Postbox:Postbox; 110s disk-cache, worker ... (3 actions running)
2026-10-05T08:55:51.8596900Z [4,563 / 5,748] Compiling Swift module //submodules/Postbox:Postbox; 111s disk-cache, worker ... (3 actions, 2 running)
2026-10-05T08:55:53.0741410Z [4,565 / 5,748] Compiling Swift module //submodules/Postbox:Postbox; 112s disk-cache, worker ... (2 actions running)
2026-10-05T08:55:54.1366210Z [4,568 / 5,748] Compiling Swift module //submodules/Postbox:Postbox; 113s disk-cache, worker ... (3 actions running)
2026-10-05T08:55:55.2124400Z [4,569 / 5,748] Compiling Swift module //submodules/Postbox:Postbox; 114s disk-cache, worker ... (3 actions, 2 running)
2026-10-05T08:55:56.2352920Z [4,570 / 5,748] Compiling Swift module //submodules/Postbox:Postbox; 115s disk-cache, worker ... (3 actions running)
2026-10-05T08:55:57.2720710Z [4,572 / 5,748] Compiling Swift module //submodules/Postbox:Postbox; 116s disk-cache, worker ... (3 actions running)
2026-10-05T08:55:58.3312630Z [4,575 / 5,748] Compiling Swift module //submodules/Postbox:Postbox; 117s disk-cache, worker ... (3 actions running)
2026-10-05T08:55:59.3601450Z [4,577 / 5,748] Compiling Swift module //submodules/Postbox:Postbox; 119s disk-cache, worker ... (3 actions running)
2026-10-05T08:56:00.4252660Z [4,579 / 5,748] Compiling Swift module //submodules/Postbox:Postbox; 120s disk-cache, worker ... (3 actions running)
2026-10-05T08:56:01.5542590Z [4,580 / 5,748] Compiling Swift module //submodules/Postbox:Postbox; 121s disk-cache, worker ... (3 actions, 2 running)
2026-10-05T08:56:02.6855410Z [4,584 / 5,748] Compiling Swift module //submodules/Postbox:Postbox; 122s disk-cache, worker ... (3 actions running)
2026-10-05T08:56:03.7597420Z [4,588 / 5,748] Compiling Swift module //submodules/Postbox:Postbox; 123s disk-cache, worker ... (3 actions, 2 running)
2026-10-05T08:56:04.9582370Z [4,593 / 5,748] Compiling Swift module //submodules/Postbox:Postbox; 124s disk-cache, worker ... (3 actions running)
2026-10-05T08:56:06.0502760Z [4,596 / 5,748] Compiling Swift module //submodules/Postbox:Postbox; 125s disk-cache, worker ... (3 actions, 2 running)
2026-10-05T08:56:07.2598490Z [4,597 / 5,748] Compiling Swift module //submodules/Postbox:Postbox; 126s disk-cache, worker ... (3 actions running)
2026-10-05T08:56:08.3398620Z [4,603 / 5,748] Compiling Swift module //submodules/Postbox:Postbox; 128s disk-cache, worker ... (3 actions running)
2026-10-05T08:56:09.4772610Z [4,607 / 5,748] Compiling Swift module //submodules/Postbox:Postbox; 129s disk-cache, worker ... (3 actions running)
2026-10-05T08:56:10.5886360Z [4,609 / 5,748] Compiling Swift module //submodules/Postbox:Postbox; 130s disk-cache, worker ... (3 actions running)
2026-10-05T08:56:11.6987010Z [4,611 / 5,748] Compiling Swift module //submodules/Postbox:Postbox; 131s disk-cache, worker ... (3 actions running)
2026-10-05T08:56:12.7386670Z [4,614 / 5,748] Compiling Swift module //submodules/Postbox:Postbox; 132s disk-cache, worker ... (3 actions running)
2026-10-05T08:56:13.8625960Z [4,618 / 5,748] Compiling Swift module //submodules/Postbox:Postbox; 133s disk-cache, worker ... (3 actions running)
2026-10-05T08:56:14.9075510Z [4,620 / 5,748] Compiling Swift module //submodules/Postbox:Postbox; 134s disk-cache, worker ... (3 actions, 2 running)
2026-10-05T08:56:16.1511040Z [4,624 / 5,748] Compiling Swift module //submodules/Postbox:Postbox; 135s disk-cache, worker ... (3 actions running)
2026-10-05T08:56:17.2703680Z [4,626 / 5,748] Compiling Swift module //submodules/Postbox:Postbox; 136s disk-cache, worker ... (3 actions running)
2026-10-05T08:56:18.3461610Z [4,628 / 5,748] Compiling Swift module //submodules/Postbox:Postbox; 137s disk-cache, worker ... (3 actions running)
2026-10-05T08:56:19.4236940Z [4,632 / 5,748] Compiling Swift module //submodules/Postbox:Postbox; 139s disk-cache, worker ... (3 actions running)
2026-10-05T08:56:20.5622440Z [4,634 / 5,748] Compiling Swift module //submodules/Postbox:Postbox; 140s disk-cache, worker ... (3 actions running)
2026-10-05T08:56:21.5670620Z [4,636 / 5,748] Compiling Swift module //submodules/Postbox:Postbox; 141s disk-cache, worker ... (3 actions running)
2026-10-05T08:56:24.0977310Z [4,637 / 5,748] Compiling Swift module //submodules/Postbox:Postbox; 143s disk-cache, worker ... (3 actions, 2 running)
2026-10-05T08:56:25.9930130Z [4,638 / 5,748] Compiling Swift module //submodules/Postbox:Postbox; 145s disk-cache, worker ... (3 actions running)
2026-10-05T08:56:27.2450460Z [4,639 / 5,748] Compiling Swift module //submodules/Postbox:Postbox; 146s disk-cache, worker ... (3 actions, 2 running)
2026-10-05T08:56:29.2289470Z [4,643 / 5,748] Compiling Swift module //submodules/Postbox:Postbox; 148s disk-cache, worker ... (2 actions running)
2026-10-05T08:56:30.4357550Z [4,644 / 5,748] Compiling Swift module //submodules/Postbox:Postbox; 150s disk-cache, worker ... (2 actions, 1 running)
2026-10-05T08:56:32.4984580Z [4,645 / 5,748] Compiling Swift module //submodules/Postbox:Postbox; 152s disk-cache, worker
2026-10-05T08:56:41.6687360Z [4,646 / 5,748] [Prepa] Linking submodules/Postbox/libPostbox.a
2026-10-05T08:56:42.7321460Z [4,651 / 5,748] Compiling Swift module //submodules/TelegramCore:TelegramCore; 0s disk-cache, worker ... (2 actions, 1 running)
2026-10-05T08:56:44.2986910Z [4,653 / 5,748] Compiling Swift module //submodules/TelegramCore:TelegramCore; 2s disk-cache, worker
2026-10-05T08:56:56.0494020Z [4,653 / 5,748] Compiling Swift module //submodules/TelegramCore:TelegramCore; 14s disk-cache, worker
2026-10-05T08:57:28.6569640Z [4,653 / 5,748] Compiling Swift module //submodules/TelegramCore:TelegramCore; 46s disk-cache, worker
2026-10-05T08:58:34.1941930Z [4,653 / 5,748] Compiling Swift module //submodules/TelegramCore:TelegramCore; 112s disk-cache, worker
2026-10-05T08:59:40.1599180Z [4,653 / 5,748] Compiling Swift module //submodules/TelegramCore:TelegramCore; 178s disk-cache, worker
2026-10-05T09:00:45.1169810Z [4,653 / 5,748] Compiling Swift module //submodules/TelegramCore:TelegramCore; 243s disk-cache, worker
2026-10-05T09:01:50.3682300Z [4,653 / 5,748] Compiling Swift module //submodules/TelegramCore:TelegramCore; 308s disk-cache, worker
2026-10-05T09:02:54.4689580Z [4,653 / 5,748] Compiling Swift module //submodules/TelegramCore:TelegramCore; 372s disk-cache, worker
2026-10-05T09:03:58.7971330Z [4,653 / 5,748] Compiling Swift module //submodules/TelegramCore:TelegramCore; 436s disk-cache, worker
2026-10-05T09:05:03.3641590Z [4,653 / 5,748] Compiling Swift module //submodules/TelegramCore:TelegramCore; 501s disk-cache, worker
2026-10-05T09:06:07.6411440Z [4,653 / 5,748] Compiling Swift module //submodules/TelegramCore:TelegramCore; 565s disk-cache, worker
2026-10-05T09:07:01.4290550Z [4,654 / 5,748] [Prepa] Compiling Swift module //submodules/TelegramUIPreferences:TelegramUIPreferences ... (2 actions, 0 running)
2026-10-05T09:07:02.6787640Z [4,654 / 5,748] Compiling Swift module //submodules/PlatformRestrictionMatching:PlatformRestrictionMatching; 0s disk-cache ... (3 actions, 0 running)
2026-10-05T09:07:04.5610100Z [4,654 / 5,748] Compiling Swift module //submodules/EncryptionKeyVisualization:EncryptionKeyVisualization; 1s disk-cache, worker ... (3 actions running)
2026-10-05T09:07:05.6471810Z [4,655 / 5,748] Compiling Swift module //submodules/EncryptionKeyVisualization:EncryptionKeyVisualization; 2s disk-cache, worker ... (3 actions, 2 running)
2026-10-05T09:07:06.9625530Z [4,658 / 5,748] Compiling Swift module //submodules/TelegramUIPreferences:TelegramUIPreferences; 4s disk-cache, worker ... (3 actions running)
2026-10-05T09:07:07.9136980Z [4,660 / 5,748] Compiling Swift module //submodules/TelegramUIPreferences:TelegramUIPreferences; 5s disk-cache, worker ... (3 actions, 2 running)
2026-10-05T09:07:09.0519120Z [4,660 / 5,748] Compiling Swift module //submodules/TelegramUIPreferences:TelegramUIPreferences; 6s disk-cache, worker ... (3 actions running)
2026-10-05T09:07:10.1470730Z [4,662 / 5,748] Compiling Swift module //submodules/TelegramUIPreferences:TelegramUIPreferences; 7s disk-cache, worker ... (3 actions running)
2026-10-05T09:07:11.2637370Z [4,663 / 5,748] Compiling Swift module //submodules/TelegramUIPreferences:TelegramUIPreferences; 8s disk-cache, worker ... (3 actions running)
2026-10-05T09:07:12.2988840Z [4,664 / 5,748] Compiling Swift module //submodules/TelegramUIPreferences:TelegramUIPreferences; 9s disk-cache, worker ... (3 actions, 2 running)
2026-10-05T09:07:13.4698920Z [4,668 / 5,748] Compiling Swift module //submodules/TelegramUIPreferences:TelegramUIPreferences; 10s disk-cache, worker ... (3 actions running)
2026-10-05T09:07:15.8887420Z [4,669 / 5,748] Compiling Swift module //submodules/TelegramUIPreferences:TelegramUIPreferences; 13s disk-cache, worker ... (3 actions, 2 running)
2026-10-05T09:07:17.3042010Z [4,672 / 5,748] Compiling Swift module //submodules/TelegramUIPreferences:TelegramUIPreferences; 14s disk-cache, worker ... (3 actions, 2 running)
2026-10-05T09:07:18.7327550Z [4,673 / 5,748] Compiling Swift module //submodules/TelegramUIPreferences:TelegramUIPreferences; 16s disk-cache, worker ... (3 actions running)
2026-10-05T09:07:19.8629400Z [4,674 / 5,748] Compiling Swift module //submodules/TelegramUIPreferences:TelegramUIPreferences; 17s disk-cache, worker ... (2 actions running)
2026-10-05T09:07:20.9681240Z [4,675 / 5,748] Compiling Swift module //submodules/TelegramUIPreferences:TelegramUIPreferences; 18s disk-cache, worker ... (3 actions running)
2026-10-05T09:07:22.0025540Z [4,678 / 5,748] Compiling Swift module //submodules/SemanticStatusNode:SemanticStatusNode; 2s disk-cache, worker ... (3 actions running)
2026-10-05T09:07:23.0160250Z [4,679 / 5,748] Compiling Swift module //submodules/TelegramVoip:TelegramVoip; 1s disk-cache, worker ... (3 actions, 2 running)
2026-10-05T09:07:24.0751440Z [4,682 / 5,748] Compiling Swift module //submodules/TelegramVoip:TelegramVoip; 2s disk-cache, worker ... (3 actions running)
2026-10-05T09:07:25.0856750Z [4,684 / 5,748] Compiling Swift module //submodules/TelegramVoip:TelegramVoip; 3s disk-cache, worker ... (3 actions running)
2026-10-05T09:07:26.2407660Z [4,685 / 5,748] Compiling Swift module //submodules/TelegramVoip:TelegramVoip; 4s disk-cache, worker ... (3 actions running)
2026-10-05T09:07:27.7899410Z INFO: From Linking Telegram/TelegramCoreFramework_bin:
2026-10-05T09:07:27.8034120Z ld: warning: object file (/Users/runner/work/Telegram-iOS/Telegram-iOS/third-party/libxray/LibXray.xcframework/ios-arm64/libXray.a[2](go.o)) was built for newer 'iOS' version (15.0) than being linked (13.0)
2026-10-05T09:07:27.8168290Z ld: warning: object file (/Users/runner/work/Telegram-iOS/Telegram-iOS/third-party/libxray/LibXray.xcframework/ios-arm64/libXray.a[3](000000.o)) was built for newer 'iOS' version (15.0) than being linked (13.0)
2026-10-05T09:07:27.8308140Z ld: warning: object file (/Users/runner/work/Telegram-iOS/Telegram-iOS/third-party/libxray/LibXray.xcframework/ios-arm64/libXray.a[4](000001.o)) was built for newer 'iOS' version (15.0) than being linked (13.0)
2026-10-05T09:07:27.8450640Z ld: warning: object file (/Users/runner/work/Telegram-iOS/Telegram-iOS/third-party/libxray/LibXray.xcframework/ios-arm64/libXray.a[7](000004.o)) was built for newer 'iOS' version (15.0) than being linked (13.0)
2026-10-05T09:07:27.8584060Z ld: warning: object file (/Users/runner/work/Telegram-iOS/Telegram-iOS/third-party/libxray/LibXray.xcframework/ios-arm64/libXray.a[8](000005.o)) was built for newer 'iOS' version (15.0) than being linked (13.0)
2026-10-05T09:07:27.8716780Z ld: warning: object file (/Users/runner/work/Telegram-iOS/Telegram-iOS/third-party/libxray/LibXray.xcframework/ios-arm64/libXray.a[9](000006.o)) was built for newer 'iOS' version (15.0) than being linked (13.0)
2026-10-05T09:07:27.8793060Z ld: warning: object file (/Users/runner/work/Telegram-iOS/Telegram-iOS/third-party/libxray/LibXray.xcframework/ios-arm64/libXray.a[10](000007.o)) was built for newer 'iOS' version (15.0) than being linked (13.0)
2026-10-05T09:07:27.8801500Z ld: warning: object file (/Users/runner/work/Telegram-iOS/Telegram-iOS/third-party/libxray/LibXray.xcframework/ios-arm64/libXray.a[11](000008.o)) was built for newer 'iOS' version (15.0) than being linked (13.0)
2026-10-05T09:07:27.8804950Z ld: warning: object file (/Users/runner/work/Telegram-iOS/Telegram-iOS/third-party/libxray/LibXray.xcframework/ios-arm64/libXray.a[13](000010.o)) was built for newer 'iOS' version (15.0) than being linked (13.0)
2026-10-05T09:07:27.8808560Z ld: warning: object file (/Users/runner/work/Telegram-iOS/Telegram-iOS/third-party/libxray/LibXray.xcframework/ios-arm64/libXray.a[14](000011.o)) was built for newer 'iOS' version (15.0) than being linked (13.0)
2026-10-05T09:07:27.8817380Z ld: warning: object file (/Users/runner/work/Telegram-iOS/Telegram-iOS/third-party/libxray/LibXray.xcframework/ios-arm64/libXray.a[15](000012.o)) was built for newer 'iOS' version (15.0) than being linked (13.0)
2026-10-05T09:07:27.8944330Z [4,686 / 5,748] Compiling Swift module //submodules/TelegramVoip:TelegramVoip; 6s disk-cache, worker ... (3 actions, 2 running)
2026-10-05T09:07:28.8980040Z [4,689 / 5,748] Compiling Swift module //submodules/TelegramVoip:TelegramVoip; 7s disk-cache, worker ... (3 actions running)
2026-10-05T09:07:30.6099330Z [4,690 / 5,748] Compiling Swift module //submodules/TelegramVoip:TelegramVoip; 8s disk-cache, worker ... (3 actions running)
2026-10-05T09:07:31.6990540Z [4,694 / 5,748] Compiling Swift module //submodules/TelegramVoip:TelegramVoip; 9s disk-cache, worker ... (3 actions running)
2026-10-05T09:07:34.5283240Z [4,695 / 5,748] Compiling Swift module //submodules/TelegramVoip:TelegramVoip; 12s disk-cache, worker ... (3 actions, 2 running)
2026-10-05T09:07:36.0164150Z [4,698 / 5,748] Compiling Swift module //submodules/DirectMediaImageCache:DirectMediaImageCache; 4s disk-cache, worker ... (3 actions running)
2026-10-05T09:07:37.0409880Z [4,703 / 5,748] Compiling Swift module //submodules/MediaResources:MediaResources; 1s disk-cache, worker
2026-10-05T09:07:38.0834740Z [4,705 / 5,748] Compiling Swift module //submodules/TelegramPresentationData:TelegramPresentationData; 0s disk-cache, worker ... (2 actions running)
2026-10-05T09:07:41.1666900Z [4,706 / 5,748] Compiling Swift module //submodules/TelegramPresentationData:TelegramPresentationData; 4s disk-cache, worker ... (2 actions, 1 running)
2026-10-05T09:07:42.2144450Z [4,707 / 5,748] Compiling Swift module //submodules/TelegramPresentationData:TelegramPresentationData; 5s disk-cache, worker
2026-10-05T09:07:53.0042840Z [4,707 / 5,748] Compiling Swift module //submodules/TelegramPresentationData:TelegramPresentationData; 15s disk-cache, worker
2026-10-05T09:08:01.7993680Z [4,708 / 5,748] [Prepa] Linking submodules/TelegramPresentationData/libTelegramPresentationData.a
2026-10-05T09:08:02.8437240Z [4,709 / 5,748] Compiling Swift module //submodules/LocalizedPeerData:LocalizedPeerData; 1s disk-cache, worker ... (3 actions running)
2026-10-05T09:08:03.9715890Z [4,713 / 5,748] Compiling Swift module //submodules/TextFormat:TextFormat; 2s disk-cache, worker ... (3 actions running)
2026-10-05T09:08:05.0787420Z [4,715 / 5,748] Compiling Swift module //submodules/TextFormat:TextFormat; 3s disk-cache, worker ... (3 actions running)
2026-10-05T09:08:06.0959910Z [4,718 / 5,748] Compiling Swift module //submodules/TextFormat:TextFormat; 4s disk-cache, worker ... (3 actions running)
2026-10-05T09:08:07.1581410Z [4,722 / 5,748] Compiling Swift module //submodules/TextFormat:TextFormat; 5s disk-cache, worker ... (3 actions running)
2026-10-05T09:08:08.2945320Z [4,726 / 5,748] Compiling Swift module //submodules/TextFormat:TextFormat; 6s disk-cache, worker ... (3 actions running)
2026-10-05T09:08:09.3347630Z [4,731 / 5,748] Compiling Swift module //submodules/TextFormat:TextFormat; 7s disk-cache, worker ... (3 actions running)
2026-10-05T09:08:10.4308470Z [4,733 / 5,748] Compiling Swift module //submodules/TextFormat:TextFormat; 8s disk-cache, worker ... (3 actions running)
2026-10-05T09:08:11.4667310Z [4,734 / 5,748] Compiling Swift module //submodules/TextFormat:TextFormat; 9s disk-cache, worker ... (3 actions running)
2026-10-05T09:08:12.7634590Z [4,735 / 5,748] Compiling Swift module //submodules/TextFormat:TextFormat; 10s disk-cache, worker ... (3 actions, 2 running)
2026-10-05T09:08:14.6253160Z [4,738 / 5,748] Compiling Swift module //submodules/SparseItemGrid:SparseItemGrid; 4s disk-cache, worker ... (3 actions running)
2026-10-05T09:08:15.9764990Z [4,739 / 5,748] Compiling Swift module //submodules/SparseItemGrid:SparseItemGrid; 5s disk-cache, worker ... (3 actions, 2 running)
2026-10-05T09:08:17.7942660Z [4,742 / 5,748] Compiling Swift module //submodules/SparseItemGrid:SparseItemGrid; 7s disk-cache, worker ... (3 actions running)
2026-10-05T09:08:18.7974360Z [4,747 / 5,748] Compiling Swift module //submodules/LiveLocationTimerNode:LiveLocationTimerNode; 0s disk-cache, worker ... (3 actions, 2 running)
2026-10-05T09:08:19.8640560Z [4,749 / 5,748] Compiling Swift module //submodules/LiveLocationTimerNode:LiveLocationTimerNode; 1s disk-cache, worker ... (3 actions running)
2026-10-05T09:08:20.8665770Z [4,753 / 5,748] Compiling Swift module //submodules/Pasteboard:Pasteboard; 1s disk-cache, worker ... (3 actions running)
2026-10-05T09:08:21.9633380Z [4,754 / 5,748] Compiling Swift module //submodules/Pasteboard:Pasteboard; 2s disk-cache, worker ... (3 actions, 2 running)
2026-10-05T09:08:22.9790370Z [4,758 / 5,748] Compiling Swift module //submodules/TelegramUI/Components/ListActionItemComponent:ListActionItemComponent; 2s disk-cache, worker ... (3 actions, 2 running)
2026-10-05T09:08:24.0365210Z [4,759 / 5,748] Compiling Swift module //submodules/TelegramUI/Components/ListActionItemComponent:ListActionItemComponent; 3s disk-cache, worker ... (3 actions running)
2026-10-05T09:08:25.0418610Z [4,765 / 5,748] Compiling Swift module //submodules/TelegramUI/Components/ListItemComponentAdaptor:ListItemComponentAdaptor; 0s disk-cache, worker ... (3 actions, 2 running)
2026-10-05T09:08:26.2213050Z [4,765 / 5,748] Compiling Swift module //submodules/TelegramUI/Components/ListItemComponentAdaptor:ListItemComponentAdaptor; 1s disk-cache, worker ... (3 actions running)
2026-10-05T09:08:27.3588830Z [4,770 / 5,748] Compiling Swift module //submodules/TelegramUI/Components/RichTextEditorMessageConversion:RichTextEditorMessageConversion; 2s disk-cache, worker ... (3 actions running)
2026-10-05T09:08:28.9420730Z [4,771 / 5,748] Compiling Swift module //submodules/TelegramUI/Components/RichTextEditorMessageConversion:RichTextEditorMessageConversion; 3s disk-cache, worker ... (3 actions, 2 running)
2026-10-05T09:08:30.7068070Z [4,776 / 5,748] Compiling Swift module //submodules/TelegramUI/Components/Gifts/TableComponent:TableComponent; 1s disk-cache, worker ... (3 actions running)
2026-10-05T09:08:31.7726380Z [4,779 / 5,748] Compiling Swift module //submodules/MediaPlayer:UniversalMediaPlayer; 2s disk-cache, worker ... (3 actions, 2 running)
2026-10-05T09:08:32.8429140Z [4,781 / 5,748] Compiling Swift module //submodules/MediaPlayer:UniversalMediaPlayer; 3s disk-cache, worker ... (3 actions, 2 running)
2026-10-05T09:08:33.9872880Z [4,784 / 5,748] Compiling Swift module //submodules/MediaPlayer:UniversalMediaPlayer; 4s disk-cache, worker ... (3 actions running)
2026-10-05T09:08:35.0251480Z [4,785 / 5,748] Compiling Swift module //submodules/MediaPlayer:UniversalMediaPlayer; 5s disk-cache, worker ... (3 actions running)
2026-10-05T09:08:36.3503410Z [4,786 / 5,748] Compiling Swift module //submodules/MediaPlayer:UniversalMediaPlayer; 7s disk-cache, worker ... (3 actions, 2 running)
2026-10-05T09:08:38.2158330Z [4,790 / 5,748] Compiling Swift module //submodules/MediaPlayer:UniversalMediaPlayer; 8s disk-cache, worker ... (3 actions, 2 running)
2026-10-05T09:08:39.3503500Z [4,793 / 5,748] Compiling Swift module //submodules/MediaPlayer:UniversalMediaPlayer; 10s disk-cache, worker ... (3 actions running)
2026-10-05T09:08:40.4579680Z [4,794 / 5,748] Compiling Swift module //submodules/MediaPlayer:UniversalMediaPlayer; 11s disk-cache, worker ... (3 actions running)
2026-10-05T09:08:41.4989750Z [4,795 / 5,748] Compiling Swift module //submodules/MediaPlayer:UniversalMediaPlayer; 12s disk-cache, worker ... (3 actions running)
2026-10-05T09:08:42.5069700Z [4,801 / 5,748] Compiling Swift module //submodules/MediaPlayer:UniversalMediaPlayer; 13s disk-cache, worker ... (3 actions, 2 running)
2026-10-05T09:08:43.6772550Z [4,803 / 5,748] Compiling Swift module //submodules/MediaPlayer:UniversalMediaPlayer; 14s disk-cache, worker ... (3 actions running)
2026-10-05T09:08:47.0941480Z [4,804 / 5,748] Compiling Swift module //submodules/TelegramUI/Components/Calls/CallScreen:CallScreen; 5s disk-cache, worker ... (3 actions, 2 running)
2026-10-05T09:08:49.1753620Z [4,804 / 5,748] Compiling Swift module //submodules/TelegramUI/Components/Calls/CallScreen:CallScreen; 7s disk-cache, worker ... (3 actions running)
2026-10-05T09:08:50.3097930Z [4,806 / 5,748] Compiling Swift module //submodules/TelegramUI/Components/Calls/CallScreen:CallScreen; 8s disk-cache, worker ... (3 actions running)
2026-10-05T09:08:51.4867670Z [4,807 / 5,748] Compiling Swift module //submodules/TelegramUI/Components/Calls/CallScreen:CallScreen; 9s disk-cache, worker ... (3 actions, 2 running)
2026-10-05T09:08:52.5076170Z [4,808 / 5,748] Compiling Swift module //submodules/TelegramUI/Components/Calls/CallScreen:CallScreen; 10s disk-cache, worker ... (3 actions running)
2026-10-05T09:08:53.6705570Z [4,809 / 5,748] Compiling Swift module //submodules/TelegramUI/Components/Calls/CallScreen:CallScreen; 11s disk-cache, worker ... (3 actions, 2 running)
2026-10-05T09:08:55.6918240Z [4,810 / 5,748] Compiling Swift module //submodules/TelegramUI/Components/Calls/CallScreen:CallScreen; 14s disk-cache, worker ... (3 actions running)
2026-10-05T09:08:57.0683860Z [4,811 / 5,748] Compiling Swift module //submodules/TelegramUI/Components/Calls/CallScreen:CallScreen; 15s disk-cache, worker ... (3 actions, 2 running)
2026-10-05T09:08:58.8464370Z [4,813 / 5,748] Compiling Swift module //submodules/TelegramStringFormatting:TelegramStringFormatting; 16s disk-cache, worker ... (3 actions running)
2026-10-05T09:09:00.3908810Z [4,814 / 5,748] Compiling Swift module //submodules/TelegramStringFormatting:TelegramStringFormatting; 17s disk-cache, worker ... (3 actions, 2 running)
2026-10-05T09:09:02.1156800Z [4,815 / 5,748] Compiling Swift module //submodules/TelegramStringFormatting:TelegramStringFormatting; 19s disk-cache, worker ... (3 actions running)
2026-10-05T09:09:03.1198430Z [4,820 / 5,748] Compiling Swift module //submodules/AnimatedStickerNode:AnimatedStickerNode; 5s disk-cache, worker ... (2 actions, 1 running)
2026-10-05T09:09:04.1400050Z [4,822 / 5,748] Compiling Swift module //submodules/NotificationMuteSettingsUI:NotificationMuteSettingsUI; 1s disk-cache, worker ... (3 actions running)
2026-10-05T09:09:05.2642110Z [4,823 / 5,748] Compiling Swift module //submodules/TemporaryCachedPeerDataManager:TemporaryCachedPeerDataManager; 2s disk-cache, worker ... (3 actions, 2 running)
2026-10-05T09:09:07.1942040Z [4,827 / 5,748] Compiling Swift module //submodules/TemporaryCachedPeerDataManager:TemporaryCachedPeerDataManager; 3s disk-cache, worker ... (3 actions, 2 running)
2026-10-05T09:09:08.4569600Z [4,829 / 5,748] Compiling Swift module //submodules/TemporaryCachedPeerDataManager:TemporaryCachedPeerDataManager; 5s disk-cache, worker ... (3 actions running)
2026-10-05T09:09:09.4610250Z [4,830 / 5,748] Compiling Swift module //submodules/DatePickerNode:DatePickerNode; 4s disk-cache, worker ... (3 actions, 2 running)
2026-10-05T09:09:10.5986000Z [4,833 / 5,748] Compiling Swift module //submodules/InAppPurchaseManager:InAppPurchaseManager; 3s disk-cache, worker
2026-10-05T09:09:12.0577010Z [4,834 / 5,748] [Prepa] Linking submodules/InAppPurchaseManager/libInAppPurchaseManager.a
2026-10-05T09:09:13.7913500Z [4,835 / 5,748] Compiling Swift module //submodules/AccountContext:AccountContext; 1s disk-cache, worker
2026-10-05T09:09:23.8536150Z [4,835 / 5,748] Compiling Swift module //submodules/AccountContext:AccountContext; 11s disk-cache, worker
2026-10-05T09:09:25.9466010Z [4,836 / 5,748] [Prepa] Linking submodules/AccountContext/libAccountContext.a
2026-10-05T09:09:27.8351270Z [4,837 / 5,748] Compiling Swift module //submodules/TelegramUI/Components/ChatList/ChatListSearchFiltersContainerNode:ChatListSearchFiltersContainerNode; 1s disk-cache, worker ... (3 actions running)
2026-10-05T09:09:28.9840750Z [4,838 / 5,748] Compiling Swift module //submodules/TelegramUI/Components/ChatList/ChatListSearchFiltersContainerNode:ChatListSearchFiltersContainerNode; 2s disk-cache, worker ... (3 actions running)
2026-10-05T09:09:30.0806380Z [4,840 / 5,748] Compiling Swift module //submodules/PhotoResources:PhotoResources; 4s disk-cache, worker ... (3 actions running)
2026-10-05T09:09:31.2052340Z [4,844 / 5,748] Compiling Swift module //submodules/PhotoResources:PhotoResources; 5s disk-cache, worker ... (3 actions running)
2026-10-05T09:09:32.3142490Z [4,848 / 5,748] Compiling Swift module //submodules/PhotoResources:PhotoResources; 6s disk-cache, worker ... (3 actions running)
2026-10-05T09:09:33.3282740Z [4,849 / 5,748] Compiling Swift module //submodules/PhotoResources:PhotoResources; 7s disk-cache, worker ... (3 actions running)
2026-10-05T09:09:34.4104280Z [4,851 / 5,748] Compiling Swift module //submodules/PhotoResources:PhotoResources; 8s disk-cache, worker ... (3 actions running)
2026-10-05T09:09:35.4555700Z [4,853 / 5,748] Compiling Swift module //submodules/PhotoResources:PhotoResources; 9s disk-cache, worker ... (3 actions running)
2026-10-05T09:09:36.5616990Z [4,855 / 5,748] Compiling Swift module //submodules/TelegramUI/Components/PeerInfo/ProfileLevelRatingBarComponent:ProfileLevelRatingBarComponent; 1s disk-cache, worker ... (3 actions running)
2026-10-05T09:09:37.5724500Z [4,857 / 5,748] Compiling Swift module //submodules/UrlHandling:UrlHandling; 1s disk-cache, worker ... (3 actions running)
2026-10-05T09:09:42.7793720Z [4,858 / 5,748] Compiling Swift module //submodules/UrlHandling:UrlHandling; 7s disk-cache, worker ... (3 actions, 2 running)
2026-10-05T09:09:43.9769900Z [4,859 / 5,748] Compiling Swift module //submodules/UrlHandling:UrlHandling; 8s disk-cache, worker ... (3 actions running)
2026-10-05T09:09:44.9882550Z [4,861 / 5,748] Compiling Swift module //submodules/UrlHandling:UrlHandling; 9s disk-cache, worker ... (3 actions, 2 running)
2026-10-05T09:09:46.0525610Z [4,862 / 5,748] Compiling Swift module //submodules/TelegramUniversalVideoContent:TelegramUniversalVideoContent; 9s disk-cache, worker ... (3 actions running)
2026-10-05T09:09:47.0527940Z [4,865 / 5,748] Compiling Swift module //submodules/TelegramUniversalVideoContent:TelegramUniversalVideoContent; 10s disk-cache, worker ... (3 actions, 2 running)
2026-10-05T09:09:48.2011470Z [4,868 / 5,748] Compiling Swift module //submodules/TelegramUniversalVideoContent:TelegramUniversalVideoContent; 12s disk-cache, worker ... (3 actions running)
2026-10-05T09:09:49.2866410Z [4,869 / 5,748] Compiling Swift module //submodules/TelegramUniversalVideoContent:TelegramUniversalVideoContent; 13s disk-cache, worker ... (3 actions running)
2026-10-05T09:09:50.3889440Z [4,870 / 5,748] Compiling Swift module //submodules/TelegramUniversalVideoContent:TelegramUniversalVideoContent; 14s disk-cache, worker ... (2 actions running)
2026-10-05T09:09:51.4247700Z [4,873 / 5,748] Compiling Swift module //submodules/AppLock:AppLock; 1s disk-cache, worker ... (3 actions running)
2026-10-05T09:09:53.2823110Z [4,874 / 5,748] Compiling Swift module //submodules/WallpaperResources:WallpaperResources; 2s disk-cache, worker ... (3 actions, 2 running)
2026-10-05T09:09:54.6109170Z [4,877 / 5,748] Compiling Swift module //submodules/WallpaperResources:WallpaperResources; 3s disk-cache, worker ... (3 actions, 2 running)
2026-10-05T09:09:55.7236430Z [4,880 / 5,748] Compiling Swift module //submodules/WallpaperResources:WallpaperResources; 4s disk-cache, worker ... (3 actions running)
2026-10-05T09:09:56.7711880Z [4,881 / 5,748] Compiling Swift module //submodules/WallpaperResources:WallpaperResources; 5s disk-cache, worker ... (3 actions running)
2026-10-05T09:09:57.7989680Z [4,882 / 5,748] Compiling Swift module //submodules/WallpaperResources:WallpaperResources; 6s disk-cache, worker ... (3 actions, 2 running)
2026-10-05T09:09:58.8489420Z [4,883 / 5,748] Compiling Swift module //submodules/WallpaperResources:WallpaperResources; 7s disk-cache, worker ... (3 actions running)
2026-10-05T09:09:59.9537200Z [4,886 / 5,748] Compiling Swift module //submodules/WallpaperResources:WallpaperResources; 8s disk-cache, worker ... (3 actions running)
2026-10-05T09:10:01.7678880Z [4,887 / 5,748] Compiling Swift module //submodules/Utils/VolumeButtons:VolumeButtons; 3s disk-cache, worker ... (3 actions, 2 running)
2026-10-05T09:10:03.1443610Z [4,889 / 5,748] Compiling Swift module //submodules/SlotMachineAnimationNode:SlotMachineAnimationNode; 3s disk-cache, worker ... (3 actions running)
2026-10-05T09:10:04.2154320Z [4,891 / 5,748] Compiling Swift module //submodules/TelegramUI/Components/Settings/SettingsThemeWallpaperNode:SettingsThemeWallpaperNode; 2s disk-cache, worker ... (3 actions running)
2026-10-05T09:10:05.3351290Z [4,892 / 5,748] Compiling Swift module //submodules/TelegramUI/Components/MediaManager/PeerMessagesMediaPlaylist:PeerMessagesMediaPlaylist; 2s disk-cache, worker ... (3 actions, 2 running)
2026-10-05T09:10:06.3915880Z [4,893 / 5,748] Compiling Swift module //submodules/TelegramUI/Components/MediaManager/PeerMessagesMediaPlaylist:PeerMessagesMediaPlaylist; 3s disk-cache, worker ... (3 actions running)
2026-10-05T09:10:07.4511740Z [4,895 / 5,748] Compiling Swift module //submodules/TelegramUI/Components/EmojiTextAttachmentView:EmojiTextAttachmentView; 3s disk-cache, worker ... (3 actions running)
2026-10-05T09:10:08.4575110Z [4,896 / 5,748] Compiling Swift module //submodules/WallpaperBackgroundNode:WallpaperBackgroundNode; 3s disk-cache, worker ... (3 actions running)
2026-10-05T09:10:10.1932580Z [4,897 / 5,748] Compiling Swift module //submodules/TelegramUI/Components/MinimizedContainer:MinimizedContainer; 3s disk-cache, worker ... (3 actions, 2 running)
2026-10-05T09:10:11.4835470Z [4,900 / 5,748] Compiling Swift module //submodules/ChatMessageBackground:ChatMessageBackground; 1s disk-cache, worker ... (3 actions, 2 running)
2026-10-05T09:10:12.4828460Z [4,906 / 5,748] Compiling Swift module //submodules/TelegramUI/Components/Chat/MessageInlineBlockBackgroundView:MessageInlineBlockBackgroundView; 2s disk-cache, worker ... (3 actions, 2 running)
2026-10-05T09:10:13.8465170Z [4,907 / 5,748] Compiling Swift module //submodules/LiveLocationManager:LiveLocationManager; 2s disk-cache, worker ... (3 actions running)
2026-10-05T09:10:14.8583780Z [4,909 / 5,748] Compiling Swift module //submodules/AvatarNode:AvatarNode; 2s disk-cache, worker ... (3 actions running)
2026-10-05T09:10:16.6161040Z [4,910 / 5,748] Compiling Swift module //submodules/AvatarNode:AvatarNode; 4s disk-cache, worker ... (3 actions, 2 running)
2026-10-05T09:10:17.9691410Z [4,910 / 5,748] Compiling Swift module //submodules/AvatarNode:AvatarNode; 5s disk-cache, worker ... (3 actions running)
2026-10-05T09:10:19.1028400Z [4,913 / 5,748] Compiling Swift module //submodules/TelegramUI/Components/InteractiveTextComponent:InteractiveTextComponent; 5s disk-cache, worker ... (3 actions running)
2026-10-05T09:10:20.1692140Z [4,915 / 5,748] Compiling Swift module //submodules/TelegramUI/Components/InteractiveTextComponent:InteractiveTextComponent; 6s disk-cache, worker ... (3 actions running)
2026-10-05T09:10:21.3354990Z [4,916 / 5,748] Compiling Swift module //submodules/TelegramUI/Components/InteractiveTextComponent:InteractiveTextComponent; 8s disk-cache, worker ... (3 actions, 2 running)
2026-10-05T09:10:22.3389600Z [4,919 / 5,748] Compiling Swift module //submodules/TelegramUI/Components/InteractiveTextComponent:InteractiveTextComponent; 9s disk-cache, worker ... (3 actions, 2 running)
2026-10-05T09:10:23.4173100Z [4,922 / 5,748] Compiling Swift module //submodules/ShareItems:ShareItems; 2s disk-cache, worker ... (3 actions running)
2026-10-05T09:10:24.9653180Z [4,923 / 5,748] Compiling Swift module //submodules/TelegramUI/Components/PeerInfo/PeerInfoCoverComponent:PeerInfoCoverComponent; 2s disk-cache, worker ... (3 actions, 2 running)
2026-10-05T09:10:26.7087110Z [4,925 / 5,748] Compiling Swift module //submodules/TelegramUI/Components/PeerInfo/PeerInfoCoverComponent:PeerInfoCoverComponent; 4s disk-cache, worker ... (3 actions running)
2026-10-05T09:10:27.7263570Z [4,928 / 5,748] Compiling Swift module //submodules/TelegramUI/Components/Chat/ChatMessageActionButtonsNode:ChatMessageActionButtonsNode; 2s disk-cache, worker ... (3 actions, 2 running)
2026-10-05T09:10:28.9654290Z [4,930 / 5,748] Compiling Swift module //submodules/TelegramUI/Components/Chat/ChatMessageActionButtonsNode:ChatMessageActionButtonsNode; 3s disk-cache, worker ... (3 actions running)
2026-10-05T09:10:30.0786030Z [4,936 / 5,748] Compiling Swift module //submodules/ImageContentAnalysis:ImageContentAnalysis; 0s disk-cache, worker ... (3 actions running)
2026-10-05T09:10:31.1585310Z [4,937 / 5,748] Compiling Swift module //submodules/ImageContentAnalysis:ImageContentAnalysis; 1s disk-cache, worker ... (3 actions, 2 running)
2026-10-05T09:10:32.2120840Z [4,940 / 5,748] Compiling Swift module //submodules/TelegramUI/Components/ChatTitleView:ChatTitleView; 2s disk-cache, worker ... (3 actions running)
2026-10-05T09:10:33.3156940Z [4,942 / 5,748] Compiling Swift module //submodules/TelegramUI/Components/ChatTitleView:ChatTitleView; 3s disk-cache, worker ... (3 actions running)
2026-10-05T09:10:34.3260070Z [4,948 / 5,748] Compiling Swift module //submodules/TelegramUI/Components/TokenListTextField:TokenListTextField; 0s disk-cache, worker ... (3 actions running)
2026-10-05T09:10:35.8659640Z [4,949 / 5,748] Compiling Swift module //submodules/TelegramUI/Components/TokenListTextField:TokenListTextField; 2s disk-cache, worker ... (3 actions, 2 running)
2026-10-05T09:10:37.5054490Z [4,954 / 5,748] Compiling Swift module //submodules/TelegramUI/Components/PeerNameTextComponent:PeerNameTextComponent; 1s disk-cache, worker ... (3 actions running)
2026-10-05T09:10:38.5343200Z [4,964 / 5,748] Compiling Swift module //submodules/TelegramIntents:TelegramIntents; 0s disk-cache, worker ... (3 actions running)
2026-10-05T09:10:39.5656020Z [4,965 / 5,748] Compiling Swift module //submodules/TelegramIntents:TelegramIntents; 1s disk-cache, worker ... (3 actions running)
2026-10-05T09:10:40.5809350Z [4,967 / 5,748] Compiling Swift module //submodules/SearchBarNode:SearchBarNode; 2s disk-cache, worker ... (3 actions running)
2026-10-05T09:10:41.7066830Z [4,970 / 5,748] Compiling Swift module //submodules/SearchBarNode:SearchBarNode; 3s disk-cache, worker ... (3 actions running)
2026-10-05T09:10:42.8404020Z [4,971 / 5,748] Compiling Swift module //submodules/TelegramUI/Components/MediaEditor:MediaEditor; 1s disk-cache, worker ... (3 actions running)
2026-10-05T09:10:43.9738800Z [4,972 / 5,748] Compiling Swift module //submodules/TelegramUI/Components/MediaEditor:MediaEditor; 2s disk-cache, worker ... (3 actions running)
2026-10-05T09:10:45.0791600Z [4,973 / 5,748] Compiling Swift module //submodules/TelegramUI/Components/MediaEditor:MediaEditor; 3s disk-cache, worker ... (3 actions running)
2026-10-05T09:10:46.4832890Z [4,974 / 5,748] Compiling Swift module //submodules/TelegramUI/Components/MediaEditor:MediaEditor; 5s disk-cache, worker ... (3 actions, 2 running)
2026-10-05T09:10:47.9624460Z [4,975 / 5,748] Compiling Swift module //submodules/TelegramUI/Components/MediaEditor:MediaEditor; 6s disk-cache, worker ... (3 actions, 2 running)
2026-10-05T09:10:49.5020940Z [4,979 / 5,748] Compiling Swift module //submodules/TelegramUI/Components/MediaEditor:MediaEditor; 8s disk-cache, worker ... (3 actions running)
2026-10-05T09:10:51.5597920Z [4,980 / 5,748] Compiling Swift module //submodules/TelegramUI/Components/MediaEditor:MediaEditor; 10s disk-cache, worker ... (3 actions, 2 running)
2026-10-05T09:10:52.6250720Z [4,981 / 5,748] Compiling Swift module //submodules/TelegramUI/Components/MediaEditor:MediaEditor; 11s disk-cache, worker ... (3 actions running)
2026-10-05T09:10:53.7061530Z [4,985 / 5,748] Compiling Swift module //submodules/TelegramUI/Components/MediaEditor:MediaEditor; 12s disk-cache, worker ... (3 actions running)
2026-10-05T09:10:55.7718610Z [4,986 / 5,748] Compiling Swift module //submodules/TelegramUI/Components/MediaEditor:MediaEditor; 14s disk-cache, worker ... (3 actions, 2 running)
2026-10-05T09:10:56.9311940Z [4,989 / 5,748] Compiling Swift module //submodules/TelegramUI/Components/MediaEditor:MediaEditor; 15s disk-cache, worker ... (3 actions, 2 running)
2026-10-05T09:10:57.9825590Z [4,992 / 5,748] Compiling Swift module //submodules/TelegramUI/Components/MediaEditor:MediaEditor; 16s disk-cache, worker ... (3 actions running)
2026-10-05T09:10:59.8427060Z [4,993 / 5,748] Compiling Swift module //submodules/TelegramUI/Components/MediaEditor:MediaEditor; 18s disk-cache, worker ... (3 actions, 2 running)
2026-10-05T09:11:01.3617360Z [4,997 / 5,748] Compiling Swift module //submodules/TelegramUI/Components/MediaEditor:MediaEditor; 20s disk-cache, worker ... (3 actions running)
2026-10-05T09:11:02.3566800Z [5,000 / 5,748] Compiling Swift module //submodules/TelegramUI/Components/MediaEditor:MediaEditor; 21s disk-cache, worker ... (3 actions running)
2026-10-05T09:11:04.1728330Z [5,001 / 5,748] Compiling Swift module //submodules/TelegramUI/Components/MediaEditor:MediaEditor; 22s disk-cache, worker ... (3 actions, 2 running)
2026-10-05T09:11:05.5087690Z [5,002 / 5,748] Compiling Swift module //submodules/TelegramUI/Components/MediaEditor:MediaEditor; 24s disk-cache, worker ... (3 actions running)
2026-10-05T09:11:06.5078310Z [5,005 / 5,748] Compiling Swift module //submodules/TelegramUI/Components/MediaEditor:MediaEditor; 25s disk-cache, worker ... (3 actions running)
2026-10-05T09:11:07.5522050Z [5,007 / 5,748] Compiling Swift module //submodules/TelegramUI/Components/MediaEditor:MediaEditor; 26s disk-cache, worker ... (3 actions running)
2026-10-05T09:11:09.3229020Z [5,008 / 5,748] Compiling Swift module //submodules/TelegramUI/Components/MediaEditor:MediaEditor; 28s disk-cache, worker ... (3 actions, 2 running)
2026-10-05T09:11:10.8286940Z [5,008 / 5,748] Compiling Swift module //submodules/TelegramUI/Components/MediaEditor:MediaEditor; 29s disk-cache, worker ... (3 actions running)
2026-10-05T09:11:11.8781940Z [5,009 / 5,748] Compiling Swift module //submodules/TelegramUI/Components/MediaEditor:MediaEditor; 30s disk-cache, worker ... (3 actions running)
2026-10-05T09:11:12.8671160Z [5,010 / 5,748] Compiling Swift module //submodules/TelegramUI/Components/MediaEditor:MediaEditor; 31s disk-cache, worker ... (3 actions running)
2026-10-05T09:11:15.4433720Z [5,011 / 5,748] Compiling Swift module //submodules/TelegramUI/Components/MediaEditor:MediaEditor; 34s disk-cache, worker ... (3 actions, 2 running)
2026-10-05T09:11:16.9265790Z [5,012 / 5,748] Compiling Swift module //submodules/TelegramUI/Components/MediaEditor:MediaEditor; 35s disk-cache, worker ... (3 actions running)
2026-10-05T09:11:17.9462460Z [5,016 / 5,748] Compiling Swift module //submodules/TelegramUI/Components/MediaEditor:MediaEditor; 36s disk-cache, worker ... (3 actions running)
2026-10-05T09:11:19.9815130Z [5,017 / 5,748] Compiling Swift module //submodules/TelegramUI/Components/MediaEditor:MediaEditor; 38s disk-cache, worker ... (3 actions, 2 running)
2026-10-05T09:11:21.1082900Z [5,020 / 5,748] Compiling Swift module //submodules/OpenInExternalAppUI:OpenInExternalAppUI; 1s disk-cache, worker ... (3 actions, 2 running)
2026-10-05T09:11:22.4152090Z [5,020 / 5,748] Compiling Swift module //submodules/OpenInExternalAppUI:OpenInExternalAppUI; 2s disk-cache, worker ... (3 actions running)
2026-10-05T09:11:24.8867100Z [5,021 / 5,748] Compiling Swift module //submodules/TelegramUI/Components/MediaScrubberComponent:MediaScrubberComponent; 4s disk-cache, worker ... (3 actions, 2 running)
2026-10-05T09:11:26.5400620Z [5,023 / 5,748] Compiling Swift module //submodules/TelegramUI/Components/MediaScrubberComponent:MediaScrubberComponent; 6s disk-cache, worker ... (3 actions, 2 running)
2026-10-05T09:11:27.7203460Z [5,024 / 5,748] Compiling Swift module //submodules/TelegramUI/Components/MediaScrubberComponent:MediaScrubberComponent; 7s disk-cache, worker ... (3 actions running)
2026-10-05T09:11:28.7266300Z [5,026 / 5,748] Compiling Swift module //submodules/TelegramUI/Components/Communities/CommunityPrivateChatScreen:CommunityPrivateChatScreen; 3s disk-cache, worker ... (3 actions, 2 running)
2026-10-05T09:11:29.8847190Z [5,032 / 5,748] Compiling Swift module //submodules/TelegramUI/Components/Chat/ChatMessageReplyInfoNode:ChatMessageReplyInfoNode; 3s disk-cache, worker ... (3 actions running)
2026-10-05T09:11:31.4944470Z [5,033 / 5,748] Compiling Swift module //submodules/TelegramUI/Components/Chat/ChatMessageReplyInfoNode:ChatMessageReplyInfoNode; 4s disk-cache, worker ... (3 actions, 2 running)
2026-10-05T09:11:32.9366140Z [5,035 / 5,748] Compiling Swift module //submodules/TelegramUI/Components/Chat/ChatMessageReplyInfoNode:ChatMessageReplyInfoNode; 6s disk-cache, worker ... (3 actions, 2 running)
2026-10-05T09:11:34.1020160Z [5,040 / 5,748] Compiling Swift module //submodules/Camera:Camera; 1s disk-cache, worker ... (3 actions running)
2026-10-05T09:11:35.2219150Z [5,041 / 5,748] Compiling Swift module //submodules/Camera:Camera; 2s disk-cache, worker ... (2 actions running)
2026-10-05T09:11:36.3295920Z [5,042 / 5,748] Compiling Swift module //submodules/Camera:Camera; 3s disk-cache, worker ... (3 actions running)
2026-10-05T09:11:37.4578490Z [5,044 / 5,748] Compiling Swift module //submodules/Camera:Camera; 4s disk-cache, worker ... (3 actions running)
2026-10-05T09:11:38.9861350Z [5,045 / 5,748] Compiling Swift module //submodules/Camera:Camera; 6s disk-cache, worker ... (3 actions, 2 running)
2026-10-05T09:11:40.7145990Z [5,045 / 5,748] Compiling Swift module //submodules/Camera:Camera; 7s disk-cache, worker ... (3 actions running)
2026-10-05T09:11:41.8310900Z [5,050 / 5,748] Compiling Swift module //submodules/Camera:Camera; 8s disk-cache, worker ... (3 actions, 2 running)
2026-10-05T09:11:42.9659640Z [5,050 / 5,748] Compiling Swift module //submodules/Camera:Camera; 10s disk-cache, worker ... (3 actions running)
2026-10-05T09:11:44.1840640Z [5,051 / 5,748] Compiling Swift module //submodules/TelegramUI/Components/Chat/ChatInputTextNode:ChatInputTextNode; 2s disk-cache, worker ... (3 actions, 2 running)
2026-10-05T09:11:46.1160420Z [5,053 / 5,748] Compiling Swift module //submodules/TelegramUI/Components/Chat/ChatInputTextNode:ChatInputTextNode; 4s disk-cache, worker ... (3 actions running)
2026-10-05T09:11:47.3339180Z [5,054 / 5,748] Compiling Swift module //submodules/TelegramUI/Components/Chat/ChatInputTextNode:ChatInputTextNode; 5s disk-cache, worker ... (3 actions, 2 running)
2026-10-05T09:11:48.3484820Z [5,061 / 5,748] Compiling Swift module //submodules/TelegramUI/Components/Chat/ChatInputTextNode:ChatInputTextNode; 6s disk-cache, worker ... (3 actions running)
2026-10-05T09:11:49.6234570Z [5,062 / 5,748] Compiling Swift module //submodules/Components/MultilineTextWithEntitiesComponent:MultilineTextWithEntitiesComponent; 1s disk-cache, worker ... (3 actions, 2 running)
2026-10-05T09:11:51.3211740Z [5,064 / 5,748] Compiling Swift module //submodules/TelegramUI/Components/TextFieldComponent:TextFieldComponent; 1s disk-cache, worker ... (3 actions, 2 running)
2026-10-05T09:11:52.6713610Z [5,066 / 5,748] Compiling Swift module //submodules/TelegramUI/Components/TextFieldComponent:TextFieldComponent; 3s disk-cache, worker ... (3 actions, 2 running)
2026-10-05T09:11:53.8721450Z [5,067 / 5,748] Compiling Swift module //submodules/TelegramUI/Components/TextFieldComponent:TextFieldComponent; 4s disk-cache, worker ... (3 actions running)
2026-10-05T09:11:55.7277250Z [5,068 / 5,748] Compiling Swift module //submodules/TelegramUI/Components/TextFieldComponent:TextFieldComponent; 6s disk-cache, worker ... (3 actions, 2 running)
2026-10-05T09:11:56.9324980Z [5,070 / 5,748] Compiling Swift module //submodules/UndoUI:UndoUI; 5s disk-cache, worker ... (3 actions running)
2026-10-05T09:11:57.9469630Z [5,072 / 5,748] Compiling Swift module //submodules/UndoUI:UndoUI; 6s disk-cache, worker ... (3 actions, 2 running)
2026-10-05T09:11:59.1084700Z [5,075 / 5,748] Compiling Swift module //submodules/TooltipUI:TooltipUI; 1s disk-cache, worker ... (3 actions running)
2026-10-05T09:12:00.3774170Z [5,076 / 5,748] Compiling Swift module //submodules/TooltipUI:TooltipUI; 2s disk-cache, worker ... (3 actions, 2 running)
2026-10-05T09:12:02.2984000Z [5,080 / 5,748] Compiling Swift module //submodules/TelegramUI/Components/EntityKeyboard:EntityKeyboard; 3s disk-cache, worker ... (3 actions running)
2026-10-05T09:12:04.1317630Z [5,081 / 5,748] Compiling Swift module //submodules/TelegramUI/Components/EntityKeyboard:EntityKeyboard; 5s disk-cache, worker ... (3 actions, 2 running)
2026-10-05T09:12:05.5917230Z [5,083 / 5,748] Compiling Swift module //submodules/TelegramUI/Components/EntityKeyboard:EntityKeyboard; 7s disk-cache, worker ... (3 actions running)
2026-10-05T09:12:08.2297900Z [5,084 / 5,748] Compiling Swift module //submodules/TelegramUI/Components/EntityKeyboard:EntityKeyboard; 9s disk-cache, worker ... (3 actions, 2 running)
2026-10-05T09:12:09.7698810Z [5,087 / 5,748] Compiling Swift module //submodules/TelegramUI/Components/EntityKeyboard:EntityKeyboard; 11s disk-cache, worker ... (3 actions running)
2026-10-05T09:12:10.8174470Z [5,090 / 5,748] Compiling Swift module //submodules/TelegramUI/Components/EntityKeyboard:EntityKeyboard; 12s disk-cache, worker ... (3 actions running)
2026-10-05T09:12:12.4711810Z [5,091 / 5,748] Compiling Swift module //submodules/TelegramUI/Components/EntityKeyboard:EntityKeyboard; 13s disk-cache, worker ... (3 actions, 2 running)
2026-10-05T09:12:13.5015520Z [5,092 / 5,748] Compiling Swift module //submodules/TelegramUI/Components/EntityKeyboard:EntityKeyboard; 14s disk-cache, worker ... (3 actions, 2 running)
2026-10-05T09:12:14.5238380Z [5,094 / 5,748] Compiling Swift module //submodules/TelegramUI/Components/EntityKeyboard:EntityKeyboard; 15s disk-cache, worker ... (3 actions, 2 running)
2026-10-05T09:12:15.9063910Z [5,098 / 5,748] Compiling Swift module //submodules/TelegramUI/Components/EntityKeyboard:EntityKeyboard; 17s disk-cache, worker ... (3 actions, 2 running)
2026-10-05T09:12:17.1765950Z [5,100 / 5,748] Compiling Swift module //submodules/TelegramUI/Components/EntityKeyboard:EntityKeyboard; 18s disk-cache, worker ... (3 actions, 2 running)
2026-10-05T09:12:18.6307390Z [5,101 / 5,748] Compiling Swift module //submodules/TelegramUI/Components/EntityKeyboard:EntityKeyboard; 20s disk-cache, worker ... (3 actions running)
2026-10-05T09:12:19.7101010Z [5,104 / 5,748] Compiling Swift module //submodules/TelegramUI/Components/EntityKeyboard:EntityKeyboard; 21s disk-cache, worker ... (3 actions running)
2026-10-05T09:12:21.6068940Z [5,105 / 5,748] Compiling Swift module //submodules/TelegramUI/Components/EntityKeyboard:EntityKeyboard; 23s disk-cache, worker ... (3 actions, 2 running)
2026-10-05T09:12:22.8516050Z [5,105 / 5,748] Compiling Swift module //submodules/TelegramUI/Components/EntityKeyboard:EntityKeyboard; 24s disk-cache, worker ... (3 actions running)
2026-10-05T09:12:23.8617990Z [5,107 / 5,748] Compiling Swift module //submodules/TelegramUI/Components/EntityKeyboard:EntityKeyboard; 25s disk-cache, worker ... (3 actions running)
2026-10-05T09:12:24.9731720Z [5,108 / 5,748] Compiling Swift module //submodules/TelegramUI/Components/EntityKeyboard:EntityKeyboard; 26s disk-cache, worker ... (3 actions, 2 running)
2026-10-05T09:12:26.7009830Z [5,111 / 5,748] Compiling Swift module //submodules/TelegramUI/Components/EntityKeyboard:EntityKeyboard; 28s disk-cache, worker ... (3 actions, 2 running)
2026-10-05T09:12:28.0290130Z [5,111 / 5,748] Compiling Swift module //submodules/TelegramUI/Components/EntityKeyboard:EntityKeyboard; 29s disk-cache, worker ... (3 actions running)
2026-10-05T09:12:31.3996790Z [5,112 / 5,748] Compiling Swift module //submodules/TelegramUI/Components/EntityKeyboard:EntityKeyboard; 32s disk-cache, worker ... (3 actions, 2 running)
2026-10-05T09:12:32.8218810Z [5,114 / 5,748] Compiling Swift module //submodules/TelegramUI/Components/EntityKeyboard:EntityKeyboard; 34s disk-cache, worker ... (3 actions, 2 running)
2026-10-05T09:12:33.8386500Z [5,117 / 5,748] Compiling Swift module //submodules/ItemListUI:ItemListUI; 15s disk-cache, worker ... (3 actions, 2 running)
2026-10-05T09:12:35.2296680Z [5,118 / 5,748] Compiling Swift module //submodules/ItemListUI:ItemListUI; 16s disk-cache, worker ... (3 actions, 2 running)
2026-10-05T09:12:36.6476470Z [5,119 / 5,748] Compiling Swift module //submodules/AvatarVideoNode:AvatarVideoNode; 2s disk-cache, worker ... (3 actions, 2 running)
2026-10-05T09:12:37.8708960Z [5,125 / 5,748] Compiling Swift module //submodules/PromptUI:PromptUI; 2s disk-cache, worker ... (3 actions running)
2026-10-05T09:12:39.0132140Z [5,130 / 5,748] Compiling Swift module //submodules/TelegramUI/Components/ItemListDatePickerItem:ItemListDatePickerItem; 0s disk-cache, worker ... (3 actions running)
2026-10-05T09:12:40.0784210Z [5,137 / 5,748] Compiling Swift module //submodules/TelegramUI/Components/Settings/BirthdayPickerScreen:BirthdayPickerScreen; 1s disk-cache, worker ... (3 actions running)
2026-10-05T09:12:41.2161390Z [5,138 / 5,748] Compiling Swift module //submodules/TelegramUI/Components/CreateBotScreen:CreateBotScreen; 1s disk-cache, worker ... (3 actions, 2 running)
2026-10-05T09:12:42.4173780Z [5,142 / 5,748] Compiling Swift module //submodules/TelegramUI/Components/Settings/PeerNameColorItem:PeerNameColorItem; 1s disk-cache, worker ... (3 actions, 2 running)
2026-10-05T09:12:43.5906780Z [5,144 / 5,748] Compiling Swift module //submodules/TelegramUI/Components/ProxyServerPreviewScreen:ProxyServerPreviewScreen; 2s disk-cache, worker ... (3 actions, 2 running)
2026-10-05T09:12:45.3577710Z [5,148 / 5,748] Compiling Swift module //submodules/TelegramUI/Components/Settings/NewSessionInfoScreen:NewSessionInfoScreen; 1s disk-cache, worker ... (3 actions, 2 running)
2026-10-05T09:12:46.4494070Z [5,153 / 5,748] Compiling Swift module //submodules/TelegramUI/Components/ForumSettingsScreen:ForumSettingsScreen; 1s disk-cache, worker ... (3 actions running)
2026-10-05T09:12:47.4751540Z [5,155 / 5,748] Compiling Swift module //submodules/TelegramUI/Components/ForumSettingsScreen:ForumSettingsScreen; 2s disk-cache, worker ... (3 actions running)
2026-10-05T09:12:48.5035980Z [5,159 / 5,748] Compiling Swift module //submodules/TelegramUI/Components/Communities/CommunityAddScreen:CommunityAddScreen; 1s disk-cache, worker ... (3 actions running)
2026-10-05T09:12:49.5980720Z [5,161 / 5,748] Compiling Swift module //submodules/TelegramUI/Components/PeerInfo/MessagePriceItem:MessagePriceItem; 1s disk-cache, worker ... (3 actions running)
2026-10-05T09:12:50.6998770Z [5,163 / 5,748] Compiling Swift module //submodules/TelegramUI/Components/Chat/QuickShareScreen:QuickShareScreen; 2s disk-cache, worker ... (3 actions running)
2026-10-05T09:12:51.7006400Z [5,165 / 5,748] Compiling Swift module //submodules/TelegramUI/Components/JoinSubjectScreen:JoinSubjectScreen; 2s disk-cache, worker ... (3 actions running)
2026-10-05T09:12:52.7673670Z [5,168 / 5,748] Compiling Swift module //submodules/TelegramUI/Components/SendInviteLinkScreen:SendInviteLinkScreen; 2s disk-cache, worker ... (3 actions, 2 running)
2026-10-05T09:12:53.8591450Z [5,169 / 5,748] Compiling Swift module //submodules/TelegramUI/Components/SendInviteLinkScreen:SendInviteLinkScreen; 3s disk-cache, worker ... (3 actions running)
2026-10-05T09:12:55.0230130Z [5,170 / 5,748] Compiling Swift module //submodules/TelegramUI/Components/SendInviteLinkScreen:SendInviteLinkScreen; 4s disk-cache, worker ... (3 actions, 2 running)
2026-10-05T09:12:57.0166210Z [5,175 / 5,748] Compiling Swift module //submodules/TelegramUI/Components/Stars/StarsTransferScreen:StarsTransferScreen; 1s disk-cache, worker ... (3 actions running)
2026-10-05T09:12:58.0357710Z [5,178 / 5,748] Compiling Swift module //submodules/TelegramUI/Components/Stars/StarsPurchaseScreen:StarsPurchaseScreen; 2s disk-cache, worker ... (3 actions, 2 running)
2026-10-05T09:12:59.0782780Z [5,179 / 5,748] Compiling Swift module //submodules/TelegramUI/Components/Stars/StarsPurchaseScreen:StarsPurchaseScreen; 3s disk-cache, worker ... (3 actions running)
2026-10-05T09:13:00.0858300Z [5,181 / 5,748] Compiling Swift module //submodules/ItemListAvatarAndNameInfoItem:ItemListAvatarAndNameInfoItem; 2s disk-cache, worker ... (3 actions running)
2026-10-05T09:13:01.1115520Z [5,183 / 5,748] Compiling Swift module //submodules/ItemListAvatarAndNameInfoItem:ItemListAvatarAndNameInfoItem; 3s disk-cache, worker ... (3 actions running)
2026-10-05T09:13:02.2076090Z [5,185 / 5,748] Compiling Swift module //submodules/TelegramUI/Components/Settings/TimezoneSelectionScreen:TimezoneSelectionScreen; 2s disk-cache, worker ... (3 actions running)
2026-10-05T09:13:03.6275490Z [5,187 / 5,748] Compiling Swift module //submodules/TelegramUI/Components/Settings/TimezoneSelectionScreen:TimezoneSelectionScreen; 3s disk-cache, worker ... (2 actions, 1 running)
2026-10-05T09:13:05.5368020Z [5,190 / 5,748] Compiling Swift module //submodules/TelegramUI/Components/EmojiStatusSelectionComponent:EmojiStatusSelectionComponent; 1s disk-cache, worker ... (3 actions running)
2026-10-05T09:13:07.6134970Z [5,191 / 5,748] Compiling Swift module //submodules/TelegramUI/Components/EmojiStatusSelectionComponent:EmojiStatusSelectionComponent; 3s disk-cache, worker ... (3 actions, 2 running)
2026-10-05T09:13:08.7367820Z [5,194 / 5,748] Compiling Swift module //submodules/TelegramUI/Components/EmojiStatusSelectionComponent:EmojiStatusSelectionComponent; 5s disk-cache, worker ... (3 actions running)
2026-10-05T09:13:09.7550590Z [5,195 / 5,748] Compiling Swift module //submodules/ItemListPeerActionItem:ItemListPeerActionItem; 2s disk-cache, worker ... (3 actions, 2 running)
2026-10-05T09:13:10.8631850Z [5,197 / 5,748] Compiling Swift module //submodules/PasswordSetupUI:PasswordSetupUI; 2s disk-cache, worker ... (3 actions running)
2026-10-05T09:13:11.8860070Z [5,199 / 5,748] Compiling Swift module //submodules/PasswordSetupUI:PasswordSetupUI; 3s disk-cache, worker ... (3 actions running)
2026-10-05T09:13:15.2328350Z [5,200 / 5,748] Compiling Swift module //submodules/ReactionSelectionNode:ReactionSelectionNode; 5s disk-cache, worker ... (3 actions, 2 running)
2026-10-05T09:13:16.2602960Z [5,202 / 5,748] Compiling Swift module //submodules/ReactionSelectionNode:ReactionSelectionNode; 6s disk-cache, worker ... (3 actions, 2 running)
2026-10-05T09:13:18.3423880Z [5,202 / 5,748] Compiling Swift module //submodules/ReactionSelectionNode:ReactionSelectionNode; 8s disk-cache, worker ... (3 actions running)
2026-10-05T09:13:19.9539670Z [5,203 / 5,748] Compiling Swift module //submodules/ReactionSelectionNode:ReactionSelectionNode; 10s disk-cache, worker ... (3 actions, 2 running)
2026-10-05T09:13:21.5802320Z [5,203 / 5,748] Compiling Swift module //submodules/ReactionSelectionNode:ReactionSelectionNode; 11s disk-cache, worker ... (3 actions running)
2026-10-05T09:13:22.7234150Z [5,204 / 5,748] Compiling Swift module //submodules/BotPaymentsUI:BotPaymentsUI; 7s disk-cache, worker ... (3 actions, 2 running)
2026-10-05T09:13:23.8377440Z [5,207 / 5,748] Compiling Swift module //submodules/BotPaymentsUI:BotPaymentsUI; 8s disk-cache, worker ... (3 actions running)
2026-10-05T09:13:26.2593140Z [5,208 / 5,748] Compiling Swift module //submodules/BotPaymentsUI:BotPaymentsUI; 11s disk-cache, worker ... (3 actions, 2 running)
2026-10-05T09:13:28.1602720Z [5,211 / 5,748] Compiling Swift module //submodules/BotPaymentsUI:BotPaymentsUI; 12s disk-cache, worker ... (3 actions running)
2026-10-05T09:13:34.4044400Z [5,212 / 5,748] Compiling Swift module //submodules/BotPaymentsUI:BotPaymentsUI; 19s disk-cache, worker ... (3 actions, 2 running)
2026-10-05T09:13:35.5530370Z [5,216 / 5,748] Compiling Swift module //submodules/TelegramUI/Components/Chat/TopMessageReactions:TopMessageReactions; 8s disk-cache, worker ... (3 actions running)
2026-10-05T09:13:36.6948450Z [5,218 / 5,748] Compiling Swift module //submodules/TelegramUI/Components/Gifts/GiftItemComponent:GiftItemComponent; 2s disk-cache, worker ... (3 actions running)
2026-10-05T09:13:39.4065880Z [5,219 / 5,748] Compiling Swift module //submodules/TelegramUI/Components/Gifts/GiftItemComponent:GiftItemComponent; 4s disk-cache, worker ... (3 actions, 2 running)
2026-10-05T09:13:40.9604120Z [5,220 / 5,748] Compiling Swift module //submodules/DebugSettingsUI:DebugSettingsUI; 5s disk-cache, worker ... (2 actions running)
2026-10-05T09:13:42.0782000Z [5,220 / 5,748] Compiling Swift module //submodules/DebugSettingsUI:DebugSettingsUI; 7s disk-cache, worker ... (3 actions running)
2026-10-05T09:13:43.1134840Z [5,222 / 5,748] Compiling Swift module //submodules/TelegramUI/Components/Settings/ThemeCarouselItem:ThemeCarouselItem; 3s disk-cache, worker ... (3 actions running)
2026-10-05T09:13:44.1543800Z [5,227 / 5,748] Compiling Swift module //submodules/TelegramUI/Components/AdminUserActionsSheet:AdminUserActionsSheet; 0s disk-cache, worker ... (3 actions, 2 running)
2026-10-05T09:13:45.3400440Z [5,228 / 5,748] Compiling Swift module //submodules/TelegramUI/Components/AdminUserActionsSheet:AdminUserActionsSheet; 1s disk-cache, worker ... (3 actions running)
2026-10-05T09:13:46.4006010Z [5,231 / 5,748] Compiling Swift module //submodules/TelegramUI/Components/AdminUserActionsSheet:AdminUserActionsSheet; 2s disk-cache, worker ... (3 actions running)
2026-10-05T09:13:47.6910420Z [5,232 / 5,748] Compiling Swift module //submodules/TelegramUI/Components/AdminUserActionsSheet:AdminUserActionsSheet; 3s disk-cache, worker ... (3 actions, 2 running)
2026-10-05T09:13:49.5621820Z [5,233 / 5,748] Compiling Swift module //submodules/TelegramUI/Components/AdminUserActionsSheet:AdminUserActionsSheet; 5s disk-cache, worker ... (3 actions running)
2026-10-05T09:13:50.7494740Z [5,234 / 5,748] Compiling Swift module //submodules/TelegramUI/Components/AdminUserActionsSheet:AdminUserActionsSheet; 6s disk-cache, worker ... (3 actions, 2 running)
2026-10-05T09:13:51.8133970Z [5,237 / 5,748] Compiling Swift module //submodules/TelegramUI/Components/ContextControllerImpl:ContextControllerImpl; 4s disk-cache, worker ... (3 actions running)
2026-10-05T09:13:53.1916510Z [5,238 / 5,748] Compiling Swift module //submodules/TelegramUI/Components/ContextControllerImpl:ContextControllerImpl; 5s disk-cache, worker ... (3 actions, 2 running)
2026-10-05T09:13:54.9703390Z [5,239 / 5,748] Compiling Swift module //submodules/TelegramUI/Components/ContextControllerImpl:ContextControllerImpl; 7s disk-cache, worker ... (3 actions running)
2026-10-05T09:13:56.1375290Z [5,240 / 5,748] Compiling Swift module //submodules/TelegramUI/Components/ContextControllerImpl:ContextControllerImpl; 8s disk-cache, worker ... (3 actions, 2 running)
2026-10-05T09:13:57.2022670Z [5,241 / 5,748] Compiling Swift module //submodules/TelegramUI/Components/ContextControllerImpl:ContextControllerImpl; 9s disk-cache, worker ... (3 actions running)
2026-10-05T09:13:58.3223480Z [5,247 / 5,748] Compiling Swift module //submodules/TelegramUI/Components/ContextControllerImpl:ContextControllerImpl; 10s disk-cache, worker ... (3 actions running)
2026-10-05T09:14:00.0599520Z [5,248 / 5,748] Compiling Swift module //submodules/TelegramUI/Components/ContextControllerImpl:ContextControllerImpl; 12s disk-cache, worker ... (3 actions, 2 running)
2026-10-05T09:14:01.3785630Z [5,250 / 5,748] Compiling Swift module //submodules/TelegramUI/Components/ContextControllerImpl:ContextControllerImpl; 13s disk-cache, worker ... (3 actions, 2 running)
2026-10-05T09:14:02.6030800Z [5,252 / 5,748] Compiling Swift module //submodules/ItemListPeerItem:ItemListPeerItem; 2s disk-cache, worker ... (3 actions running)
2026-10-05T09:14:03.8227170Z [5,253 / 5,748] Compiling Swift module //submodules/ItemListPeerItem:ItemListPeerItem; 3s disk-cache, worker ... (3 actions, 2 running)
2026-10-05T09:14:05.7513440Z [5,256 / 5,748] Compiling Swift module //submodules/ItemListPeerItem:ItemListPeerItem; 5s disk-cache, worker ... (3 actions running)
2026-10-05T09:14:06.8433420Z [5,258 / 5,748] Compiling Swift module //submodules/TelegramUI/Components/VolumeSliderContextItem:VolumeSliderContextItem; 2s disk-cache, worker ... (3 actions, 2 running)
2026-10-05T09:14:07.8631930Z [5,260 / 5,748] Compiling Swift module //submodules/ChatListSearchRecentPeersNode:ChatListSearchRecentPeersNode; 1s disk-cache, worker ... (3 actions running)
2026-10-05T09:14:09.2455590Z [5,261 / 5,748] Compiling Swift module //submodules/ChatListSearchRecentPeersNode:ChatListSearchRecentPeersNode; 2s disk-cache, worker ... (3 actions, 2 running)
2026-10-05T09:14:11.1353620Z [5,267 / 5,748] Compiling Swift module //submodules/ListMessageItem:ListMessageItem; 3s disk-cache, worker ... (3 actions running)
2026-10-05T09:14:12.1433880Z [5,269 / 5,748] Compiling Swift module //submodules/ListMessageItem:ListMessageItem; 4s disk-cache, worker ... (3 actions running)
2026-10-05T09:14:13.1805290Z [5,271 / 5,748] Compiling Swift module //submodules/ListMessageItem:ListMessageItem; 5s disk-cache, worker ... (3 actions running)
2026-10-05T09:14:15.2303000Z [5,272 / 5,748] Compiling Swift module //submodules/ChatPresentationInterfaceState:ChatPresentationInterfaceState; 5s disk-cache, worker ... (3 actions, 2 running)
2026-10-05T09:14:16.3373000Z [5,273 / 5,748] Compiling Swift module //submodules/ChatPresentationInterfaceState:ChatPresentationInterfaceState; 6s disk-cache, worker ... (3 actions running)
2026-10-05T09:14:17.4640760Z [5,275 / 5,748] Compiling Swift module //submodules/ChatPresentationInterfaceState:ChatPresentationInterfaceState; 7s disk-cache, worker ... (3 actions running)
2026-10-05T09:14:19.0727280Z [5,276 / 5,748] Compiling Swift module //submodules/ChatPresentationInterfaceState:ChatPresentationInterfaceState; 8s disk-cache, worker ... (3 actions, 2 running)
2026-10-05T09:14:20.7068950Z [5,277 / 5,748] Compiling Swift module //submodules/ChatPresentationInterfaceState:ChatPresentationInterfaceState; 10s disk-cache, worker ... (3 actions running)
2026-10-05T09:14:21.8600300Z [5,280 / 5,748] Compiling Swift module //submodules/ChatPresentationInterfaceState:ChatPresentationInterfaceState; 11s disk-cache, worker ... (3 actions running)
2026-10-05T09:14:23.8370250Z [5,281 / 5,748] Compiling Swift module //submodules/ChatPresentationInterfaceState:ChatPresentationInterfaceState; 13s disk-cache, worker ... (3 actions, 2 running)
2026-10-05T09:14:25.0816200Z [5,282 / 5,748] Compiling Swift module //submodules/ChatPresentationInterfaceState:ChatPresentationInterfaceState; 14s disk-cache, worker ... (3 actions running)
2026-10-05T09:14:26.7769280Z [5,283 / 5,748] Compiling Swift module //submodules/ChatPresentationInterfaceState:ChatPresentationInterfaceState; 16s disk-cache, worker ... (3 actions, 2 running)
2026-10-05T09:14:28.2217760Z [5,283 / 5,748] Compiling Swift module //submodules/ChatPresentationInterfaceState:ChatPresentationInterfaceState; 18s disk-cache, worker ... (3 actions running)
2026-10-05T09:14:30.1517110Z [5,284 / 5,748] Compiling Swift module //submodules/ChatPresentationInterfaceState:ChatPresentationInterfaceState; 20s disk-cache, worker ... (3 actions, 2 running)
2026-10-05T09:14:31.2895160Z [5,285 / 5,748] Compiling Swift module //submodules/ChatPresentationInterfaceState:ChatPresentationInterfaceState; 21s disk-cache, worker ... (3 actions running)
2026-10-05T09:14:32.3363060Z [5,286 / 5,748] Compiling Swift module //submodules/TranslateUI:TranslateUI; 5s disk-cache, worker ... (3 actions running)
2026-10-05T09:14:34.4420430Z [5,287 / 5,748] Compiling Swift module //submodules/TelegramUI/Components/PeerInfo/AffiliateProgramSetupScreen:AffiliateProgramSetupScreen; 4s disk-cache, worker ... (3 actions, 2 running)
2026-10-05T09:14:35.7069470Z [5,289 / 5,748] Compiling Swift module //submodules/TelegramUI/Components/PeerInfo/AffiliateProgramSetupScreen:AffiliateProgramSetupScreen; 5s disk-cache, worker ... (3 actions running)
2026-10-05T09:14:38.1036290Z [5,290 / 5,748] Compiling Swift module //submodules/TelegramUI/Components/PeerInfo/AffiliateProgramSetupScreen:AffiliateProgramSetupScreen; 7s disk-cache, worker ... (3 actions, 2 running)
2026-10-05T09:14:39.3061050Z [5,292 / 5,748] Compiling Swift module //submodules/TelegramUI/Components/Chat/ChatSendStarsScreen:ChatSendStarsScreen; 4s disk-cache, worker ... (3 actions, 2 running)
2026-10-05T09:14:41.2632920Z [5,293 / 5,748] Compiling Swift module //submodules/TelegramUI/Components/Chat/ChatSendStarsScreen:ChatSendStarsScreen; 6s disk-cache, worker ... (3 actions running)
2026-10-05T09:14:42.3400220Z [5,297 / 5,748] Compiling Swift module //submodules/TelegramUI/Components/Chat/ChatSendStarsScreen:ChatSendStarsScreen; 7s disk-cache, worker ... (3 actions running)
2026-10-05T09:14:44.5040840Z [5,299 / 5,748] Compiling Swift module //submodules/TelegramUI/Components/Chat/ChatSendStarsScreen:ChatSendStarsScreen; 9s disk-cache, worker ... (2 actions, 1 running)
2026-10-05T09:14:45.7173530Z [5,302 / 5,748] Compiling Swift module //submodules/ContactsPeerItem:ContactsPeerItem; 1s disk-cache, worker ... (3 actions, 2 running)
2026-10-05T09:14:46.7309280Z [5,304 / 5,748] Compiling Swift module //submodules/ContactsPeerItem:ContactsPeerItem; 2s disk-cache, worker ... (3 actions running)
2026-10-05T09:14:47.8826860Z [5,308 / 5,748] Compiling Swift module //submodules/ContactsPeerItem:ContactsPeerItem; 3s disk-cache, worker ... (3 actions running)
2026-10-05T09:14:48.9072320Z [5,310 / 5,748] Compiling Swift module //submodules/ContactsPeerItem:ContactsPeerItem; 4s disk-cache, worker ... (3 actions running)
2026-10-05T09:14:50.0312570Z [5,312 / 5,748] Compiling Swift module //submodules/ContactsPeerItem:ContactsPeerItem; 5s disk-cache, worker ... (3 actions running)
2026-10-05T09:14:51.2761790Z [5,313 / 5,748] Compiling Swift module //submodules/TelegramUI/Components/ShareWithPeersScreen:ShareWithPeersScreen; 4s disk-cache, worker ... (3 actions, 2 running)
2026-10-05T09:14:52.9641950Z [5,317 / 5,748] Compiling Swift module //submodules/TelegramUI/Components/ShareWithPeersScreen:ShareWithPeersScreen; 6s disk-cache, worker ... (3 actions, 2 running)
2026-10-05T09:14:54.4099480Z [5,318 / 5,748] Compiling Swift module //submodules/TelegramUI/Components/ShareWithPeersScreen:ShareWithPeersScreen; 7s disk-cache, worker ... (3 actions running)
2026-10-05T09:14:55.5503520Z [5,320 / 5,748] Compiling Swift module //submodules/TelegramUI/Components/ShareWithPeersScreen:ShareWithPeersScreen; 8s disk-cache, worker ... (3 actions running)
2026-10-05T09:14:56.6792020Z [5,321 / 5,748] Compiling Swift module //submodules/TelegramUI/Components/ShareWithPeersScreen:ShareWithPeersScreen; 9s disk-cache, worker ... (3 actions, 2 running)
2026-10-05T09:14:58.7534150Z [5,324 / 5,748] Compiling Swift module //submodules/TelegramUI/Components/ShareWithPeersScreen:ShareWithPeersScreen; 11s disk-cache, worker ... (3 actions running)
2026-10-05T09:14:59.8213620Z [5,326 / 5,748] Compiling Swift module //submodules/TelegramUI/Components/ShareWithPeersScreen:ShareWithPeersScreen; 12s disk-cache, worker ... (3 actions running)
2026-10-05T09:15:01.7256400Z [5,327 / 5,748] Compiling Swift module //submodules/TelegramUI/Components/ShareWithPeersScreen:ShareWithPeersScreen; 14s disk-cache, worker ... (3 actions, 2 running)
2026-10-05T09:15:02.9965480Z [5,329 / 5,748] Compiling Swift module //submodules/TelegramUI/Components/Chat/ChatRichTextEditorComposer:ChatRichTextEditorComposer; 6s disk-cache, worker ... (3 actions running)
2026-10-05T09:15:03.9965240Z [5,331 / 5,748] Compiling Swift module //submodules/TelegramUI/Components/Chat/ChatMessageInteractiveFileNode:ChatMessageInteractiveFileNode; 2s disk-cache, worker ... (3 actions running)
2026-10-05T09:15:05.0197320Z [5,333 / 5,748] Compiling Swift module //submodules/TelegramUI/Components/Chat/ChatMessageInteractiveFileNode:ChatMessageInteractiveFileNode; 3s disk-cache, worker ... (3 actions running)
2026-10-05T09:15:07.7838880Z [5,334 / 5,748] Compiling Swift module //submodules/PremiumUI:PremiumUI; 5s disk-cache, worker ... (3 actions, 2 running)
2026-10-05T09:15:08.9572440Z [5,336 / 5,748] Compiling Swift module //submodules/PremiumUI:PremiumUI; 6s disk-cache, worker ... (3 actions, 2 running)
2026-10-05T09:15:10.3310570Z [5,338 / 5,748] Compiling Swift module //submodules/PremiumUI:PremiumUI; 8s disk-cache, worker ... (3 actions running)
2026-10-05T09:15:11.4555680Z [5,339 / 5,748] Compiling Swift module //submodules/PremiumUI:PremiumUI; 9s disk-cache, worker ... (3 actions running)
2026-10-05T09:15:12.5775590Z [5,341 / 5,748] Compiling Swift module //submodules/PremiumUI:PremiumUI; 10s disk-cache, worker ... (3 actions running)
2026-10-05T09:15:13.5958740Z [5,343 / 5,748] Compiling Swift module //submodules/PremiumUI:PremiumUI; 11s disk-cache, worker ... (3 actions, 2 running)
2026-10-05T09:15:14.7305950Z [5,345 / 5,748] Compiling Swift module //submodules/PremiumUI:PremiumUI; 12s disk-cache, worker ... (3 actions running)
2026-10-05T09:15:16.3575130Z [5,346 / 5,748] Compiling Swift module //submodules/PremiumUI:PremiumUI; 14s disk-cache, worker ... (3 actions, 2 running)
2026-10-05T09:15:17.9951280Z [5,348 / 5,748] Compiling Swift module //submodules/PremiumUI:PremiumUI; 15s disk-cache, worker ... (3 actions running)
2026-10-05T09:15:18.9928700Z [5,351 / 5,748] Compiling Swift module //submodules/PremiumUI:PremiumUI; 17s disk-cache, worker ... (3 actions running)
2026-10-05T09:15:20.7837900Z [5,352 / 5,748] Compiling Swift module //submodules/PremiumUI:PremiumUI; 18s disk-cache, worker ... (3 actions, 2 running)
2026-10-05T09:15:22.1731010Z [5,356 / 5,748] Compiling Swift module //submodules/PremiumUI:PremiumUI; 20s disk-cache, worker ... (3 actions running)
2026-10-05T09:15:23.3094190Z [5,358 / 5,748] Compiling Swift module //submodules/PremiumUI:PremiumUI; 21s disk-cache, worker ... (3 actions running)
2026-10-05T09:15:24.4543720Z [5,362 / 5,748] Compiling Swift module //submodules/PremiumUI:PremiumUI; 22s disk-cache, worker ... (3 actions running)
2026-10-05T09:15:25.4915400Z [5,366 / 5,748] Compiling Swift module //submodules/PremiumUI:PremiumUI; 23s disk-cache, worker ... (3 actions running)
2026-10-05T09:15:26.5789740Z [5,367 / 5,748] Compiling Swift module //submodules/PremiumUI:PremiumUI; 24s disk-cache, worker ... (3 actions running)
2026-10-05T09:15:28.7528120Z [5,368 / 5,748] Compiling Swift module //submodules/PremiumUI:PremiumUI; 26s disk-cache, worker ... (3 actions, 2 running)
2026-10-05T09:15:29.8653860Z [5,372 / 5,748] Compiling Swift module //submodules/PremiumUI:PremiumUI; 27s disk-cache, worker ... (3 actions running)
2026-10-05T09:15:30.9913220Z [5,373 / 5,748] Compiling Swift module //submodules/PremiumUI:PremiumUI; 29s disk-cache, worker ... (3 actions running)
2026-10-05T09:15:32.0809340Z [5,375 / 5,748] Compiling Swift module //submodules/PremiumUI:PremiumUI; 30s disk-cache, worker ... (3 actions running)
2026-10-05T09:15:33.0992040Z [5,377 / 5,748] Compiling Swift module //submodules/PremiumUI:PremiumUI; 31s disk-cache, worker ... (3 actions running)
2026-10-05T09:15:34.1775430Z [5,379 / 5,748] Compiling Swift module //submodules/PremiumUI:PremiumUI; 32s disk-cache, worker ... (3 actions running)
2026-10-05T09:15:35.1988970Z [5,380 / 5,748] Compiling Swift module //submodules/PremiumUI:PremiumUI; 33s disk-cache, worker ... (3 actions, 2 running)
2026-10-05T09:15:36.2381450Z [5,383 / 5,748] Compiling Swift module //submodules/PremiumUI:PremiumUI; 34s disk-cache, worker ... (3 actions, 2 running)
2026-10-05T09:15:37.2940990Z [5,384 / 5,748] Compiling Swift module //submodules/PremiumUI:PremiumUI; 35s disk-cache, worker ... (3 actions, 2 running)
2026-10-05T09:15:38.5331450Z [5,387 / 5,748] Compiling Swift module //submodules/PremiumUI:PremiumUI; 36s disk-cache, worker ... (3 actions running)
2026-10-05T09:15:39.6150990Z [5,391 / 5,748] Compiling Swift module //submodules/PremiumUI:PremiumUI; 37s disk-cache, worker ... (3 actions, 2 running)
2026-10-05T09:15:40.6489720Z [5,391 / 5,748] Compiling Swift module //submodules/PremiumUI:PremiumUI; 38s disk-cache, worker ... (3 actions running)
2026-10-05T09:15:41.7124930Z [5,392 / 5,748] Compiling Swift module //submodules/PremiumUI:PremiumUI; 39s disk-cache, worker ... (3 actions running)
2026-10-05T09:15:43.5409800Z [5,393 / 5,748] Compiling Swift module //submodules/PremiumUI:PremiumUI; 41s disk-cache, worker ... (3 actions, 2 running)
2026-10-05T09:15:45.0523180Z [5,396 / 5,748] Compiling Swift module //submodules/PremiumUI:PremiumUI; 43s disk-cache, worker ... (3 actions running)
2026-10-05T09:15:46.1818610Z [5,397 / 5,748] Compiling Swift module //submodules/TelegramUI/Components/Chat/ChatMessageRestrictedBubbleContentNode:ChatMessageRestrictedBubbleContentNode; 2s disk-cache, worker ... (3 actions running)
2026-10-05T09:15:47.1962850Z [5,399 / 5,748] Compiling Swift module //submodules/TelegramUI/Components/Chat/ChatMessageSelectionInputPanelNode:ChatMessageSelectionInputPanelNode; 2s disk-cache, worker ... (3 actions running)
2026-10-05T09:15:48.2740760Z [5,403 / 5,748] Compiling Swift module //submodules/TelegramUI/Components/PeerManagement/OldChannelsController:OldChannelsController; 3s disk-cache, worker ... (3 actions, 2 running)
2026-10-05T09:15:49.3564490Z [5,404 / 5,748] Compiling Swift module //submodules/TelegramUI/Components/PeerManagement/OldChannelsController:OldChannelsController; 4s disk-cache, worker ... (3 actions running)
2026-10-05T09:15:50.4192400Z [5,408 / 5,748] Compiling Swift module //submodules/TelegramUI/Components/PeerManagement/OldChannelsController:OldChannelsController; 5s disk-cache, worker ... (3 actions running)
2026-10-05T09:15:51.4700500Z [5,409 / 5,748] Compiling Swift module //submodules/TelegramUI/Components/Chat/ChatMessageWallpaperBubbleContentNode:ChatMessageWallpaperBubbleContentNode; 3s disk-cache, worker ... (3 actions running)
2026-10-05T09:15:53.4151540Z [5,410 / 5,748] Compiling Swift module //submodules/TelegramUI/Components/Chat/ChatNewThreadInfoItem:ChatNewThreadInfoItem; 3s disk-cache, worker ... (3 actions, 2 running)
2026-10-05T09:15:54.8644210Z [5,414 / 5,748] Compiling Swift module //submodules/TelegramUI/Components/Chat/ChatMessageGiftBubbleContentNode:ChatMessageGiftBubbleContentNode; 1s disk-cache, worker ... (3 actions running)
2026-10-05T09:15:58.5418490Z [5,415 / 5,748] Compiling Swift module //submodules/TelegramUI/Components/Chat/ChatMessageGiftBubbleContentNode:ChatMessageGiftBubbleContentNode; 5s disk-cache, worker ... (3 actions, 2 running)
2026-10-05T09:16:00.0826460Z [5,416 / 5,748] Compiling Swift module //submodules/TelegramUI/Components/Chat/ChatMessageGiftBubbleContentNode:ChatMessageGiftBubbleContentNode; 6s disk-cache, worker ... (3 actions running)
2026-10-05T09:16:01.8583940Z [5,417 / 5,748] Compiling Swift module //submodules/TelegramUI/Components/Chat/ChatMessageGiftBubbleContentNode:ChatMessageGiftBubbleContentNode; 8s disk-cache, worker ... (3 actions, 2 running)
2026-10-05T09:16:02.9236060Z [5,419 / 5,748] Compiling Swift module //submodules/TelegramUI/Components/Stars/StarsWithdrawalScreen:StarsWithdrawalScreen; 8s disk-cache, worker ... (3 actions, 2 running)
2026-10-05T09:16:04.4412430Z [5,422 / 5,748] Compiling Swift module //submodules/TelegramUI/Components/Chat/ChatMessageInteractiveInstantVideoNode:ChatMessageInteractiveInstantVideoNode; 2s disk-cache, worker ... (3 actions running)
2026-10-05T09:16:05.4677800Z [5,424 / 5,748] Compiling Swift module //submodules/TelegramUI/Components/Chat/ChatMessageInteractiveInstantVideoNode:ChatMessageInteractiveInstantVideoNode; 3s disk-cache, worker ... (3 actions running)
2026-10-05T09:16:06.4758440Z [5,425 / 5,748] Compiling Swift module //submodules/TelegramUI/Components/Chat/ChatMessageInteractiveInstantVideoNode:ChatMessageInteractiveInstantVideoNode; 4s disk-cache, worker ... (2 actions running)
2026-10-05T09:16:07.6127200Z [5,426 / 5,748] Compiling Swift module //submodules/TelegramUI/Components/Chat/ChatMessageInteractiveInstantVideoNode:ChatMessageInteractiveInstantVideoNode; 5s disk-cache, worker ... (3 actions running)
2026-10-05T09:16:08.7066570Z [5,430 / 5,748] Compiling Swift module //submodules/TelegramUI/Components/Chat/ChatMessageGiveawayBubbleContentNode:ChatMessageGiveawayBubbleContentNode; 2s disk-cache, worker ... (3 actions running)
2026-10-05T09:16:10.5030660Z [5,431 / 5,748] Compiling Swift module //submodules/TelegramUI/Components/Chat/ChatMessageGiveawayBubbleContentNode:ChatMessageGiveawayBubbleContentNode; 3s disk-cache, worker ... (3 actions, 2 running)
2026-10-05T09:16:11.8435210Z [5,436 / 5,748] Compiling Swift module //submodules/TelegramUI/Components/Chat/ChatMessageGiveawayBubbleContentNode:ChatMessageGiveawayBubbleContentNode; 5s disk-cache, worker ... (3 actions running)
2026-10-05T09:16:12.8853340Z [5,441 / 5,748] Compiling Swift module //submodules/TelegramUI/Components/Chat/ChatMessageFactCheckBubbleContentNode:ChatMessageFactCheckBubbleContentNode; 2s disk-cache, worker ... (3 actions running)
2026-10-05T09:16:14.5488080Z [5,442 / 5,748] Compiling Swift module //submodules/TelegramUI/Components/ForumCreateTopicScreen:ForumCreateTopicScreen; 3s disk-cache, worker ... (3 actions, 2 running)
2026-10-05T09:16:15.6208870Z [5,446 / 5,748] Compiling Swift module //submodules/TelegramUI/Components/TranslateHeaderPanelComponent:TranslateHeaderPanelComponent; 0s disk-cache, worker ... (3 actions, 2 running)
2026-10-05T09:16:17.2184090Z [5,447 / 5,748] Compiling Swift module //submodules/TelegramUI/Components/TranslateHeaderPanelComponent:TranslateHeaderPanelComponent; 2s disk-cache, worker ... (3 actions running)
2026-10-05T09:16:19.7920370Z [5,448 / 5,748] Compiling Swift module //submodules/TelegramUI/Components/PeerAllowedReactionsScreen:PeerAllowedReactionsScreen; 4s disk-cache, worker ... (3 actions, 2 running)
2026-10-05T09:16:21.7051020Z [5,451 / 5,748] Compiling Swift module //submodules/TelegramUI/Components/PeerAllowedReactionsScreen:PeerAllowedReactionsScreen; 6s disk-cache, worker ... (3 actions running)
2026-10-05T09:16:24.7810680Z [5,452 / 5,748] Compiling Swift module //submodules/FeaturedStickersScreen:FeaturedStickersScreen; 4s disk-cache, worker ... (3 actions, 2 running)
2026-10-05T09:16:25.9543600Z [5,453 / 5,748] Compiling Swift module //submodules/FeaturedStickersScreen:FeaturedStickersScreen; 6s disk-cache, worker ... (2 actions running)
2026-10-05T09:16:29.2678450Z [5,454 / 5,748] Compiling Swift module //submodules/StickerPackPreviewUI:StickerPackPreviewUI; 8s disk-cache, worker ... (2 actions, 1 running)
2026-10-05T09:16:31.1819480Z [5,455 / 5,748] Compiling Swift module //submodules/StickerPackPreviewUI:StickerPackPreviewUI; 10s disk-cache, worker ... (2 actions running)
2026-10-05T09:16:33.0098200Z [5,456 / 5,748] Compiling Swift module //submodules/TelegramUI/Components/ChatEntityKeyboardInputNode:ChatEntityKeyboardInputNode; 3s disk-cache, worker ... (2 actions, 1 running)
2026-10-05T09:16:34.3626170Z [5,457 / 5,748] Compiling Swift module //submodules/TelegramUI/Components/ChatEntityKeyboardInputNode:ChatEntityKeyboardInputNode; 5s disk-cache, worker ... (2 actions running)
2026-10-05T09:16:38.3794070Z [5,458 / 5,748] Compiling Swift module //submodules/TelegramUI/Components/ChatEntityKeyboardInputNode:ChatEntityKeyboardInputNode; 9s disk-cache, worker ... (2 actions, 1 running)
2026-10-05T09:16:39.8837490Z [5,459 / 5,748] Compiling Swift module //submodules/TelegramUI/Components/ChatEntityKeyboardInputNode:ChatEntityKeyboardInputNode; 10s disk-cache, worker
2026-10-05T09:16:41.0415800Z [5,460 / 5,748] [Prepa] Linking submodules/TelegramUI/Components/ChatEntityKeyboardInputNode/libChatEntityKeyboardInputNode.a
2026-10-05T09:16:43.0588620Z [5,461 / 5,748] Compiling Swift module //submodules/TelegramUI/Components/StickerPickerScreen:StickerPickerScreen; 1s disk-cache, worker ... (2 actions running)
2026-10-05T09:16:47.9866590Z [5,462 / 5,748] Compiling Swift module //submodules/TelegramUI/Components/StickerPickerScreen:StickerPickerScreen; 6s disk-cache, worker ... (2 actions, 1 running)
2026-10-05T09:16:49.5541140Z [5,465 / 5,748] Compiling Swift module //submodules/DrawingUI:DrawingUI; 1s disk-cache, worker
2026-10-05T09:17:00.6002510Z [5,465 / 5,748] Compiling Swift module //submodules/DrawingUI:DrawingUI; 12s disk-cache, worker
2026-10-05T09:17:14.2456380Z [5,466 / 5,748] [Prepa] Linking submodules/DrawingUI/libDrawingUI.a
2026-10-05T09:17:16.2134360Z [5,467 / 5,748] Compiling Swift module //submodules/TelegramUI/Components/AvatarEditorScreen:AvatarEditorScreen; 1s disk-cache, worker ... (2 actions running)
2026-10-05T09:17:22.2009730Z [5,468 / 5,748] Compiling Swift module //submodules/LegacyMediaPickerUI:LegacyMediaPickerUI; 7s disk-cache, worker ... (2 actions, 1 running)
2026-10-05T09:17:23.7140710Z [5,469 / 5,748] Compiling Swift module //submodules/LegacyMediaPickerUI:LegacyMediaPickerUI; 9s disk-cache, worker
2026-10-05T09:17:27.7917550Z [5,470 / 5,748] [Prepa] Linking submodules/LegacyMediaPickerUI/libLegacyMediaPickerUI.a
2026-10-05T09:17:29.3477750Z [5,471 / 5,748] Compiling Swift module //submodules/TelegramUI/Components/VideoMessageCameraScreen:VideoMessageCameraScreen; 1s disk-cache, worker ... (3 actions running)
2026-10-05T09:17:32.8120570Z [5,472 / 5,748] Compiling Swift module //submodules/TelegramUI/Components/VideoMessageCameraScreen:VideoMessageCameraScreen; 4s disk-cache, worker ... (3 actions, 2 running)
2026-10-05T09:17:34.6918490Z [5,473 / 5,748] Compiling Swift module //submodules/TelegramUI/Components/VideoMessageCameraScreen:VideoMessageCameraScreen; 6s disk-cache, worker ... (3 actions running)
2026-10-05T09:17:35.7501230Z [5,475 / 5,748] Compiling Swift module //submodules/AuthorizationUI:AuthorizationUI; 7s disk-cache, worker ... (3 actions running)
2026-10-05T09:17:37.2834980Z [5,476 / 5,748] Compiling Swift module //submodules/AuthorizationUI:AuthorizationUI; 9s disk-cache, worker ... (3 actions, 2 running)
2026-10-05T09:17:39.0177700Z [5,476 / 5,748] Compiling Swift module //submodules/AuthorizationUI:AuthorizationUI; 11s disk-cache, worker ... (3 actions running)
2026-10-05T09:17:40.1549780Z [5,477 / 5,748] Compiling Swift module //submodules/AuthorizationUI:AuthorizationUI; 12s disk-cache, worker ... (3 actions running)
2026-10-05T09:17:41.2279250Z [5,478 / 5,748] Compiling Swift module //submodules/AuthorizationUI:AuthorizationUI; 13s disk-cache, worker ... (3 actions running)
2026-10-05T09:17:45.1105690Z [5,479 / 5,748] Compiling Swift module //submodules/TelegramUI/Components/NotificationPeerExceptionController:NotificationPeerExceptionController; 5s disk-cache, worker ... (3 actions, 2 running)
2026-10-05T09:17:46.6871140Z [5,482 / 5,748] Compiling Swift module //submodules/QrCodeUI:QrCodeUI; 1s disk-cache, worker ... (2 actions running)
2026-10-05T09:17:47.8409670Z [5,486 / 5,748] Compiling Swift module //submodules/QrCodeUI:QrCodeUI; 2s disk-cache, worker ... (3 actions running)
2026-10-05T09:17:50.2761200Z [5,487 / 5,748] Compiling Swift module //submodules/QrCodeUI:QrCodeUI; 4s disk-cache, worker ... (3 actions, 2 running)
2026-10-05T09:17:51.4727980Z [5,488 / 5,748] Compiling Swift module //submodules/TelegramUI/Components/Chat/ChatTextInputPanelNode:ChatTextInputPanelNode; 6s disk-cache, worker ... (3 actions, 2 running)
2026-10-05T09:17:53.1303530Z [5,491 / 5,748] Compiling Swift module //submodules/TelegramUI/Components/Chat/ChatTextInputPanelNode:ChatTextInputPanelNode; 7s disk-cache, worker ... (2 actions running)
2026-10-05T09:17:54.3164350Z [5,492 / 5,748] Compiling Swift module //submodules/TelegramUI/Components/Chat/ChatTextInputPanelNode:ChatTextInputPanelNode; 8s disk-cache, worker ... (2 actions, 1 running)
2026-10-05T09:17:55.3301350Z [5,493 / 5,748] Compiling Swift module //submodules/TelegramUI/Components/Chat/ChatTextInputPanelNode:ChatTextInputPanelNode; 9s disk-cache, worker
2026-10-05T09:18:03.4064220Z [5,494 / 5,748] [Prepa] Linking submodules/TelegramUI/Components/Chat/ChatTextInputPanelNode/libChatTextInputPanelNode.a
2026-10-05T09:18:05.0253260Z [5,495 / 5,748] Compiling Swift module //submodules/TelegramUI/Components/MessageInputPanelComponent:MessageInputPanelComponent; 1s disk-cache, worker
2026-10-05T09:18:16.4667150Z [5,495 / 5,748] Compiling Swift module //submodules/TelegramUI/Components/MessageInputPanelComponent:MessageInputPanelComponent; 12s disk-cache, worker
2026-10-05T09:18:17.7500930Z [5,497 / 5,748] Compiling Swift module //submodules/TelegramUI/Components/LegacyMessageInputPanel:LegacyMessageInputPanel; 0s disk-cache, worker ... (3 actions running)
2026-10-05T09:18:20.5293910Z [5,498 / 5,748] Compiling Swift module //submodules/TelegramUI/Components/Gifts/GiftSetupScreen:GiftSetupScreen; 3s disk-cache, worker ... (3 actions, 2 running)
2026-10-05T09:18:22.0778060Z [5,499 / 5,748] Compiling Swift module //submodules/TelegramUI/Components/Gifts/GiftSetupScreen:GiftSetupScreen; 4s disk-cache, worker ... (2 actions running)
2026-10-05T09:18:24.4028630Z [5,500 / 5,748] Compiling Swift module //submodules/ShareController:ShareController; 6s disk-cache, worker ... (2 actions, 1 running)
2026-10-05T09:18:25.4443870Z [5,501 / 5,748] Compiling Swift module //submodules/ShareController:ShareController; 7s disk-cache, worker
2026-10-05T09:18:35.8732190Z [5,502 / 5,748] [Prepa] Linking submodules/ShareController/libShareController.a
2026-10-05T09:18:37.4916010Z [5,503 / 5,748] Compiling Swift module //submodules/TelegramUI/Components/PeerInfo/PostSuggestionsSettingsScreen:PostSuggestionsSettingsScreen; 1s disk-cache, worker ... (3 actions running)
2026-10-05T09:18:39.1030200Z [5,504 / 5,748] Compiling Swift module //submodules/TelegramUI/Components/PeerInfo/PostSuggestionsSettingsScreen:PostSuggestionsSettingsScreen; 3s disk-cache, worker ... (3 actions, 2 running)
2026-10-05T09:18:40.1829380Z [5,506 / 5,748] Compiling Swift module //submodules/ImportStickerPackUI:ImportStickerPackUI; 4s disk-cache, worker ... (3 actions, 2 running)
2026-10-05T09:18:41.6779530Z [5,507 / 5,748] Compiling Swift module //submodules/ImportStickerPackUI:ImportStickerPackUI; 5s disk-cache, worker ... (3 actions running)
2026-10-05T09:18:42.7747910Z [5,511 / 5,748] Compiling Swift module //submodules/GalleryUI:GalleryUI; 2s disk-cache, worker ... (3 actions running)
2026-10-05T09:18:45.7716430Z [5,513 / 5,748] Compiling Swift module //submodules/GalleryUI:GalleryUI; 5s disk-cache, worker ... (3 actions, 1 running)
2026-10-05T09:18:47.2814050Z [5,515 / 5,748] Compiling Swift module //submodules/GalleryUI:GalleryUI; 6s disk-cache, worker
2026-10-05T09:18:57.6831310Z [5,515 / 5,748] Compiling Swift module //submodules/GalleryUI:GalleryUI; 17s disk-cache, worker
2026-10-05T09:19:09.9404800Z [5,516 / 5,748] [Prepa] Linking submodules/GalleryUI/libGalleryUI.a
2026-10-05T09:19:11.7616560Z [5,517 / 5,748] Compiling Swift module //submodules/TelegramUI/Components/Chat/ChatQrCodeScreen:ChatQrCodeScreen; 1s disk-cache, worker ... (3 actions running)
2026-10-05T09:19:12.9327330Z [5,518 / 5,748] Compiling Swift module //submodules/TelegramUI/Components/Chat/ChatQrCodeScreen:ChatQrCodeScreen; 2s disk-cache, worker ... (3 actions, 2 running)
2026-10-05T09:19:14.9181060Z [5,519 / 5,748] Compiling Swift module //submodules/TelegramUI/Components/Chat/ChatQrCodeScreen:ChatQrCodeScreen; 4s disk-cache, worker ... (3 actions running)
2026-10-05T09:19:15.9389450Z [5,520 / 5,748] Compiling Swift module //submodules/TelegramUI/Components/Chat/ChatQrCodeScreen:ChatQrCodeScreen; 5s disk-cache, worker ... (3 actions running)
2026-10-05T09:19:17.0671900Z [5,521 / 5,748] Compiling Swift module //submodules/TelegramUI/Components/Chat/ChatQrCodeScreen:ChatQrCodeScreen; 7s disk-cache, worker ... (3 actions running)
2026-10-05T09:19:19.3260810Z [5,522 / 5,748] Compiling Swift module //submodules/TelegramUI/Components/Chat/ChatQrCodeScreen:ChatQrCodeScreen; 9s disk-cache, worker ... (3 actions, 2 running)
2026-10-05T09:19:20.3982800Z [5,525 / 5,748] Compiling Swift module //submodules/PeerAvatarGalleryUI:PeerAvatarGalleryUI; 7s disk-cache, worker ... (3 actions running)
2026-10-05T09:19:21.5083310Z [5,526 / 5,748] Compiling Swift module //submodules/TelegramUI/Components/Chat/ChatMessageStoryMentionContentNode:ChatMessageStoryMentionContentNode; 2s disk-cache, worker ... (3 actions running)
2026-10-05T09:19:22.5123030Z [5,528 / 5,748] Compiling Swift module //submodules/TelegramUI/Components/Settings/WallpaperGalleryScreen:WallpaperGalleryScreen; 2s disk-cache, worker ... (3 actions running)
2026-10-05T09:19:27.8428610Z [5,529 / 5,748] Compiling Swift module //submodules/TelegramUI/Components/Settings/WallpaperGalleryScreen:WallpaperGalleryScreen; 7s disk-cache, worker ... (3 actions, 2 running)
2026-10-05T09:19:28.9720230Z [5,529 / 5,748] Compiling Swift module //submodules/TelegramUI/Components/Settings/WallpaperGalleryScreen:WallpaperGalleryScreen; 8s disk-cache, worker ... (3 actions running)
2026-10-05T09:19:34.1369570Z [5,530 / 5,748] Compiling Swift module //submodules/PassportUI:PassportUI; 12s disk-cache, worker ... (3 actions, 2 running)
2026-10-05T09:19:35.4531710Z [5,533 / 5,748] Compiling Swift module //submodules/PassportUI:PassportUI; 13s disk-cache, worker ... (2 actions running)
2026-10-05T09:19:46.7638230Z [5,533 / 5,748] Compiling Swift module //submodules/PassportUI:PassportUI; 24s disk-cache, worker ... (2 actions running)
2026-10-05T09:19:48.7035030Z [5,534 / 5,748] Compiling Swift module //submodules/PassportUI:PassportUI; 26s disk-cache, worker ... (2 actions, 1 running)
2026-10-05T09:19:50.0809680Z [5,535 / 5,748] Compiling Swift module //submodules/PassportUI:PassportUI; 28s disk-cache, worker ... (3 actions running)
2026-10-05T09:19:54.6891340Z [5,536 / 5,748] Compiling Swift module //submodules/TelegramUI/Components/ChatFolderLinkPreviewScreen:ChatFolderLinkPreviewScreen; 5s disk-cache, worker ... (3 actions, 2 running)
2026-10-05T09:19:56.5856990Z [5,536 / 5,748] Compiling Swift module //submodules/TelegramUI/Components/ChatFolderLinkPreviewScreen:ChatFolderLinkPreviewScreen; 7s disk-cache, worker ... (3 actions running)
2026-10-05T09:19:58.3137630Z [5,537 / 5,748] Compiling Swift module //submodules/TelegramCallsUI:TelegramCallsUI; 9s disk-cache, worker ... (3 actions, 2 running)
2026-10-05T09:19:59.6211120Z [5,541 / 5,748] Compiling Swift module //submodules/TelegramCallsUI:TelegramCallsUI; 10s disk-cache, worker ... (2 actions running)
2026-10-05T09:20:02.2523430Z [5,542 / 5,748] Compiling Swift module //submodules/TelegramCallsUI:TelegramCallsUI; 13s disk-cache, worker ... (2 actions, 1 running)
2026-10-05T09:20:03.8319450Z [5,543 / 5,748] Compiling Swift module //submodules/TelegramCallsUI:TelegramCallsUI; 15s disk-cache, worker
2026-10-05T09:20:14.7064150Z [5,543 / 5,748] Compiling Swift module //submodules/TelegramCallsUI:TelegramCallsUI; 25s disk-cache, worker
2026-10-05T09:20:46.6923410Z [5,544 / 5,748] [Prepa] Linking submodules/TelegramCallsUI/libTelegramCallsUI.a
2026-10-05T09:20:47.9578690Z [5,545 / 5,748] Compiling Swift module //submodules/TelegramUI/Components/GlobalControlPanelsContext:GlobalControlPanelsContext; 1s disk-cache, worker ... (2 actions running)
2026-10-05T09:20:51.9751000Z [5,546 / 5,748] Compiling Swift module //submodules/TelegramUI/Components/GlobalControlPanelsContext:GlobalControlPanelsContext; 5s disk-cache, worker ... (2 actions, 1 running)
2026-10-05T09:20:53.3289800Z [5,549 / 5,748] Compiling Swift module //submodules/AttachmentUI:AttachmentUI; 1s disk-cache, worker ... (3 actions running)
2026-10-05T09:20:57.3138830Z [5,550 / 5,748] Compiling Swift module //submodules/AttachmentUI:AttachmentUI; 5s disk-cache, worker ... (3 actions, 2 running)
2026-10-05T09:20:58.7037690Z [5,553 / 5,748] Compiling Swift module //submodules/AttachmentUI:AttachmentUI; 6s disk-cache, worker ... (3 actions running)
2026-10-05T09:21:02.7280220Z [5,554 / 5,748] Compiling Swift module //submodules/AttachmentUI:AttachmentUI; 10s disk-cache, worker ... (3 actions, 2 running)
2026-10-05T09:21:04.0642910Z [5,559 / 5,748] Compiling Swift module //submodules/TelegramUI/Components/Contacts/NewContactScreen:NewContactScreen; 0s disk-cache, worker ... (3 actions running)
2026-10-05T09:21:09.4018380Z [5,560 / 5,748] Compiling Swift module //submodules/TelegramUI/Components/ChatThemeScreen:ChatThemeScreen; 5s disk-cache, worker ... (3 actions, 2 running)
2026-10-05T09:21:10.4480950Z [5,561 / 5,748] Compiling Swift module //submodules/TelegramUI/Components/ChatThemeScreen:ChatThemeScreen; 6s disk-cache, worker ... (3 actions running)
2026-10-05T09:21:11.5421480Z [5,562 / 5,748] Compiling Swift module //submodules/MediaPickerUI:MediaPickerUI; 7s disk-cache, worker ... (2 actions running)
2026-10-05T09:21:12.5883920Z [5,562 / 5,748] Compiling Swift module //submodules/MediaPickerUI:MediaPickerUI; 8s disk-cache, worker ... (3 actions running)
2026-10-05T09:21:23.8795960Z [5,562 / 5,748] Compiling Swift module //submodules/MediaPickerUI:MediaPickerUI; 20s disk-cache, worker ... (3 actions running)
2026-10-05T09:21:25.9846370Z [5,563 / 5,748] Compiling Swift module //submodules/LocationUI:LocationUI; 16s disk-cache, worker ... (3 actions, 2 running)
2026-10-05T09:21:27.6300560Z [5,563 / 5,748] Compiling Swift module //submodules/LocationUI:LocationUI; 18s disk-cache, worker ... (3 actions running)
2026-10-05T09:21:29.4129720Z [5,564 / 5,748] Compiling Swift module //submodules/LocationUI:LocationUI; 19s disk-cache, worker ... (3 actions, 2 running)
2026-10-05T09:21:30.8307430Z [5,566 / 5,748] Compiling Swift module //submodules/LocationUI:LocationUI; 21s disk-cache, worker ... (3 actions running)
2026-10-05T09:21:31.9044080Z [5,567 / 5,748] Compiling Swift module //submodules/TelegramUI/Components/Gifts/GiftViewScreen:GiftViewScreen; 20s disk-cache, worker ... (3 actions running)
2026-10-05T09:21:38.2864400Z [5,568 / 5,748] Compiling Swift module //submodules/TelegramUI/Components/Gifts/GiftViewScreen:GiftViewScreen; 26s disk-cache, worker ... (3 actions, 2 running)
2026-10-05T09:21:40.2627190Z [5,568 / 5,748] Compiling Swift module //submodules/TelegramUI/Components/Gifts/GiftViewScreen:GiftViewScreen; 28s disk-cache, worker ... (3 actions running)
2026-10-05T09:21:50.8109360Z [5,568 / 5,748] Compiling Swift module //submodules/TelegramUI/Components/Gifts/GiftViewScreen:GiftViewScreen; 39s disk-cache, worker ... (3 actions running)
2026-10-05T09:22:08.4383310Z [5,569 / 5,748] Compiling Swift module //submodules/InstantPageUI:InstantPageUI; 37s disk-cache, worker ... (3 actions, 2 running)
2026-10-05T09:22:10.3745530Z [5,569 / 5,748] Compiling Swift module //submodules/InstantPageUI:InstantPageUI; 39s disk-cache, worker ... (3 actions running)
2026-10-05T09:22:20.9706350Z [5,569 / 5,748] Compiling Swift module //submodules/InstantPageUI:InstantPageUI; 50s disk-cache, worker ... (3 actions running)
2026-10-05T09:22:22.7824410Z [5,570 / 5,748] Compiling Swift module //submodules/TelegramUI/Components/MediaEditorScreen:MediaEditorScreen; 44s disk-cache, worker ... (3 actions, 2 running)
2026-10-05T09:22:24.3829590Z [5,575 / 5,748] Compiling Swift module //submodules/TelegramUI/Components/Gifts/GiftOptionsScreen:GiftOptionsScreen; 15s disk-cache, worker ... (3 actions running)
2026-10-05T09:22:25.4542150Z [5,576 / 5,748] Compiling Swift module //submodules/TelegramUI/Components/TextProcessingScreen:TextProcessingScreen; 2s disk-cache, worker ... (3 actions running)
2026-10-05T09:22:27.2804010Z [5,577 / 5,748] Compiling Swift module //submodules/TelegramUI/Components/TextProcessingScreen:TextProcessingScreen; 4s disk-cache, worker ... (3 actions, 2 running)
2026-10-05T09:22:28.6166190Z [5,580 / 5,748] Compiling Swift module //submodules/TelegramUI/Components/TextProcessingScreen:TextProcessingScreen; 5s disk-cache, worker ... (3 actions running)
2026-10-05T09:22:33.8568110Z [5,581 / 5,748] Compiling Swift module //submodules/TelegramUI/Components/TextProcessingScreen:TextProcessingScreen; 10s disk-cache, worker ... (3 actions, 2 running)
2026-10-05T09:22:34.9364720Z [5,582 / 5,748] Compiling Swift module //submodules/TelegramUI/Components/TextProcessingScreen:TextProcessingScreen; 12s disk-cache, worker ... (3 actions, 2 running)
2026-10-05T09:22:36.3910820Z [5,583 / 5,748] Compiling Swift module //submodules/TelegramUI/Components/TextProcessingScreen:TextProcessingScreen; 13s disk-cache, worker ... (3 actions running)
2026-10-05T09:22:39.8028390Z [5,584 / 5,748] Compiling Swift module //submodules/TelegramUI/Components/TextProcessingScreen:TextProcessingScreen; 16s disk-cache, worker ... (3 actions, 2 running)
2026-10-05T09:22:41.7064350Z [5,587 / 5,748] Compiling Swift module //submodules/TelegramUI/Components/Gifts/GiftCraftScreen:GiftCraftScreen; 7s disk-cache, worker ... (3 actions running)
2026-10-05T09:22:44.4775580Z [5,588 / 5,748] Compiling Swift module //submodules/TelegramUI/Components/Gifts/GiftCraftScreen:GiftCraftScreen; 10s disk-cache, worker ... (3 actions, 2 running)
2026-10-05T09:22:45.7987830Z [5,591 / 5,748] Compiling Swift module //submodules/TelegramUI/Components/Gifts/GiftCraftScreen:GiftCraftScreen; 11s disk-cache, worker ... (2 actions running)
2026-10-05T09:22:49.0571190Z [5,592 / 5,748] Compiling Swift module //submodules/TelegramUI/Components/Stories/StoryContainerScreen:StoryContainerScreen; 8s disk-cache, worker ... (2 actions, 1 running)
2026-10-05T09:22:50.1288490Z [5,593 / 5,748] Compiling Swift module //submodules/TelegramUI/Components/Stories/StoryContainerScreen:StoryContainerScreen; 9s disk-cache, worker
2026-10-05T09:23:01.5532660Z [5,593 / 5,748] Compiling Swift module //submodules/TelegramUI/Components/Stories/StoryContainerScreen:StoryContainerScreen; 20s disk-cache, worker
2026-10-05T09:23:21.5311840Z [5,594 / 5,748] [Prepa] Linking submodules/TelegramUI/Components/Stories/StoryContainerScreen/libStoryContainerScreen.a
2026-10-05T09:23:23.5471680Z [5,595 / 5,748] Compiling Swift module //submodules/StatisticsUI:StatisticsUI; 1s disk-cache, worker ... (3 actions running)
2026-10-05T09:23:33.9044270Z [5,595 / 5,748] Compiling Swift module //submodules/StatisticsUI:StatisticsUI; 12s disk-cache, worker ... (3 actions running)
2026-10-05T09:23:36.7898540Z [5,596 / 5,748] Compiling Swift module //submodules/TelegramUI/Components/PeerInfo/PeerInfoVisualMediaPaneNode:PeerInfoVisualMediaPaneNode; 15s disk-cache, worker ... (3 actions, 2 running)
2026-10-05T09:23:38.7121980Z [5,598 / 5,748] Compiling Swift module //submodules/TelegramUI/Components/PeerInfo/PeerInfoVisualMediaPaneNode:PeerInfoVisualMediaPaneNode; 17s disk-cache, worker ... (3 actions running)
2026-10-05T09:23:41.7733130Z [5,599 / 5,748] Compiling Swift module //submodules/TelegramUI/Components/PeerInfo/PeerInfoVisualMediaPaneNode:PeerInfoVisualMediaPaneNode; 20s disk-cache, worker ... (3 actions, 2 running)
2026-10-05T09:23:42.8487160Z [5,600 / 5,748] Compiling Swift module //submodules/TelegramUI/Components/Stars/StarsTransactionsScreen:StarsTransactionsScreen; 6s disk-cache, worker ... (3 actions, 2 running)
2026-10-05T09:23:44.0703870Z [5,601 / 5,748] Compiling Swift module //submodules/TelegramUI/Components/Stars/StarsTransactionsScreen:StarsTransactionsScreen; 7s disk-cache, worker ... (3 actions running)
2026-10-05T09:23:46.7079080Z [5,602 / 5,748] Compiling Swift module //submodules/TelegramUI/Components/StorageUsageScreen:StorageUsageScreen; 4s disk-cache, worker ... (3 actions, 2 running)
2026-10-05T09:23:48.4863060Z [5,603 / 5,748] Compiling Swift module //submodules/TelegramUI/Components/StorageUsageScreen:StorageUsageScreen; 6s disk-cache, worker ... (3 actions running)
2026-10-05T09:23:49.4933930Z [5,607 / 5,748] Compiling Swift module //submodules/TelegramUI/Components/StorageUsageScreen:StorageUsageScreen; 7s disk-cache, worker ... (3 actions running)
2026-10-05T09:23:54.7143990Z [5,608 / 5,748] Compiling Swift module //submodules/TelegramUI/Components/StorageUsageScreen:StorageUsageScreen; 12s disk-cache, worker ... (3 actions, 2 running)
2026-10-05T09:23:56.0374990Z [5,608 / 5,748] Compiling Swift module //submodules/TelegramUI/Components/StorageUsageScreen:StorageUsageScreen; 14s disk-cache, worker ... (3 actions running)
2026-10-05T09:23:59.5557610Z [5,609 / 5,748] Compiling Swift module //submodules/TelegramUI/Components/StorageUsageScreen:StorageUsageScreen; 17s disk-cache, worker ... (3 actions, 2 running)
2026-10-05T09:24:01.3568990Z [5,611 / 5,748] Compiling Swift module //submodules/TelegramUI/Components/StorageUsageScreen:StorageUsageScreen; 19s disk-cache, worker ... (3 actions running)
2026-10-05T09:24:02.4539480Z [5,616 / 5,748] Compiling Swift module //submodules/ContactListUI:ContactListUI; 2s disk-cache, worker ... (3 actions running)
2026-10-05T09:24:03.5813380Z [5,618 / 5,748] Compiling Swift module //submodules/ContactListUI:ContactListUI; 3s disk-cache, worker ... (3 actions running)
2026-10-05T09:24:06.9042850Z [5,619 / 5,748] Compiling Swift module //submodules/ContactListUI:ContactListUI; 7s disk-cache, worker ... (3 actions, 2 running)
2026-10-05T09:24:08.2709540Z [5,622 / 5,748] Compiling Swift module //submodules/ContactListUI:ContactListUI; 8s disk-cache, worker ... (2 actions, 1 running)
2026-10-05T09:24:09.9794160Z [5,623 / 5,748] Compiling Swift module //submodules/ContactListUI:ContactListUI; 10s disk-cache, worker ... (3 actions running)
2026-10-05T09:24:12.8659120Z [5,624 / 5,748] Compiling Swift module //submodules/ContactListUI:ContactListUI; 13s disk-cache, worker ... (3 actions, 2 running)
2026-10-05T09:24:13.9957570Z [5,625 / 5,748] Compiling Swift module //submodules/ContactListUI:ContactListUI; 14s disk-cache, worker ... (3 actions, 2 running)
2026-10-05T09:24:15.4288210Z [5,626 / 5,748] Compiling Swift module //submodules/ContactListUI:ContactListUI; 15s disk-cache, worker ... (3 actions running)
2026-10-05T09:24:17.0183060Z [5,627 / 5,748] Compiling Swift module //submodules/ContactListUI:ContactListUI; 17s disk-cache, worker ... (3 actions, 2 running)
2026-10-05T09:24:18.0407690Z [5,630 / 5,748] Compiling Swift module //submodules/ContactListUI:ContactListUI; 18s disk-cache, worker ... (3 actions, 2 running)
2026-10-05T09:24:19.6448810Z [5,633 / 5,748] Compiling Swift module //submodules/ChatTextLinkEditUI:ChatTextLinkEditUI; 1s disk-cache, worker ... (3 actions running)
2026-10-05T09:24:20.6838540Z [5,635 / 5,748] Compiling Swift module //submodules/PeerInfoUI:PeerInfoUI; 2s disk-cache, worker ... (3 actions, 2 running)
2026-10-05T09:24:21.8945140Z [5,636 / 5,748] Compiling Swift module //submodules/PeerInfoUI:PeerInfoUI; 3s disk-cache, worker ... (3 actions running)
2026-10-05T09:24:23.0087910Z [5,638 / 5,748] Compiling Swift module //submodules/PeerInfoUI:PeerInfoUI; 4s disk-cache, worker ... (3 actions running)
2026-10-05T09:24:24.1158930Z [5,639 / 5,748] Compiling Swift module //submodules/PeerInfoUI:PeerInfoUI; 5s disk-cache, worker ... (3 actions, 2 running)
2026-10-05T09:24:25.1632210Z [5,643 / 5,748] Compiling Swift module //submodules/PeerInfoUI:PeerInfoUI; 6s disk-cache, worker ... (3 actions running)
2026-10-05T09:24:30.4100110Z [5,644 / 5,748] Compiling Swift module //submodules/PeerInfoUI:PeerInfoUI; 11s disk-cache, worker ... (3 actions, 2 running)
2026-10-05T09:24:31.5784020Z [5,645 / 5,748] Compiling Swift module //submodules/PeerInfoUI:PeerInfoUI; 12s disk-cache, worker ... (2 actions running)
2026-10-05T09:24:32.6006380Z [5,647 / 5,748] Compiling Swift module //submodules/PeerInfoUI:PeerInfoUI; 13s disk-cache, worker ... (3 actions running)
2026-10-05T09:24:37.4097900Z [5,648 / 5,748] Compiling Swift module //submodules/PeerInfoUI:PeerInfoUI; 18s disk-cache, worker ... (3 actions, 2 running)
2026-10-05T09:24:39.0882100Z [5,649 / 5,748] Compiling Swift module //submodules/PeerInfoUI:PeerInfoUI; 20s disk-cache, worker ... (2 actions running)
2026-10-05T09:24:41.2665380Z [5,650 / 5,748] Compiling Swift module //submodules/PeerInfoUI:PeerInfoUI; 22s disk-cache, worker ... (2 actions, 1 running)
2026-10-05T09:24:43.2477220Z [5,651 / 5,748] Compiling Swift module //submodules/PeerInfoUI:PeerInfoUI; 24s disk-cache, worker ... (2 actions running)
2026-10-05T09:24:47.4516530Z [5,652 / 5,748] Compiling Swift module //submodules/PeerInfoUI:PeerInfoUI; 28s disk-cache, worker ... (2 actions, 1 running)
2026-10-05T09:24:48.7216730Z [5,655 / 5,748] Compiling Swift module //submodules/ChatListUI:ChatListUI; 0s disk-cache, worker ... (2 actions running)
2026-10-05T09:24:53.9296740Z [5,656 / 5,748] Compiling Swift module //submodules/ChatListUI:ChatListUI; 5s disk-cache, worker ... (2 actions, 1 running)
2026-10-05T09:24:55.1444690Z [5,657 / 5,748] Compiling Swift module //submodules/ChatListUI:ChatListUI; 7s disk-cache, worker ... (2 actions running)
2026-10-05T09:24:57.7919950Z [5,658 / 5,748] Compiling Swift module //submodules/ChatListUI:ChatListUI; 9s disk-cache, worker ... (2 actions, 1 running)
2026-10-05T09:24:59.4296220Z [5,659 / 5,748] Compiling Swift module //submodules/ChatListUI:ChatListUI; 11s disk-cache, worker
2026-10-05T09:25:10.5922580Z [5,659 / 5,748] Compiling Swift module //submodules/ChatListUI:ChatListUI; 22s disk-cache, worker
2026-10-05T09:25:42.7166220Z [5,659 / 5,748] Compiling Swift module //submodules/ChatListUI:ChatListUI; 54s disk-cache, worker
2026-10-05T09:25:56.0530800Z [5,660 / 5,748] [Prepa] Linking submodules/ChatListUI/libChatListUI.a
2026-10-05T09:25:57.4608100Z [5,661 / 5,748] Compiling Swift module //submodules/TelegramUI/Components/Chat/ChatMessageItemView:ChatMessageItemView; 1s disk-cache, worker ... (3 actions running)
2026-10-05T09:26:01.1817580Z [5,662 / 5,748] Compiling Swift module //submodules/TelegramUI/Components/Chat/ChatMessageItemView:ChatMessageItemView; 5s disk-cache, worker ... (3 actions, 2 running)
2026-10-05T09:26:02.9535590Z [5,664 / 5,748] Compiling Swift module //submodules/TelegramUI/Components/Communities/CommunityViewScreen:CommunityViewScreen; 6s disk-cache, worker ... (3 actions running)
2026-10-05T09:26:04.1464740Z [5,665 / 5,748] Compiling Swift module //submodules/TelegramUI/Components/Communities/CommunityViewScreen:CommunityViewScreen; 7s disk-cache, worker ... (3 actions, 2 running)
2026-10-05T09:26:05.1790100Z [5,667 / 5,748] Compiling Swift module //submodules/TelegramUI/Components/Chat/ChatMessageStickerItemNode:ChatMessageStickerItemNode; 3s disk-cache, worker ... (3 actions running)
2026-10-05T09:26:06.2051690Z [5,669 / 5,748] Compiling Swift module //submodules/TelegramUI/Components/Stars/StarsTransactionScreen:StarsTransactionScreen; 2s disk-cache, worker ... (3 actions running)
2026-10-05T09:26:11.4724980Z [5,670 / 5,748] Compiling Swift module //submodules/TelegramUI/Components/Settings/AutomaticBusinessMessageSetupScreen:AutomaticBusinessMessageSetupScreen; 7s disk-cache, worker ... (3 actions, 2 running)
2026-10-05T09:26:12.6933630Z [5,672 / 5,748] Compiling Swift module //submodules/TelegramUI/Components/Settings/AutomaticBusinessMessageSetupScreen:AutomaticBusinessMessageSetupScreen; 8s disk-cache, worker ... (3 actions running)
2026-10-05T09:26:14.7139980Z [5,673 / 5,748] Compiling Swift module //submodules/TelegramUI/Components/Chat/ChatMessageAnimatedStickerItemNode:ChatMessageAnimatedStickerItemNode; 8s disk-cache, worker ... (3 actions, 2 running)
2026-10-05T09:26:16.0821390Z [5,676 / 5,748] Compiling Swift module //submodules/TelegramUI/Components/Chat/ChatInlineSearchResultsListComponent:ChatInlineSearchResultsListComponent; 4s disk-cache, worker ... (3 actions running)
2026-10-05T09:26:17.1526580Z [5,678 / 5,748] Compiling Swift module //submodules/TelegramUI/Components/PeerInfo/PeerInfoChatListPaneNode:PeerInfoChatListPaneNode; 2s disk-cache, worker ... (3 actions running)
2026-10-05T09:26:18.3016270Z [5,680 / 5,748] Compiling Swift module //submodules/TelegramUI/Components/Chat/ChatMessageRichDataBubbleContentNode:ChatMessageRichDataBubbleContentNode; 3s disk-cache, worker ... (3 actions running)
2026-10-05T09:26:19.9208280Z [5,681 / 5,748] Compiling Swift module //submodules/TelegramUI/Components/PeerSelectionController:PeerSelectionController; 2s disk-cache, worker ... (3 actions, 2 running)
2026-10-05T09:26:21.5632030Z [5,681 / 5,748] Compiling Swift module //submodules/TelegramUI/Components/PeerSelectionController:PeerSelectionController; 4s disk-cache, worker ... (3 actions running)
2026-10-05T09:26:23.7486260Z [5,682 / 5,748] Compiling Swift module //submodules/TelegramUI/Components/Settings/ThemeAccentColorScreen:ThemeAccentColorScreen; 5s disk-cache, worker ... (3 actions, 2 running)
2026-10-05T09:26:24.8319860Z [5,683 / 5,748] Compiling Swift module //submodules/TelegramUI/Components/Settings/ThemeAccentColorScreen:ThemeAccentColorScreen; 6s disk-cache, worker ... (3 actions running)
2026-10-05T09:26:25.9791280Z [5,684 / 5,748] Compiling Swift module //submodules/TelegramUI/Components/Chat/ChatMessageBubbleItemNode:ChatMessageBubbleItemNode; 6s disk-cache, worker ... (3 actions running)
2026-10-05T09:26:29.7416830Z [5,685 / 5,748] Compiling Swift module //submodules/TelegramUI/Components/Chat/ChatMessageBubbleItemNode:ChatMessageBubbleItemNode; 9s disk-cache, worker ... (3 actions, 2 running)
2026-10-05T09:26:31.3857910Z [5,686 / 5,748] Compiling Swift module //submodules/TelegramUI/Components/Chat/ChatMessageBubbleItemNode:ChatMessageBubbleItemNode; 11s disk-cache, worker ... (3 actions running)
2026-10-05T09:26:37.1202890Z [5,687 / 5,748] Compiling Swift module //submodules/TelegramUI/Components/Chat/ChatMessageBubbleItemNode:ChatMessageBubbleItemNode; 17s disk-cache, worker ... (3 actions, 2 running)
2026-10-05T09:26:38.5797140Z [5,690 / 5,748] Compiling Swift module //submodules/TelegramUI/Components/Chat/ChatMessageBubbleItemNode:ChatMessageBubbleItemNode; 18s disk-cache, worker ... (3 actions running)
2026-10-05T09:26:40.9854370Z [5,691 / 5,748] Compiling Swift module //submodules/TelegramUI/Components/Chat/ChatMessageBubbleItemNode:ChatMessageBubbleItemNode; 21s disk-cache, worker ... (3 actions, 2 running)
2026-10-05T09:26:42.9284340Z [5,694 / 5,748] Compiling Swift module //submodules/TelegramUI/Components/Chat/ChatMessageBubbleItemNode:ChatMessageBubbleItemNode; 22s disk-cache, worker ... (3 actions running)
2026-10-05T09:26:45.1692280Z [5,695 / 5,748] Compiling Swift module //submodules/TelegramUI/Components/Chat/ChatMessageBubbleItemNode:ChatMessageBubbleItemNode; 25s disk-cache, worker ... (3 actions, 2 running)
2026-10-05T09:26:46.8586230Z [5,700 / 5,748] Compiling Swift module //submodules/BrowserUI:BrowserUI; 1s disk-cache, worker ... (2 actions, 1 running)
2026-10-05T09:26:48.3286330Z [5,701 / 5,748] Compiling Swift module //submodules/BrowserUI:BrowserUI; 3s disk-cache, worker ... (2 actions running)
2026-10-05T09:26:50.9670050Z ERROR: /Users/runner/work/Telegram-iOS/Telegram-iOS/submodules/BrowserUI/BUILD:3:14: Compiling Swift module //submodules/BrowserUI:BrowserUI failed: (Exit 1): worker failed: error executing SwiftCompile command (from target //submodules/BrowserUI:BrowserUI) 
2026-10-05T09:26:50.9680240Z   (cd /private/var/tmp/_bazel_telegram_ios/29e64aec8f64c22cffe1a8ef8cee6a69/execroot/_main && \
2026-10-05T09:26:50.9680970Z   exec env - \
2026-10-05T09:26:50.9692120Z     APPLE_SDK_PLATFORM=iPhoneOS \
2026-10-05T09:26:50.9701300Z     APPLE_SDK_VERSION_OVERRIDE=26.2 \
2026-10-05T09:26:50.9736850Z     PATH=/usr/bin:/bin:/usr/sbin:/sbin \
2026-10-05T09:26:50.9737470Z     XCODE_VERSION_OVERRIDE=26.2.0.17C52 \
2026-10-05T09:26:50.9739640Z     ZERO_AR_DATE=1 \
2026-10-05T09:26:50.9742890Z   bazel-out/darwin_arm64-opt-exec-ST-d57f47055a04/bin/external/rules_swift+/tools/worker/worker swiftc @bazel-out/ios_arm64-opt-ios-arm64-min13.0-ST-57b073d392e5/bin/submodules/BrowserUI/BrowserUI.swiftmodule-0.params)
2026-10-05T09:26:50.9746340Z # Configuration: 5e026ca99ba308e36cbb4089033d11fc08a97a1ba9bf9c97ae7edb2b16392780
2026-10-05T09:26:50.9747710Z # Execution platform: @@platforms//host:host
2026-10-05T09:26:50.9750130Z submodules/BrowserUI/Sources/BrowserMarkdown.swift:2084:5: error: switch must be exhaustive
2026-10-05T09:26:50.9750860Z 2082 |         return text
2026-10-05T09:26:50.9751170Z 2083 |     }
2026-10-05T09:26:50.9760930Z 2084 |     switch text {
2026-10-05T09:26:50.9762310Z      |     |- error: switch must be exhaustive
2026-10-05T09:26:50.9762850Z      |     `- note: add missing case: '.button(text: let text, button: let button, apiData: let apiData)'
2026-10-05T09:26:50.9763470Z 2085 |     case .empty:
2026-10-05T09:26:50.9763720Z 2086 |         return .empty
2026-10-05T09:26:50.9763920Z 
2026-10-05T09:26:50.9764210Z submodules/BrowserUI/Sources/BrowserMarkdown.swift:2165:5: error: switch must be exhaustive
2026-10-05T09:26:50.9764710Z 2163 | 
2026-10-05T09:26:50.9765350Z 2164 | private func markdownHasDisplayableContent(_ richText: RichText) -> Bool {
2026-10-05T09:26:50.9765830Z 2165 |     switch richText {
2026-10-05T09:26:50.9766200Z      |     |- error: switch must be exhaustive
2026-10-05T09:26:50.9766630Z      |     `- note: add missing case: '.button(text: let text, button: let button, apiData: let apiData)'
2026-10-05T09:26:50.9767140Z 2166 |     case .empty:
2026-10-05T09:26:50.9767400Z 2167 |         return false
2026-10-05T09:26:50.9767640Z 
2026-10-05T09:26:50.9767930Z submodules/BrowserUI/Sources/BrowserMarkdown.swift:2198:5: error: switch must be exhaustive
2026-10-05T09:26:50.9768390Z 2196 | 
2026-10-05T09:26:50.9768710Z 2197 | private func markdownIsWhitespaceOnly(_ richText: RichText) -> Bool {
2026-10-05T09:26:50.9769750Z 2198 |     switch richText {
2026-10-05T09:26:50.9770140Z      |     |- error: switch must be exhaustive
2026-10-05T09:26:50.9770560Z      |     `- note: add missing case: '.button(text: let text, button: let button, apiData: let apiData)'
2026-10-05T09:26:50.9771030Z 2199 |     case .empty:
2026-10-05T09:26:50.9771230Z 2200 |         return true
2026-10-05T09:26:50.9771390Z 
2026-10-05T09:26:50.9775830Z submodules/BrowserUI/Sources/BrowserReadability.swift:369:5: error: switch must be exhaustive
2026-10-05T09:26:50.9777420Z 367 | private func trimStart(_ input: RichText) -> RichText {
2026-10-05T09:26:50.9778190Z 368 |     var text = input
2026-10-05T09:26:50.9778790Z 369 |     switch input {
2026-10-05T09:26:50.9779510Z     |     |- error: switch must be exhaustive
2026-10-05T09:26:50.9780540Z     |     `- note: add missing case: '.button(text: let text, button: let button, apiData: let apiData)'
2026-10-05T09:26:50.9781590Z 370 |     case .empty:
2026-10-05T09:26:50.9800120Z 371 |         text = .empty
2026-10-05T09:26:50.9800600Z 
2026-10-05T09:26:50.9801290Z submodules/BrowserUI/Sources/BrowserReadability.swift:417:5: error: switch must be exhaustive
2026-10-05T09:26:50.9802630Z 415 | private func trimEnd(_ input: RichText) -> RichText {
2026-10-05T09:26:50.9803390Z 416 |     var text = input
2026-10-05T09:26:50.9804200Z 417 |     switch input {
2026-10-05T09:26:50.9804900Z     |     |- error: switch must be exhaustive
2026-10-05T09:26:50.9806070Z     |     `- note: add missing case: '.button(text: let text, button: let button, apiData: let apiData)'
2026-10-05T09:26:50.9807180Z 418 |     case .empty:
2026-10-05T09:26:50.9807720Z 419 |         text = .empty
2026-10-05T09:26:50.9808150Z 
2026-10-05T09:26:50.9810860Z submodules/BrowserUI/Sources/BrowserReadability.swift:465:5: error: switch must be exhaustive
2026-10-05T09:26:50.9812310Z 463 | private func trim(_ input: RichText) -> RichText {
2026-10-05T09:26:50.9813040Z 464 |     var text = input
2026-10-05T09:26:50.9813660Z 465 |     switch input {
2026-10-05T09:26:50.9814320Z     |     |- error: switch must be exhaustive
2026-10-05T09:26:50.9815340Z     |     `- note: add missing case: '.button(text: let text, button: let button, apiData: let apiData)'
2026-10-05T09:26:50.9817730Z 466 |     case .empty:
2026-10-05T09:26:50.9818440Z 467 |         text = .empty
2026-10-05T09:26:50.9818860Z 
2026-10-05T09:26:50.9819600Z submodules/BrowserUI/Sources/BrowserReadability.swift:514:5: error: switch must be exhaustive
2026-10-05T09:26:50.9820980Z 512 | private func addNewLine(_ input: RichText) -> RichText {
2026-10-05T09:26:50.9821820Z 513 |     var text = input
2026-10-05T09:26:50.9822430Z 514 |     switch input {
2026-10-05T09:26:50.9824480Z     |     |- error: switch must be exhaustive
2026-10-05T09:26:50.9825090Z     |     `- note: add missing case: '.button(text: let text, button: let button, apiData: let apiData)'
2026-10-05T09:26:50.9825550Z 515 |     case .empty:
2026-10-05T09:26:50.9825780Z 516 |         text = .empty
2026-10-05T09:26:51.1989430Z Target //Telegram:Telegram failed to build
2026-10-05T09:26:51.4609840Z [5,703 / 5,748] checking cached actions
2026-10-05T09:26:51.5541560Z INFO: Elapsed time: 2483.106s, Critical Path: 1847.98s
2026-10-05T09:26:51.5560970Z INFO: 5703 processes: 2896 disk cache hit, 998 internal, 1187 local, 622 worker.
2026-10-05T09:26:51.5561520Z ERROR: Build did NOT complete successfully
2026-10-05T09:26:51.8981980Z Traceback (most recent call last):
2026-10-05T09:26:51.9085750Z   File "/Users/runner/work/Telegram-iOS/Telegram-iOS/build-system/Make/Make.py", line 1467, in <module>
2026-10-05T09:26:51.9087380Z     build(bazel=bazel_path, arguments=args)
2026-10-05T09:26:51.9088240Z     ~~~~~^^^^^^^^^^^^^^^^^^^^^^^^^^^^^^^^^^
2026-10-05T09:26:51.9089410Z   File "/Users/runner/work/Telegram-iOS/Telegram-iOS/build-system/Make/Make.py", line 755, in build
2026-10-05T09:26:51.9091440Z     bazel_command_line.invoke_build()
2026-10-05T09:26:51.9091940Z     ~~~~~~~~~~~~~~~~~~~~~~~~~~~~~~~^^
2026-10-05T09:26:51.9092450Z   File "/Users/runner/work/Telegram-iOS/Telegram-iOS/build-system/Make/Make.py", line 368, in invoke_build
2026-10-05T09:26:51.9093040Z     call_executable(combined_arguments)
2026-10-05T09:26:51.9093420Z     ~~~~~~~~~~~~~~~^^^^^^^^^^^^^^^^^^^^
2026-10-05T09:26:51.9094040Z   File "/Users/runner/work/Telegram-iOS/Telegram-iOS/build-system/Make/BuildEnvironment.py", line 104, in call_executable
2026-10-05T09:26:51.9095190Z     subprocess.check_call(resolved_arguments, env=resolved_env)
2026-10-05T09:26:51.9095630Z     ~~~~~~~~~~~~~~~~~~~~~^^^^^^^^^^^^^^^^^^^^^^^^^^^^^^^^^^^^^^
2026-10-05T09:26:51.9096390Z   File "/opt/homebrew/Cellar/python@3.14/3.14.7/Frameworks/Python.framework/Versions/3.14/lib/python3.14/subprocess.py", line 420, in check_call
2026-10-05T09:26:51.9097080Z     raise CalledProcessError(retcode, cmd)
2026-10-05T09:26:51.9099580Z subprocess.CalledProcessError: Command '['/Users/runner/work/Telegram-iOS/Telegram-iOS/build-input/bazel-8.4.2-darwin-arm64', '--output_user_root=/private/var/tmp/_bazel_telegram_ios', 'build', 'Telegram/Telegram', '--//Telegram:disableExtensions', '--announce_rc', '--features=swift.use_global_module_cache', '--verbose_failures', '--remote_cache_async', '--define=buildNumber=4108', '--repository_cache=/Users/runner/work/Telegram-iOS/Telegram-iOS/.telegram-bazel-repo-cache', '--experimental_repository_cache_hardlinks', '--disk_cache=/Users/runner/work/Telegram-iOS/Telegram-iOS/.telegram-bazel-cache', '-c', 'opt', '--ios_multi_cpus=arm64', '--watchos_cpus=arm64_32', '--jobs=3', '--local_cpu_resources=3']' returned non-zero exit status 1.
2026-10-05T09:26:51.9785950Z ##[error]Process completed with exit code 1.
2026-10-05T09:26:52.0179720Z ##[group]Run {
2026-10-05T09:26:52.0180030Z [36;1m{[0m
2026-10-05T09:26:52.0180410Z [36;1m  grep -E '(^| )error:' release-build.log | tail -20[0m
2026-10-05T09:26:52.0181400Z [36;1m  grep -B2 -A10 'Undefined symbols for' release-build.log | tail -50[0m
2026-10-05T09:26:52.0182090Z [36;1m  grep -E 'ld: |duplicate symbol|file was built for' release-build.log | tail -20[0m
2026-10-05T09:26:52.0182930Z [36;1m} \[0m
2026-10-05T09:26:52.0184060Z [36;1m  | while IFS= read -r line; do[0m
2026-10-05T09:26:52.0184400Z [36;1m      safe="${line//'%'/'%25'}"[0m
2026-10-05T09:26:52.0185250Z [36;1m      safe="${safe//$'\r'/'%0D'}"[0m
2026-10-05T09:26:52.0185730Z [36;1m      safe="${safe//$'\n'/'%0A'}"[0m
2026-10-05T09:26:52.0187200Z [36;1m      echo "::error title=Telegram compiler::$safe"[0m
2026-10-05T09:26:52.0188250Z [36;1m    done[0m
2026-10-05T09:26:52.2076960Z shell: /bin/bash -e {0}
2026-10-05T09:26:52.2077650Z env:
2026-10-05T09:26:52.2079120Z   BUILD_CONFIGURATION: release_arm64
2026-10-05T09:26:52.2079950Z   BAZEL_USER_ROOT: /private/var/tmp/_bazel_telegram_ios
2026-10-05T09:26:52.2081570Z   BAZEL_CACHE_DIR: /Users/runner/work/Telegram-iOS/Telegram-iOS/.telegram-bazel-cache
2026-10-05T09:26:52.2082900Z   BAZEL_REPO_CACHE: /Users/runner/work/Telegram-iOS/Telegram-iOS/.telegram-bazel-repo-cache
2026-10-05T09:26:52.2084050Z   APP_VERSION: 12.9.5
2026-10-05T09:26:52.2084580Z   BUILD_NUMBER: 4108
2026-10-05T09:26:52.2085150Z   IPA_NAME: Telegram-12.9.5-4108-sideload.ipa
2026-10-05T09:26:52.2085880Z ##[endgroup]
2026-10-05T09:26:52.4221820Z ##[error]submodules/BrowserUI/Sources/BrowserMarkdown.swift:2084:5: error: switch must be exhaustive
2026-10-05T09:26:52.4237290Z ##[error]     |     |- error: switch must be exhaustive
2026-10-05T09:26:52.4264510Z ##[error]submodules/BrowserUI/Sources/BrowserMarkdown.swift:2165:5: error: switch must be exhaustive
2026-10-05T09:26:52.4267020Z ##[error]     |     |- error: switch must be exhaustive
2026-10-05T09:26:52.4269490Z ##[error]submodules/BrowserUI/Sources/BrowserMarkdown.swift:2198:5: error: switch must be exhaustive
2026-10-05T09:26:52.4271040Z ##[error]     |     |- error: switch must be exhaustive
2026-10-05T09:26:52.4272640Z ##[error]submodules/BrowserUI/Sources/BrowserReadability.swift:369:5: error: switch must be exhaustive
2026-10-05T09:26:52.4274240Z ##[error]    |     |- error: switch must be exhaustive
2026-10-05T09:26:52.4275890Z ##[error]submodules/BrowserUI/Sources/BrowserReadability.swift:417:5: error: switch must be exhaustive
2026-10-05T09:26:52.4277280Z ##[error]    |     |- error: switch must be exhaustive
2026-10-05T09:26:52.4278800Z ##[error]submodules/BrowserUI/Sources/BrowserReadability.swift:465:5: error: switch must be exhaustive
2026-10-05T09:26:52.4280080Z ##[error]    |     |- error: switch must be exhaustive
2026-10-05T09:26:52.4281390Z ##[error]submodules/BrowserUI/Sources/BrowserReadability.swift:514:5: error: switch must be exhaustive
2026-10-05T09:26:52.4282510Z ##[error]    |     |- error: switch must be exhaustive
2026-10-05T09:26:52.4515890Z ##[error]TelegramBuild: running
2026-10-05T09:26:52.4519780Z ##[error]checking for -single_module linker flag... ld: warning: -single_module is obsolete
2026-10-05T09:26:52.4525320Z ##[error]ld: warning: ignoring duplicate libraries: '../../tdtl/libtdtl.a'
2026-10-05T09:26:52.4526930Z ##[error]ld: warning: ignoring duplicate libraries: '../../tdtl/libtdtl.a'
2026-10-05T09:26:52.4528580Z ##[error]ld: warning: -bitcode_bundle is no longer supported and will be ignored
2026-10-05T09:26:52.4532090Z ##[error]ld: warning: object file (/Users/runner/work/Telegram-iOS/Telegram-iOS/third-party/libxray/LibXray.xcframework/ios-arm64/libXray.a[2](go.o)) was built for newer 'iOS' version (15.0) than being linked (13.0)
2026-10-05T09:26:52.4535470Z ##[error]ld: warning: object file (/Users/runner/work/Telegram-iOS/Telegram-iOS/third-party/libxray/LibXray.xcframework/ios-arm64/libXray.a[3](000000.o)) was built for newer 'iOS' version (15.0) than being linked (13.0)
2026-10-05T09:26:52.4539220Z ##[error]ld: warning: object file (/Users/runner/work/Telegram-iOS/Telegram-iOS/third-party/libxray/LibXray.xcframework/ios-arm64/libXray.a[4](000001.o)) was built for newer 'iOS' version (15.0) than being linked (13.0)
2026-10-05T09:26:52.4541620Z ##[error]ld: warning: object file (/Users/runner/work/Telegram-iOS/Telegram-iOS/third-party/libxray/LibXray.xcframework/ios-arm64/libXray.a[7](000004.o)) was built for newer 'iOS' version (15.0) than being linked (13.0)
2026-10-05T09:26:52.4543830Z ##[error]ld: warning: object file (/Users/runner/work/Telegram-iOS/Telegram-iOS/third-party/libxray/LibXray.xcframework/ios-arm64/libXray.a[8](000005.o)) was built for newer 'iOS' version (15.0) than being linked (13.0)
2026-10-05T09:26:52.4546030Z ##[error]ld: warning: object file (/Users/runner/work/Telegram-iOS/Telegram-iOS/third-party/libxray/LibXray.xcframework/ios-arm64/libXray.a[9](000006.o)) was built for newer 'iOS' version (15.0) than being linked (13.0)
2026-10-05T09:26:52.4548320Z ##[error]ld: warning: object file (/Users/runner/work/Telegram-iOS/Telegram-iOS/third-party/libxray/LibXray.xcframework/ios-arm64/libXray.a[10](000007.o)) was built for newer 'iOS' version (15.0) than being linked (13.0)
2026-10-05T09:26:52.4550900Z ##[error]ld: warning: object file (/Users/runner/work/Telegram-iOS/Telegram-iOS/third-party/libxray/LibXray.xcframework/ios-arm64/libXray.a[11](000008.o)) was built for newer 'iOS' version (15.0) than being linked (13.0)
2026-10-05T09:26:52.4553220Z ##[error]ld: warning: object file (/Users/runner/work/Telegram-iOS/Telegram-iOS/third-party/libxray/LibXray.xcframework/ios-arm64/libXray.a[13](000010.o)) was built for newer 'iOS' version (15.0) than being linked (13.0)
2026-10-05T09:26:52.4555440Z ##[error]ld: warning: object file (/Users/runner/work/Telegram-iOS/Telegram-iOS/third-party/libxray/LibXray.xcframework/ios-arm64/libXray.a[14](000011.o)) was built for newer 'iOS' version (15.0) than being linked (13.0)
2026-10-05T09:26:52.4557640Z ##[error]ld: warning: object file (/Users/runner/work/Telegram-iOS/Telegram-iOS/third-party/libxray/LibXray.xcframework/ios-arm64/libXray.a[15](000012.o)) was built for newer 'iOS' version (15.0) than being linked (13.0)
2026-10-05T09:26:52.4712910Z ##[group]Run actions/upload-artifact@v5
2026-10-05T09:26:52.4713130Z with:
2026-10-05T09:26:52.4713280Z   name: Telegram-12.9.5-4108-sideload
2026-10-05T09:26:52.4713540Z   path: artifacts/Telegram-12.9.5-4108-sideload.ipa
2026-10-05T09:26:52.4713810Z   if-no-files-found: ignore
2026-10-05T09:26:52.4713980Z   retention-days: 14
2026-10-05T09:26:52.4714130Z   compression-level: 6
2026-10-05T09:26:52.4714290Z   overwrite: false
2026-10-05T09:26:52.4714460Z   include-hidden-files: false
2026-10-05T09:26:52.4714640Z env:
2026-10-05T09:26:52.4714810Z   BUILD_CONFIGURATION: release_arm64
2026-10-05T09:26:52.4715580Z   BAZEL_USER_ROOT: /private/var/tmp/_bazel_telegram_ios
2026-10-05T09:26:52.4715960Z   BAZEL_CACHE_DIR: /Users/runner/work/Telegram-iOS/Telegram-iOS/.telegram-bazel-cache
2026-10-05T09:26:52.4716490Z   BAZEL_REPO_CACHE: /Users/runner/work/Telegram-iOS/Telegram-iOS/.telegram-bazel-repo-cache
2026-10-05T09:26:52.4716870Z   APP_VERSION: 12.9.5
2026-10-05T09:26:52.4717110Z   BUILD_NUMBER: 4108
2026-10-05T09:26:52.4717320Z   IPA_NAME: Telegram-12.9.5-4108-sideload.ipa
2026-10-05T09:26:52.4717540Z ##[endgroup]
2026-10-05T09:26:53.2147870Z (node:93361) [DEP0040] DeprecationWarning: The `punycode` module is deprecated. Please use a userland alternative instead.
2026-10-05T09:26:53.2151150Z (Use `node --trace-deprecation ...` to show where the warning was created)
2026-10-05T09:26:53.2166810Z No files were found with the provided path: artifacts/Telegram-12.9.5-4108-sideload.ipa. No artifacts will be uploaded.
2026-10-05T09:26:53.2397480Z Post job cleanup.
2026-10-05T09:26:53.3719340Z [command]/opt/homebrew/bin/git version
2026-10-05T09:26:53.4229750Z git version 2.55.0
2026-10-05T09:26:53.4256320Z Copying '/Users/runner/.gitconfig' to '/Users/runner/work/_temp/f8ce287f-2c03-4513-8af8-7b361cd4c540/.gitconfig'
2026-10-05T09:26:53.4272520Z Temporarily overriding HOME='/Users/runner/work/_temp/f8ce287f-2c03-4513-8af8-7b361cd4c540' before making global git config changes
2026-10-05T09:26:53.4274720Z Adding repository directory to the temporary git global config as a safe directory
2026-10-05T09:26:53.4282190Z [command]/opt/homebrew/bin/git config --global --add safe.directory /Users/runner/work/Telegram-iOS/Telegram-iOS
2026-10-05T09:26:53.4462610Z [command]/opt/homebrew/bin/git config --local --name-only --get-regexp core\.sshCommand
2026-10-05T09:26:53.4587950Z [command]/opt/homebrew/bin/git submodule foreach --recursive sh -c "git config --local --name-only --get-regexp 'core\.sshCommand' && git config --local --unset-all 'core.sshCommand' || :"
2026-10-05T09:26:53.6251860Z Entering 'build-system/bazel-rules/apple_support'
2026-10-05T09:26:53.6650000Z Entering 'build-system/bazel-rules/rules_apple'
2026-10-05T09:26:53.7030410Z Entering 'build-system/bazel-rules/rules_swift'
2026-10-05T09:26:53.7406190Z Entering 'build-system/bazel-rules/rules_xcodeproj'
2026-10-05T09:26:53.7733460Z Entering 'build-system/bazel-rules/sourcekit-bazel-bsp'
2026-10-05T09:26:53.8848650Z Entering 'submodules/LottieCpp/lottiecpp'
2026-10-05T09:26:53.9355980Z Entering 'submodules/TgVoipWebrtc/tgcalls'
2026-10-05T09:26:53.9761520Z Entering 'submodules/rlottie/rlottie'
2026-10-05T09:26:54.0264530Z Entering 'third-party/XcodeGen'
2026-10-05T09:26:54.0667590Z Entering 'third-party/dav1d/dav1d'
2026-10-05T09:26:54.1171830Z Entering 'third-party/libvpx/libvpx'
2026-10-05T09:26:54.1681680Z Entering 'third-party/td/td'
2026-10-05T09:26:54.2143880Z Entering 'third-party/webrtc/webrtc'
2026-10-05T09:26:54.2585690Z [command]/opt/homebrew/bin/git config --local --name-only --get-regexp http\.https\:\/\/github\.com\/\.extraheader
2026-10-05T09:26:54.2592000Z http.https://github.com/.extraheader
2026-10-05T09:26:54.2702370Z [command]/opt/homebrew/bin/git config --local --unset-all http.https://github.com/.extraheader
2026-10-05T09:26:54.2796860Z [command]/opt/homebrew/bin/git submodule foreach --recursive sh -c "git config --local --name-only --get-regexp 'http\.https\:\/\/github\.com\/\.extraheader' && git config --local --unset-all 'http.https://github.com/.extraheader' || :"
2026-10-05T09:26:54.4559620Z Entering 'build-system/bazel-rules/apple_support'
2026-10-05T09:26:54.5089850Z Entering 'build-system/bazel-rules/rules_apple'
2026-10-05T09:26:54.5570490Z Entering 'build-system/bazel-rules/rules_swift'
2026-10-05T09:26:54.5929600Z Entering 'build-system/bazel-rules/rules_xcodeproj'
2026-10-05T09:26:54.6349120Z Entering 'build-system/bazel-rules/sourcekit-bazel-bsp'
2026-10-05T09:26:54.6834890Z Entering 'submodules/LottieCpp/lottiecpp'
2026-10-05T09:26:54.7245880Z Entering 'submodules/TgVoipWebrtc/tgcalls'
2026-10-05T09:26:54.7651740Z Entering 'submodules/rlottie/rlottie'
2026-10-05T09:26:54.8042700Z Entering 'third-party/XcodeGen'
2026-10-05T09:26:54.8373400Z Entering 'third-party/dav1d/dav1d'
2026-10-05T09:26:54.8627700Z Entering 'third-party/libvpx/libvpx'
2026-10-05T09:26:54.8995340Z Entering 'third-party/td/td'
2026-10-05T09:26:54.9330300Z Entering 'third-party/webrtc/webrtc'
2026-10-05T09:26:54.9655410Z [command]/opt/homebrew/bin/git config --local --name-only --get-regexp ^includeIf\.gitdir:
2026-10-05T09:26:54.9797070Z [command]/opt/homebrew/bin/git submodule foreach --recursive git config --local --show-origin --name-only --get-regexp remote.origin.url
2026-10-05T09:26:55.1264950Z Entering 'build-system/bazel-rules/apple_support'
2026-10-05T09:26:55.1464760Z file:/Users/runner/work/Telegram-iOS/Telegram-iOS/.git/modules/build-system/bazel-rules/apple_support/config	remote.origin.url
2026-10-05T09:26:55.1565340Z Entering 'build-system/bazel-rules/rules_apple'
2026-10-05T09:26:55.1710080Z file:/Users/runner/work/Telegram-iOS/Telegram-iOS/.git/modules/build-system/bazel-rules/rules_apple/config	remote.origin.url
2026-10-05T09:26:55.1793820Z Entering 'build-system/bazel-rules/rules_swift'
2026-10-05T09:26:55.1989260Z file:/Users/runner/work/Telegram-iOS/Telegram-iOS/.git/modules/build-system/bazel-rules/rules_swift/config	remote.origin.url
2026-10-05T09:26:55.2097660Z Entering 'build-system/bazel-rules/rules_xcodeproj'
2026-10-05T09:26:55.2258580Z file:/Users/runner/work/Telegram-iOS/Telegram-iOS/.git/modules/build-system/bazel-rules/rules_xcodeproj/config	remote.origin.url
2026-10-05T09:26:55.2347710Z Entering 'build-system/bazel-rules/sourcekit-bazel-bsp'
2026-10-05T09:26:55.2554500Z file:/Users/runner/work/Telegram-iOS/Telegram-iOS/.git/modules/build-system/bazel-rules/sourcekit-bazel-bsp/config	remote.origin.url
2026-10-05T09:26:55.2659750Z Entering 'submodules/LottieCpp/lottiecpp'
2026-10-05T09:26:55.2797750Z file:/Users/runner/work/Telegram-iOS/Telegram-iOS/.git/modules/submodules/LottieCpp/lottiecpp/config	remote.origin.url
2026-10-05T09:26:55.2916780Z Entering 'submodules/TgVoipWebrtc/tgcalls'
2026-10-05T09:26:55.3101350Z file:/Users/runner/work/Telegram-iOS/Telegram-iOS/.git/modules/submodules/TgVoipWebrtc/tgcalls/config	remote.origin.url
2026-10-05T09:26:55.3215560Z Entering 'submodules/rlottie/rlottie'
2026-10-05T09:26:55.3339610Z file:/Users/runner/work/Telegram-iOS/Telegram-iOS/.git/modules/submodules/rlottie/rlottie/config	remote.origin.url
2026-10-05T09:26:55.3479640Z Entering 'third-party/XcodeGen'
2026-10-05T09:26:55.3627200Z file:/Users/runner/work/Telegram-iOS/Telegram-iOS/.git/modules/third-party/XcodeGen/config	remote.origin.url
2026-10-05T09:26:55.3717160Z Entering 'third-party/dav1d/dav1d'
2026-10-05T09:26:55.3855480Z file:/Users/runner/work/Telegram-iOS/Telegram-iOS/.git/modules/third-party/dav1d/dav1d/config	remote.origin.url
2026-10-05T09:26:55.3956660Z Entering 'third-party/libvpx/libvpx'
2026-10-05T09:26:55.4095160Z file:/Users/runner/work/Telegram-iOS/Telegram-iOS/.git/modules/third-party/libvpx/libvpx/config	remote.origin.url
2026-10-05T09:26:55.4213600Z Entering 'third-party/td/td'
2026-10-05T09:26:55.4372810Z file:/Users/runner/work/Telegram-iOS/Telegram-iOS/.git/modules/third-party/td/td/config	remote.origin.url
2026-10-05T09:26:55.4457850Z Entering 'third-party/webrtc/webrtc'
2026-10-05T09:26:55.4603020Z file:/Users/runner/work/Telegram-iOS/Telegram-iOS/.git/modules/third-party/webrtc/webrtc/config	remote.origin.url
2026-10-05T09:26:55.4733940Z [command]/opt/homebrew/bin/git config --file /Users/runner/work/Telegram-iOS/Telegram-iOS/.git/modules/build-system/bazel-rules/apple_support/config --name-only --get-regexp ^includeIf\.gitdir:
2026-10-05T09:26:55.4823570Z [command]/opt/homebrew/bin/git config --file /Users/runner/work/Telegram-iOS/Telegram-iOS/.git/modules/build-system/bazel-rules/rules_apple/config --name-only --get-regexp ^includeIf\.gitdir:
2026-10-05T09:26:55.4915500Z [command]/opt/homebrew/bin/git config --file /Users/runner/work/Telegram-iOS/Telegram-iOS/.git/modules/build-system/bazel-rules/rules_swift/config --name-only --get-regexp ^includeIf\.gitdir:
2026-10-05T09:26:55.5012100Z [command]/opt/homebrew/bin/git config --file /Users/runner/work/Telegram-iOS/Telegram-iOS/.git/modules/build-system/bazel-rules/rules_xcodeproj/config --name-only --get-regexp ^includeIf\.gitdir:
2026-10-05T09:26:55.5094570Z [command]/opt/homebrew/bin/git config --file /Users/runner/work/Telegram-iOS/Telegram-iOS/.git/modules/build-system/bazel-rules/sourcekit-bazel-bsp/config --name-only --get-regexp ^includeIf\.gitdir:
2026-10-05T09:26:55.5175180Z [command]/opt/homebrew/bin/git config --file /Users/runner/work/Telegram-iOS/Telegram-iOS/.git/modules/submodules/LottieCpp/lottiecpp/config --name-only --get-regexp ^includeIf\.gitdir:
2026-10-05T09:26:55.5282340Z [command]/opt/homebrew/bin/git config --file /Users/runner/work/Telegram-iOS/Telegram-iOS/.git/modules/submodules/TgVoipWebrtc/tgcalls/config --name-only --get-regexp ^includeIf\.gitdir:
2026-10-05T09:26:55.5425540Z [command]/opt/homebrew/bin/git config --file /Users/runner/work/Telegram-iOS/Telegram-iOS/.git/modules/submodules/rlottie/rlottie/config --name-only --get-regexp ^includeIf\.gitdir:
2026-10-05T09:26:55.5512960Z [command]/opt/homebrew/bin/git config --file /Users/runner/work/Telegram-iOS/Telegram-iOS/.git/modules/third-party/XcodeGen/config --name-only --get-regexp ^includeIf\.gitdir:
2026-10-05T09:26:55.5611690Z [command]/opt/homebrew/bin/git config --file /Users/runner/work/Telegram-iOS/Telegram-iOS/.git/modules/third-party/dav1d/dav1d/config --name-only --get-regexp ^includeIf\.gitdir:
2026-10-05T09:26:55.5749200Z [command]/opt/homebrew/bin/git config --file /Users/runner/work/Telegram-iOS/Telegram-iOS/.git/modules/third-party/libvpx/libvpx/config --name-only --get-regexp ^includeIf\.gitdir:
2026-10-05T09:26:55.5837740Z [command]/opt/homebrew/bin/git config --file /Users/runner/work/Telegram-iOS/Telegram-iOS/.git/modules/third-party/td/td/config --name-only --get-regexp ^includeIf\.gitdir:
2026-10-05T09:26:55.5962000Z [command]/opt/homebrew/bin/git config --file /Users/runner/work/Telegram-iOS/Telegram-iOS/.git/modules/third-party/webrtc/webrtc/config --name-only --get-regexp ^includeIf\.gitdir:
2026-10-05T09:26:55.6229370Z Cleaning up orphan processes
2026-10-05T09:26:58.7258950Z Terminate orphan process: pid (3701) (java)
2026-10-05T09:27:01.6171670Z ##[warning]Node.js 20 is deprecated. The following actions target Node.js 20 but are being forced to run on Node.js 24: actions/cache@v4, actions/upload-artifact@v5. For more information see: https://github.blog/changelog/2025-09-19-deprecation-of-node-20-on-github-actions-runners/
